{
    "data":{
        "-30":7466.6665039062,
        "-29":6439.4287109375,
        "-28":6854.2856445312,
        "-27":6840.23828125,
        "-26":5932.4287109375,
        "-25":7779.3334960938,
        "-24":6596.4287109375,
        "-23":6187.8095703125,
        "-22":6900.0478515625,
        "-21":6959.0,
        "-20":6674.7143554688,
        "-19":7372.0478515625,
        "-18":6609.9521484375,
        "-17":6361.9047851562,
        "-16":6643.4287109375,
        "-15":6193.619140625,
        "-14":7035.8095703125,
        "-13":6663.7143554688,
        "-12":6304.0478515625,
        "-11":6716.1904296875,
        "-10":7368.1430664062,
        "-9":6754.76171875,
        "-8":6681.6665039062,
        "-7":7087.1904296875,
        "-6":7202.7143554688,
        "-5":6913.380859375,
        "-4":6881.619140625,
        "-3":7445.6665039062,
        "-2":6578.4287109375,
        "-1":6928.6665039062,
        "0":6999.619140625,
        "1":6817.8095703125,
        "2":7445.23828125,
        "3":6568.6665039062,
        "4":6314.9047851562,
        "5":6546.1904296875,
        "6":6602.76171875,
        "7":6773.0478515625,
        "8":7104.7143554688,
        "9":6376.0952148438,
        "10":6219.0478515625,
        "11":6813.8095703125,
        "12":6332.3334960938,
        "13":6955.8569335938,
        "14":7290.5712890625,
        "15":6260.4760742188,
        "16":6630.9047851562,
        "17":7611.0478515625,
        "18":6477.4287109375,
        "19":6854.76171875,
        "20":7010.380859375,
        "21":6421.5712890625,
        "22":7218.4287109375,
        "23":6166.8095703125,
        "24":6970.23828125,
        "25":6994.380859375,
        "26":6763.2856445312,
        "27":7564.3334960938,
        "28":7175.1430664062,
        "29":7069.4287109375,
        "30":7036.6665039062,
        "31":6876.9047851562,
        "32":6885.76171875,
        "33":7412.7143554688,
        "34":7605.9047851562,
        "35":7845.8095703125,
        "36":7698.5239257812,
        "37":5852.6665039062,
        "38":6534.4287109375,
        "39":7454.76171875,
        "40":6541.5239257812,
        "41":7110.4760742188,
        "42":6571.9521484375,
        "43":6779.8569335938,
        "44":6971.0,
        "45":7410.5239257812,
        "46":7077.4287109375,
        "47":7014.5239257812,
        "48":6690.9047851562,
        "49":6619.4287109375
    },
    "std":{
        "-30":476.6585998535,
        "-29":543.2939453125,
        "-28":603.1907958984,
        "-27":816.850402832,
        "-26":506.4828491211,
        "-25":727.1953125,
        "-24":409.3413085938,
        "-23":650.9850463867,
        "-22":681.7109985352,
        "-21":493.3818359375,
        "-20":607.8004150391,
        "-19":547.6663208008,
        "-18":593.0290527344,
        "-17":511.9209289551,
        "-16":524.7818603516,
        "-15":413.3053588867,
        "-14":680.6956176758,
        "-13":555.1881103516,
        "-12":542.6333007812,
        "-11":475.924621582,
        "-10":641.6948852539,
        "-9":544.6806030273,
        "-8":559.1140136719,
        "-7":587.5563354492,
        "-6":561.1748657227,
        "-5":605.4045410156,
        "-4":581.7105712891,
        "-3":686.1422729492,
        "-2":533.9315795898,
        "-1":576.6366577148,
        "0":751.3441772461,
        "1":540.7951660156,
        "2":715.856262207,
        "3":580.5208129883,
        "4":525.0496826172,
        "5":602.4488525391,
        "6":509.1666259766,
        "7":525.4762573242,
        "8":626.9185180664,
        "9":540.5720214844,
        "10":429.5159301758,
        "11":478.8203430176,
        "12":528.4451904297,
        "13":568.3380126953,
        "14":668.1790161133,
        "15":414.749206543,
        "16":451.0820617676,
        "17":534.3165893555,
        "18":633.1599121094,
        "19":532.6086425781,
        "20":658.041015625,
        "21":594.0583496094,
        "22":650.0988769531,
        "23":578.8525390625,
        "24":609.4107666016,
        "25":716.7931518555,
        "26":540.6426391602,
        "27":751.3197631836,
        "28":582.1810302734,
        "29":716.4061889648,
        "30":608.4805908203,
        "31":518.5772705078,
        "32":591.3106689453,
        "33":707.9662475586,
        "34":803.087890625,
        "35":917.1423950195,
        "36":605.3491210938,
        "37":543.2599487305,
        "38":567.8685913086,
        "39":537.3424682617,
        "40":641.0377197266,
        "41":563.8596191406,
        "42":716.6977539062,
        "43":712.9645996094,
        "44":653.4169311523,
        "45":687.1360473633,
        "46":648.2993164062,
        "47":540.779296875,
        "48":515.2460327148,
        "49":606.313293457
    }
}