{
    "data":{
        "-30":5900.8764648438,
        "-29":5470.814453125,
        "-28":5399.01953125,
        "-27":5858.45703125,
        "-26":5724.5419921875,
        "-25":5850.2836914062,
        "-24":5503.6245117188,
        "-23":5512.6474609375,
        "-22":5226.8540039062,
        "-21":5207.5952148438,
        "-20":5508.2631835938,
        "-19":5811.015625,
        "-18":5150.1923828125,
        "-17":5797.9228515625,
        "-16":5385.1977539062,
        "-15":5751.0659179688,
        "-14":5482.7153320312,
        "-13":5377.0522460938,
        "-12":5324.9643554688,
        "-11":5730.2211914062,
        "-10":5901.3759765625,
        "-9":5688.9262695312,
        "-8":5610.2827148438,
        "-7":5475.2836914062,
        "-6":5466.0229492188,
        "-5":5459.4116210938,
        "-4":5643.5087890625,
        "-3":5829.8349609375,
        "-2":5787.5922851562,
        "-1":5952.6987304688,
        "0":5944.8427734375,
        "1":6008.486328125,
        "2":5566.4663085938,
        "3":5523.3715820312,
        "4":5763.0678710938,
        "5":5689.603515625,
        "6":5801.6806640625,
        "7":5544.12890625,
        "8":5741.0805664062,
        "9":5533.7626953125,
        "10":5573.3037109375,
        "11":5681.630859375,
        "12":5816.3627929688,
        "13":5760.6977539062,
        "14":5394.0,
        "15":5624.3110351562,
        "16":5795.0942382812,
        "17":5704.4711914062,
        "18":5592.4897460938,
        "19":5223.5322265625,
        "20":5347.7255859375,
        "21":5297.21875,
        "22":5685.69140625,
        "23":5751.8764648438,
        "24":5704.7690429688,
        "25":5533.3686523438,
        "26":5539.6181640625,
        "27":5931.1572265625,
        "28":5270.5034179688,
        "29":5524.7631835938,
        "30":5518.3872070312,
        "31":5843.9350585938,
        "32":5328.1259765625,
        "33":5758.7065429688,
        "34":5218.1572265625,
        "35":5183.8012695312,
        "36":5412.2241210938,
        "37":5449.8515625,
        "38":5875.1772460938,
        "39":5308.7319335938,
        "40":5705.7001953125,
        "41":5927.3930664062,
        "42":5920.9916992188,
        "43":5592.38671875,
        "44":5606.9897460938,
        "45":5426.08203125,
        "46":5695.6962890625,
        "47":5585.0146484375,
        "48":5332.2241210938,
        "49":5557.337890625
    },
    "std":{
        "-30":309.2279968262,
        "-29":250.4503631592,
        "-28":276.474029541,
        "-27":291.9586181641,
        "-26":261.1221008301,
        "-25":239.0469818115,
        "-24":309.9581604004,
        "-23":380.6420593262,
        "-22":270.9565124512,
        "-21":269.6597290039,
        "-20":301.1946105957,
        "-19":277.7096862793,
        "-18":309.8873901367,
        "-17":307.4589233398,
        "-16":209.3981323242,
        "-15":312.149017334,
        "-14":267.8102416992,
        "-13":236.6359405518,
        "-12":273.8803100586,
        "-11":320.6414489746,
        "-10":274.9155883789,
        "-9":279.8943481445,
        "-8":307.2729187012,
        "-7":278.9481811523,
        "-6":265.0922241211,
        "-5":240.9485015869,
        "-4":250.0589141846,
        "-3":312.0536499023,
        "-2":220.6009674072,
        "-1":311.6374206543,
        "0":206.376083374,
        "1":277.5528869629,
        "2":215.3213043213,
        "3":276.0729675293,
        "4":339.5000915527,
        "5":205.0879821777,
        "6":219.8258056641,
        "7":231.0947723389,
        "8":190.2413635254,
        "9":257.6430969238,
        "10":273.4389038086,
        "11":280.8240661621,
        "12":236.6006317139,
        "13":233.0475311279,
        "14":285.9600524902,
        "15":252.1639556885,
        "16":257.0516662598,
        "17":254.5184326172,
        "18":222.5557861328,
        "19":231.5938568115,
        "20":260.842956543,
        "21":196.52293396,
        "22":301.2598571777,
        "23":228.0427246094,
        "24":263.223449707,
        "25":257.811706543,
        "26":199.6563720703,
        "27":190.6683502197,
        "28":264.3277893066,
        "29":230.2563171387,
        "30":217.7474822998,
        "31":291.6045227051,
        "32":205.3965148926,
        "33":331.2016601562,
        "34":219.3902130127,
        "35":276.571685791,
        "36":235.7266693115,
        "37":171.1969451904,
        "38":148.8302307129,
        "39":249.4102020264,
        "40":244.6937713623,
        "41":363.0988464355,
        "42":307.0749816895,
        "43":266.2562255859,
        "44":350.9565124512,
        "45":290.3301696777,
        "46":242.1034545898,
        "47":250.0530853271,
        "48":278.8086853027,
        "49":305.8194885254
    }
}