{
    "data":{
        "-30":7568.3540039062,
        "-29":7533.2998046875,
        "-28":7660.5595703125,
        "-27":7695.4306640625,
        "-26":7594.3974609375,
        "-25":7680.8354492188,
        "-24":7705.775390625,
        "-23":7462.2514648438,
        "-22":7786.828125,
        "-21":7767.994140625,
        "-20":8097.2114257812,
        "-19":7983.2231445312,
        "-18":7623.8852539062,
        "-17":7826.8149414062,
        "-16":7550.8056640625,
        "-15":7820.5102539062,
        "-14":7715.9672851562,
        "-13":7911.7041015625,
        "-12":7507.453125,
        "-11":7659.1762695312,
        "-10":7656.4521484375,
        "-9":7536.8354492188,
        "-8":7587.1977539062,
        "-7":7432.7368164062,
        "-6":7647.2241210938,
        "-5":7655.0229492188,
        "-4":7920.1733398438,
        "-3":7839.6176757812,
        "-2":7618.8071289062,
        "-1":7467.5009765625,
        "0":7780.0458984375,
        "1":7547.1069335938,
        "2":7708.5522460938,
        "3":7699.58984375,
        "4":7891.1450195312,
        "5":7557.7333984375,
        "6":7665.2333984375,
        "7":7772.875,
        "8":7672.1533203125,
        "9":7734.4350585938,
        "10":7895.7197265625,
        "11":7844.5966796875,
        "12":7708.037109375,
        "13":7863.494140625,
        "14":7864.8310546875,
        "15":7758.9619140625,
        "16":7348.1494140625,
        "17":7251.6821289062,
        "18":7691.9462890625,
        "19":7680.4741210938,
        "20":7787.4501953125,
        "21":7809.5869140625,
        "22":7679.6147460938,
        "23":7444.083984375,
        "24":7524.8168945312,
        "25":7568.3618164062,
        "26":7404.2836914062,
        "27":7769.3041992188,
        "28":7536.2666015625,
        "29":7596.5297851562,
        "30":7347.4477539062,
        "31":7623.0029296875,
        "32":7604.390625,
        "33":7319.9165039062,
        "34":7478.083984375,
        "35":7495.5385742188,
        "36":7511.1333007812,
        "37":7437.6850585938,
        "38":7464.078125,
        "39":7463.9956054688,
        "40":7375.6977539062,
        "41":7518.8447265625,
        "42":7515.6918945312,
        "43":7217.2993164062,
        "44":7313.2983398438,
        "45":7849.5498046875,
        "46":7463.849609375,
        "47":7320.20703125,
        "48":7106.9833984375,
        "49":7330.2133789062
    },
    "std":{
        "-30":578.0609741211,
        "-29":574.842590332,
        "-28":578.7084960938,
        "-27":552.0669555664,
        "-26":493.3175048828,
        "-25":475.6113586426,
        "-24":530.1149902344,
        "-23":514.0172119141,
        "-22":550.9080200195,
        "-21":501.2985229492,
        "-20":529.8164672852,
        "-19":533.7830810547,
        "-18":519.0820922852,
        "-17":539.4039916992,
        "-16":505.4300842285,
        "-15":516.0299682617,
        "-14":528.7240600586,
        "-13":526.6234741211,
        "-12":514.0310668945,
        "-11":474.2922973633,
        "-10":480.0768432617,
        "-9":454.0388183594,
        "-8":486.0367126465,
        "-7":516.4362182617,
        "-6":540.0577392578,
        "-5":534.0626831055,
        "-4":528.5888061523,
        "-3":494.9447021484,
        "-2":585.03125,
        "-1":555.1929321289,
        "0":526.9572753906,
        "1":523.5470581055,
        "2":503.0913085938,
        "3":604.9445800781,
        "4":569.2183837891,
        "5":539.7549438477,
        "6":597.3527832031,
        "7":530.6861572266,
        "8":491.8649902344,
        "9":566.0215454102,
        "10":544.9841918945,
        "11":536.0880737305,
        "12":520.6864013672,
        "13":505.7507324219,
        "14":550.0863647461,
        "15":478.5208129883,
        "16":527.3455200195,
        "17":567.7479858398,
        "18":517.8108520508,
        "19":519.8433837891,
        "20":511.6978149414,
        "21":506.3961181641,
        "22":504.2823486328,
        "23":477.0699157715,
        "24":599.7686157227,
        "25":581.6749267578,
        "26":509.9357299805,
        "27":503.3059692383,
        "28":525.5369262695,
        "29":602.3133544922,
        "30":480.6516418457,
        "31":576.3123779297,
        "32":550.007019043,
        "33":562.4374389648,
        "34":582.9295654297,
        "35":523.7828369141,
        "36":504.525390625,
        "37":513.4479980469,
        "38":566.5540771484,
        "39":509.3772277832,
        "40":451.5877990723,
        "41":496.3405761719,
        "42":474.843170166,
        "43":477.0171508789,
        "44":430.2796020508,
        "45":494.5949401855,
        "46":558.7772827148,
        "47":552.0685424805,
        "48":541.1547241211,
        "49":544.6408081055
    }
}