{
    "data":{
        "-30":6924.9604492188,
        "-29":6672.130859375,
        "-28":6783.9799804688,
        "-27":6452.5869140625,
        "-26":6614.3466796875,
        "-25":6844.2939453125,
        "-24":6583.2509765625,
        "-23":6683.7333984375,
        "-22":6718.3564453125,
        "-21":6958.4052734375,
        "-20":6787.4873046875,
        "-19":6497.3481445312,
        "-18":6471.5009765625,
        "-17":6695.130859375,
        "-16":6570.2045898438,
        "-15":6199.1088867188,
        "-14":6207.9360351562,
        "-13":6667.8793945312,
        "-12":6558.5908203125,
        "-11":6502.7670898438,
        "-10":6554.865234375,
        "-9":6385.3793945312,
        "-8":6209.1518554688,
        "-7":6319.3100585938,
        "-6":6070.3818359375,
        "-5":5892.4189453125,
        "-4":6393.1206054688,
        "-3":6080.7553710938,
        "-2":6150.0185546875,
        "-1":5956.3134765625,
        "0":5870.8818359375,
        "1":5715.318359375,
        "2":6079.9365234375,
        "3":5748.51171875,
        "4":5837.7299804688,
        "5":5918.63671875,
        "6":5804.8149414062,
        "7":6131.3012695312,
        "8":5977.5268554688,
        "9":5832.2177734375,
        "10":5876.396484375,
        "11":6173.1293945312,
        "12":6306.8764648438,
        "13":6450.1069335938,
        "14":5746.1411132812,
        "15":5983.1513671875,
        "16":5736.5283203125,
        "17":6036.62890625,
        "18":6112.1083984375,
        "19":6187.9360351562,
        "20":6094.501953125,
        "21":6028.216796875,
        "22":5815.6220703125,
        "23":6264.5913085938,
        "24":5974.2895507812,
        "25":6097.5024414062,
        "26":5809.458984375,
        "27":5985.423828125,
        "28":6250.7397460938,
        "29":6014.7875976562,
        "30":6367.3334960938,
        "31":6330.0893554688,
        "32":6206.12109375,
        "33":6285.0068359375,
        "34":6497.3618164062,
        "35":6375.6801757812,
        "36":6482.09375,
        "37":6507.4086914062,
        "38":6613.5708007812,
        "39":6286.3876953125,
        "40":6652.84765625,
        "41":6787.0356445312,
        "42":7016.2954101562,
        "43":6690.43359375,
        "44":6648.2045898438,
        "45":6666.4150390625,
        "46":7032.1352539062,
        "47":6933.23828125,
        "48":6902.400390625,
        "49":6412.5244140625
    },
    "std":{
        "-30":826.6971435547,
        "-29":854.0048828125,
        "-28":737.6206665039,
        "-27":752.7134399414,
        "-26":912.0310058594,
        "-25":803.4141235352,
        "-24":798.4453735352,
        "-23":714.6575317383,
        "-22":805.6780395508,
        "-21":896.3330688477,
        "-20":883.7094116211,
        "-19":741.9097290039,
        "-18":899.3039550781,
        "-17":841.4364013672,
        "-16":841.3018798828,
        "-15":812.6436157227,
        "-14":733.9228515625,
        "-13":802.1923828125,
        "-12":640.3584594727,
        "-11":706.54296875,
        "-10":594.3981933594,
        "-9":673.4602661133,
        "-8":534.7858886719,
        "-7":574.8849487305,
        "-6":515.6633300781,
        "-5":606.1968994141,
        "-4":560.3178100586,
        "-3":609.9978027344,
        "-2":654.501953125,
        "-1":557.9688720703,
        "0":617.579284668,
        "1":450.9900512695,
        "2":525.1774902344,
        "3":440.553314209,
        "4":505.830291748,
        "5":468.1708679199,
        "6":413.6678161621,
        "7":464.8774414062,
        "8":483.2528686523,
        "9":532.3424682617,
        "10":421.2092285156,
        "11":479.0640563965,
        "12":477.0950012207,
        "13":565.100769043,
        "14":521.40234375,
        "15":530.1851196289,
        "16":513.469543457,
        "17":555.4873657227,
        "18":433.1641235352,
        "19":602.1715087891,
        "20":618.3396606445,
        "21":546.9482421875,
        "22":568.4766845703,
        "23":630.1107177734,
        "24":655.5918579102,
        "25":621.4975585938,
        "26":592.4564819336,
        "27":660.2320556641,
        "28":752.7017211914,
        "29":658.7730102539,
        "30":682.2683105469,
        "31":639.3337402344,
        "32":639.7204589844,
        "33":702.7463378906,
        "34":741.4854736328,
        "35":695.2891845703,
        "36":674.0604858398,
        "37":665.7330932617,
        "38":718.3868408203,
        "39":618.8562011719,
        "40":794.6900634766,
        "41":688.1688232422,
        "42":840.5632324219,
        "43":760.1436767578,
        "44":807.7243652344,
        "45":791.9530639648,
        "46":816.2866821289,
        "47":824.6178588867,
        "48":856.508972168,
        "49":749.8125
    }
}