{
    "data":{
        "-30":4377.7944335938,
        "-29":4536.4272460938,
        "-28":4587.6181640625,
        "-27":4536.0229492188,
        "-26":4283.8393554688,
        "-25":4522.5883789062,
        "-24":4364.66796875,
        "-23":4543.6669921875,
        "-22":4447.4453125,
        "-21":4469.7177734375,
        "-20":4514.0737304688,
        "-19":4379.5615234375,
        "-18":4586.2709960938,
        "-17":4556.658203125,
        "-16":4452.677734375,
        "-15":4603.9965820312,
        "-14":4523.6787109375,
        "-13":4654.80859375,
        "-12":4604.0415039062,
        "-11":4449.4116210938,
        "-10":4531.3095703125,
        "-9":4538.47265625,
        "-8":4434.205078125,
        "-7":4747.3266601562,
        "-6":4414.0141601562,
        "-5":4456.7670898438,
        "-4":4592.4453125,
        "-3":4493.6787109375,
        "-2":4479.2241210938,
        "-1":4561.46484375,
        "0":4416.9379882812,
        "1":4712.4658203125,
        "2":4430.4677734375,
        "3":4299.4375,
        "4":4533.9555664062,
        "5":4564.8916015625,
        "6":4392.1928710938,
        "7":4410.62890625,
        "8":4348.96875,
        "9":4391.9799804688,
        "10":4435.8774414062,
        "11":4405.7846679688,
        "12":4349.4458007812,
        "13":4374.5874023438,
        "14":4347.4287109375,
        "15":4246.7153320312,
        "16":4469.7939453125,
        "17":4408.6088867188,
        "18":4319.865234375,
        "19":4247.2133789062,
        "20":4376.255859375,
        "21":4557.2998046875,
        "22":4627.2084960938,
        "23":4626.0693359375,
        "24":4520.3569335938,
        "25":4665.6416015625,
        "26":4530.2993164062,
        "27":4608.4287109375,
        "28":4707.6645507812,
        "29":4522.2817382812,
        "30":4495.6762695312,
        "31":4797.3056640625,
        "32":4427.19921875,
        "33":4612.7705078125,
        "34":4729.7119140625,
        "35":4515.90234375,
        "36":4446.1772460938,
        "37":4620.4008789062,
        "38":4413.0581054688,
        "39":4430.853515625,
        "40":4559.8706054688,
        "41":4250.65625,
        "42":4600.8403320312,
        "43":4423.3334960938,
        "44":4523.4692382812,
        "45":4343.0024414062,
        "46":4541.3056640625,
        "47":4560.7666015625,
        "48":4492.0229492188,
        "49":4607.2006835938
    },
    "std":{
        "-30":114.8627319336,
        "-29":132.3318023682,
        "-28":102.3050079346,
        "-27":117.2069778442,
        "-26":79.4046630859,
        "-25":88.6337051392,
        "-24":86.1731033325,
        "-23":123.8761138916,
        "-22":120.4113616943,
        "-21":103.9522094727,
        "-20":91.9225158691,
        "-19":104.4496307373,
        "-18":99.1885299683,
        "-17":102.9072341919,
        "-16":101.7246398926,
        "-15":89.9064178467,
        "-14":113.9009475708,
        "-13":146.1023101807,
        "-12":103.3345031738,
        "-11":93.0081176758,
        "-10":109.2880325317,
        "-9":102.3030090332,
        "-8":85.413192749,
        "-7":118.2869491577,
        "-6":92.2246322632,
        "-5":85.4161758423,
        "-4":102.46068573,
        "-3":94.4364700317,
        "-2":95.8233413696,
        "-1":108.7068099976,
        "0":92.6723861694,
        "1":123.9831771851,
        "2":83.9921951294,
        "3":107.9891662598,
        "4":82.5003051758,
        "5":108.8439788818,
        "6":108.4228820801,
        "7":120.9901199341,
        "8":88.6210021973,
        "9":114.0919113159,
        "10":122.3992004395,
        "11":76.6774749756,
        "12":68.0083389282,
        "13":119.5703887939,
        "14":107.3504867554,
        "15":99.1030197144,
        "16":97.0371246338,
        "17":108.6733932495,
        "18":128.2351989746,
        "19":117.5222244263,
        "20":99.1868972778,
        "21":120.7992095947,
        "22":144.7494506836,
        "23":126.0265274048,
        "24":102.6737136841,
        "25":98.8153152466,
        "26":85.7376251221,
        "27":131.7206573486,
        "28":184.2434387207,
        "29":155.8150634766,
        "30":105.96068573,
        "31":159.188369751,
        "32":144.0395812988,
        "33":137.5830078125,
        "34":182.0565490723,
        "35":129.2493133545,
        "36":144.7968444824,
        "37":122.6596450806,
        "38":115.1608428955,
        "39":141.4013214111,
        "40":135.6602630615,
        "41":108.0594558716,
        "42":145.8100738525,
        "43":80.2352523804,
        "44":125.0363006592,
        "45":88.3091583252,
        "46":116.4498748779,
        "47":95.4023513794,
        "48":140.0578613281,
        "49":132.9109039307
    }
}