{
    "data":{
        "-30":3794.9494628906,
        "-29":3777.53125,
        "-28":3593.943359375,
        "-27":3647.2729492188,
        "-26":3807.4360351562,
        "-25":3726.4934082031,
        "-24":3861.0993652344,
        "-23":3818.8737792969,
        "-22":3763.1755371094,
        "-21":3624.0751953125,
        "-20":3688.6489257812,
        "-19":3771.9387207031,
        "-18":3914.4340820312,
        "-17":3719.4750976562,
        "-16":3814.3239746094,
        "-15":3704.9494628906,
        "-14":3697.2495117188,
        "-13":3828.9831542969,
        "-12":3575.4636230469,
        "-11":3733.2507324219,
        "-10":3861.5915527344,
        "-9":3603.5390625,
        "-8":3692.994140625,
        "-7":3734.8605957031,
        "-6":3711.2194824219,
        "-5":3705.2990722656,
        "-4":3818.470703125,
        "-3":3678.802734375,
        "-2":3721.689453125,
        "-1":3784.5029296875,
        "0":3682.9838867188,
        "1":3735.6733398438,
        "2":3843.5598144531,
        "3":3744.3913574219,
        "4":3819.2629394531,
        "5":3813.5275878906,
        "6":3701.9479980469,
        "7":3738.525390625,
        "8":3641.5029296875,
        "9":3816.3254394531,
        "10":3850.9665527344,
        "11":3799.0463867188,
        "12":3824.1696777344,
        "13":3710.228515625,
        "14":3701.9282226562,
        "15":3717.0227050781,
        "16":3802.6049804688,
        "17":3725.1782226562,
        "18":3796.9145507812,
        "19":3897.0639648438,
        "20":3838.0974121094,
        "21":3798.2114257812,
        "22":3844.2854003906,
        "23":3793.7094726562,
        "24":3594.1264648438,
        "25":3885.2917480469,
        "26":3740.4401855469,
        "27":3863.1831054688,
        "28":3839.3701171875,
        "29":3781.1315917969,
        "30":3720.7182617188,
        "31":3696.7314453125,
        "32":3721.5168457031,
        "33":3935.7314453125,
        "34":3783.384765625,
        "35":3694.1340332031,
        "36":3761.3737792969,
        "37":3708.2841796875,
        "38":3823.947265625,
        "39":3759.7885742188,
        "40":3667.4543457031,
        "41":3707.8522949219,
        "42":3676.3588867188,
        "43":3767.2983398438,
        "44":3707.6875,
        "45":3656.7644042969,
        "46":3765.7797851562,
        "47":3769.5532226562,
        "48":3759.9992675781,
        "49":3573.1645507812
    },
    "std":{
        "-30":104.1807327271,
        "-29":84.2855072021,
        "-28":78.6474533081,
        "-27":71.5557403564,
        "-26":87.9088821411,
        "-25":121.9680938721,
        "-24":105.6353225708,
        "-23":82.5535507202,
        "-22":68.8944396973,
        "-21":65.3537750244,
        "-20":62.3234939575,
        "-19":90.7830963135,
        "-18":62.0956344604,
        "-17":72.5163803101,
        "-16":75.2232971191,
        "-15":73.6882705688,
        "-14":96.6295471191,
        "-13":64.9448547363,
        "-12":74.5693283081,
        "-11":78.4413070679,
        "-10":76.8572311401,
        "-9":69.7177886963,
        "-8":83.886100769,
        "-7":75.2519073486,
        "-6":82.9893188477,
        "-5":80.9883728027,
        "-4":77.9670257568,
        "-3":113.0272216797,
        "-2":67.5646820068,
        "-1":77.823890686,
        "0":82.8433227539,
        "1":85.2558822632,
        "2":58.8911857605,
        "3":86.6232070923,
        "4":62.6673965454,
        "5":63.3885192871,
        "6":77.7423629761,
        "7":64.4509353638,
        "8":69.0757369995,
        "9":99.5286178589,
        "10":76.1937637329,
        "11":83.6801834106,
        "12":73.6776123047,
        "13":76.6054916382,
        "14":72.0796737671,
        "15":97.9782180786,
        "16":92.2246170044,
        "17":96.3836898804,
        "18":95.8137817383,
        "19":94.1334609985,
        "20":136.2504119873,
        "21":125.0406723022,
        "22":151.40234375,
        "23":136.6669464111,
        "24":88.9385604858,
        "25":95.7883453369,
        "26":124.7557525635,
        "27":133.0300598145,
        "28":104.635887146,
        "29":115.357383728,
        "30":87.3735046387,
        "31":72.6865158081,
        "32":86.0179367065,
        "33":71.2119216919,
        "34":89.2088928223,
        "35":84.0921783447,
        "36":81.1697692871,
        "37":78.332359314,
        "38":76.1673278809,
        "39":81.8501739502,
        "40":77.2110824585,
        "41":101.8132553101,
        "42":74.7809829712,
        "43":88.5883636475,
        "44":66.2901000977,
        "45":66.4338302612,
        "46":92.3620681763,
        "47":102.9064788818,
        "48":76.5049819946,
        "49":78.4934844971
    }
}