{
    "data":{
        "-30":11609.404296875,
        "-29":11737.69140625,
        "-28":11652.1259765625,
        "-27":11512.0859375,
        "-26":11824.3779296875,
        "-25":11970.263671875,
        "-24":11526.306640625,
        "-23":12079.15234375,
        "-22":11723.419921875,
        "-21":11752.8330078125,
        "-20":11905.11328125,
        "-19":11563.9306640625,
        "-18":11873.0732421875,
        "-17":12005.546875,
        "-16":12058.4072265625,
        "-15":11890.607421875,
        "-14":12064.6474609375,
        "-13":12375.9111328125,
        "-12":11040.8046875,
        "-11":11705.435546875,
        "-10":11638.7578125,
        "-9":11548.044921875,
        "-8":11403.220703125,
        "-7":11833.208984375,
        "-6":11358.6318359375,
        "-5":11388.9775390625,
        "-4":11659.7236328125,
        "-3":11198.5537109375,
        "-2":11650.482421875,
        "-1":11719.4052734375,
        "0":11474.591796875,
        "1":11612.81640625,
        "2":11021.4609375,
        "3":11286.7294921875,
        "4":11480.326171875,
        "5":11515.396484375,
        "6":11657.712890625,
        "7":11411.482421875,
        "8":11955.91796875,
        "9":11312.0673828125,
        "10":10890.5771484375,
        "11":11753.0146484375,
        "12":11092.6494140625,
        "13":11044.8125,
        "14":10954.1044921875,
        "15":10786.15234375,
        "16":11408.134765625,
        "17":11249.8955078125,
        "18":11184.232421875,
        "19":10830.111328125,
        "20":10589.138671875,
        "21":11069.1982421875,
        "22":10745.7490234375,
        "23":11380.2578125,
        "24":11664.087890625,
        "25":10635.5126953125,
        "26":11251.4033203125,
        "27":11402.84375,
        "28":11387.8984375,
        "29":11337.890625,
        "30":10593.78125,
        "31":11792.884765625,
        "32":11546.3955078125,
        "33":11501.5517578125,
        "34":12059.560546875,
        "35":11419.2666015625,
        "36":11523.4306640625,
        "37":11445.2099609375,
        "38":11490.845703125,
        "39":12046.4462890625,
        "40":11733.65625,
        "41":11610.455078125,
        "42":11851.5888671875,
        "43":11386.205078125,
        "44":11610.0859375,
        "45":11799.658203125,
        "46":12228.2568359375,
        "47":11823.4296875,
        "48":11644.263671875,
        "49":11893.9541015625
    },
    "std":{
        "-30":769.0321655273,
        "-29":685.1016845703,
        "-28":857.8109130859,
        "-27":693.2878417969,
        "-26":824.7256469727,
        "-25":922.8520507812,
        "-24":901.2391357422,
        "-23":842.6177368164,
        "-22":989.3941650391,
        "-21":951.4001464844,
        "-20":955.7846679688,
        "-19":835.7836914062,
        "-18":973.0169067383,
        "-17":851.4895019531,
        "-16":856.2716064453,
        "-15":969.8840942383,
        "-14":977.9569702148,
        "-13":861.4391479492,
        "-12":860.3918457031,
        "-11":821.5649414062,
        "-10":898.9224853516,
        "-9":810.36328125,
        "-8":825.8286743164,
        "-7":775.3688964844,
        "-6":869.3358154297,
        "-5":888.5404663086,
        "-4":838.8690185547,
        "-3":879.3646240234,
        "-2":952.521484375,
        "-1":852.4326782227,
        "0":873.444519043,
        "1":809.5330810547,
        "2":717.4962768555,
        "3":853.7391357422,
        "4":949.7487792969,
        "5":827.7479858398,
        "6":762.5661010742,
        "7":812.2760620117,
        "8":743.7278442383,
        "9":921.6260986328,
        "10":723.6036376953,
        "11":835.8368530273,
        "12":882.6168823242,
        "13":843.1953735352,
        "14":828.9431762695,
        "15":810.3997192383,
        "16":720.6989135742,
        "17":856.9476318359,
        "18":638.8734741211,
        "19":633.2358398438,
        "20":761.7252197266,
        "21":709.5205078125,
        "22":744.9724731445,
        "23":608.5149536133,
        "24":756.5698242188,
        "25":789.6093139648,
        "26":703.5864868164,
        "27":740.1713256836,
        "28":601.0810546875,
        "29":620.4849243164,
        "30":569.6392211914,
        "31":689.2240600586,
        "32":622.483581543,
        "33":628.2796020508,
        "34":897.3348388672,
        "35":747.5154418945,
        "36":705.9083251953,
        "37":725.096496582,
        "38":638.0531005859,
        "39":697.6177368164,
        "40":678.3806152344,
        "41":755.2683105469,
        "42":729.3394165039,
        "43":774.330871582,
        "44":783.3595581055,
        "45":738.3349609375,
        "46":778.9348754883,
        "47":715.8300170898,
        "48":764.067199707,
        "49":830.893737793
    }
}