{
    "data":{
        "-30":5167.05078125,
        "-29":5048.4682617188,
        "-28":5116.5122070312,
        "-27":5148.8173828125,
        "-26":5597.2182617188,
        "-25":5376.6567382812,
        "-24":5044.771484375,
        "-23":5240.3056640625,
        "-22":5498.0498046875,
        "-21":5287.3432617188,
        "-20":5385.6381835938,
        "-19":5188.5307617188,
        "-18":5507.8994140625,
        "-17":4941.2202148438,
        "-16":5084.041015625,
        "-15":5149.0112304688,
        "-14":5374.478515625,
        "-13":4986.30859375,
        "-12":4871.2885742188,
        "-11":5318.6635742188,
        "-10":5011.8603515625,
        "-9":5020.6528320312,
        "-8":5276.6616210938,
        "-7":4905.005859375,
        "-6":4831.8413085938,
        "-5":5175.6337890625,
        "-4":5228.1704101562,
        "-3":4972.0112304688,
        "-2":5112.34765625,
        "-1":5464.7685546875,
        "0":5141.5678710938,
        "1":5569.8540039062,
        "2":5051.318359375,
        "3":5276.0922851562,
        "4":5190.1821289062,
        "5":5439.560546875,
        "6":5326.0239257812,
        "7":5286.0366210938,
        "8":5026.5537109375,
        "9":4977.224609375,
        "10":5662.4228515625,
        "11":5156.95703125,
        "12":5104.1572265625,
        "13":5233.4921875,
        "14":5130.9208984375,
        "15":5536.3569335938,
        "16":5080.7431640625,
        "17":5037.1977539062,
        "18":5091.6303710938,
        "19":4749.5625,
        "20":5191.4340820312,
        "21":5051.443359375,
        "22":5478.9907226562,
        "23":5233.9418945312,
        "24":5356.3369140625,
        "25":5075.0952148438,
        "26":4622.283203125,
        "27":5162.2905273438,
        "28":5071.4208984375,
        "29":5169.5229492188,
        "30":4971.2729492188,
        "31":5094.0009765625,
        "32":5204.87890625,
        "33":5194.0034179688,
        "34":5215.7900390625,
        "35":5582.4985351562,
        "36":5254.8798828125,
        "37":5079.9379882812,
        "38":5352.7958984375,
        "39":5375.2465820312,
        "40":5551.3627929688,
        "41":4942.0458984375,
        "42":5204.1372070312,
        "43":5420.0024414062,
        "44":5186.39453125,
        "45":5189.7084960938,
        "46":5599.1499023438,
        "47":5385.9008789062,
        "48":4832.58984375,
        "49":5180.25390625
    },
    "std":{
        "-30":334.4617919922,
        "-29":216.4313201904,
        "-28":221.1592254639,
        "-27":228.3544464111,
        "-26":183.6686401367,
        "-25":295.6506347656,
        "-24":212.5071716309,
        "-23":252.6433258057,
        "-22":225.0422821045,
        "-21":187.380065918,
        "-20":179.0291900635,
        "-19":191.1427307129,
        "-18":215.6792297363,
        "-17":209.2091217041,
        "-16":210.4614105225,
        "-15":214.9624786377,
        "-14":249.7395324707,
        "-13":246.9354553223,
        "-12":159.7602996826,
        "-11":295.279876709,
        "-10":200.4151763916,
        "-9":200.0014648438,
        "-8":233.8283996582,
        "-7":210.2487487793,
        "-6":224.9878845215,
        "-5":120.8528289795,
        "-4":190.2191162109,
        "-3":256.3725585938,
        "-2":197.4673156738,
        "-1":216.2817077637,
        "0":273.4375610352,
        "1":203.6295013428,
        "2":157.1153564453,
        "3":163.9339447021,
        "4":254.278717041,
        "5":182.9192657471,
        "6":211.5241851807,
        "7":148.2757568359,
        "8":154.5721893311,
        "9":217.5479888916,
        "10":208.8900756836,
        "11":193.3949890137,
        "12":188.2024383545,
        "13":209.189239502,
        "14":211.3082885742,
        "15":204.0075531006,
        "16":176.9692840576,
        "17":177.4477233887,
        "18":136.3542785645,
        "19":194.1782989502,
        "20":162.6753540039,
        "21":209.427444458,
        "22":238.9674682617,
        "23":173.871963501,
        "24":243.1681976318,
        "25":174.6471862793,
        "26":175.5655975342,
        "27":196.2587890625,
        "28":160.0648040771,
        "29":215.7286376953,
        "30":133.4705047607,
        "31":154.5323028564,
        "32":203.3774719238,
        "33":185.3746032715,
        "34":193.2951965332,
        "35":259.879119873,
        "36":157.5281524658,
        "37":171.3218383789,
        "38":217.4739685059,
        "39":249.1201629639,
        "40":202.0803985596,
        "41":189.1451263428,
        "42":244.6575164795,
        "43":228.3189086914,
        "44":186.8706359863,
        "45":203.2146148682,
        "46":220.5997772217,
        "47":279.1924743652,
        "48":271.0755004883,
        "49":210.685836792
    }
}