{
    "data":{
        "-30":6451.9702148438,
        "-29":6338.7944335938,
        "-28":6164.9033203125,
        "-27":6345.2880859375,
        "-26":6341.3974609375,
        "-25":6001.1826171875,
        "-24":6216.6127929688,
        "-23":5975.4497070312,
        "-22":6440.83984375,
        "-21":6197.6303710938,
        "-20":6086.6708984375,
        "-19":6143.9711914062,
        "-18":6014.1127929688,
        "-17":5815.2705078125,
        "-16":6081.5268554688,
        "-15":6176.5717773438,
        "-14":5818.3227539062,
        "-13":6219.6352539062,
        "-12":5978.41015625,
        "-11":5858.5068359375,
        "-10":5919.37109375,
        "-9":5936.5546875,
        "-8":6186.9873046875,
        "-7":5777.693359375,
        "-6":5551.0029296875,
        "-5":5683.5581054688,
        "-4":5861.177734375,
        "-3":5727.548828125,
        "-2":5946.2197265625,
        "-1":5886.4775390625,
        "0":5710.0146484375,
        "1":5645.03125,
        "2":5938.16015625,
        "3":5718.0146484375,
        "4":5671.9663085938,
        "5":5612.7739257812,
        "6":5684.2841796875,
        "7":5540.12890625,
        "8":5933.41796875,
        "9":6083.3276367188,
        "10":6111.8208007812,
        "11":5711.9624023438,
        "12":5810.1538085938,
        "13":5824.6840820312,
        "14":5616.3647460938,
        "15":5579.8198242188,
        "16":5667.8237304688,
        "17":5866.9057617188,
        "18":5945.1967773438,
        "19":5812.9946289062,
        "20":6018.787109375,
        "21":5870.6870117188,
        "22":5750.4619140625,
        "23":5896.02734375,
        "24":5561.44921875,
        "25":6041.8842773438,
        "26":5798.4384765625,
        "27":5833.126953125,
        "28":5716.7265625,
        "29":5814.962890625,
        "30":5633.6821289062,
        "31":5573.9829101562,
        "32":5620.98046875,
        "33":5638.9375,
        "34":5425.6450195312,
        "35":5805.52734375,
        "36":5926.9038085938,
        "37":5616.5615234375,
        "38":5664.287109375,
        "39":6177.29296875,
        "40":5558.1977539062,
        "41":5312.2119140625,
        "42":5666.1049804688,
        "43":5795.2446289062,
        "44":6001.5004882812,
        "45":5928.7368164062,
        "46":6053.4545898438,
        "47":5793.2978515625,
        "48":5929.52734375,
        "49":5608.0375976562
    },
    "std":{
        "-30":536.3494262695,
        "-29":545.0495605469,
        "-28":459.4303283691,
        "-27":469.3949890137,
        "-26":491.818939209,
        "-25":484.7053833008,
        "-24":491.0253601074,
        "-23":424.3751831055,
        "-22":474.8795166016,
        "-21":457.6654663086,
        "-20":445.4820251465,
        "-19":521.9368896484,
        "-18":402.3275756836,
        "-17":490.3837890625,
        "-16":457.443939209,
        "-15":491.3862915039,
        "-14":367.9035644531,
        "-13":462.0295410156,
        "-12":411.3395690918,
        "-11":369.2201538086,
        "-10":464.7867126465,
        "-9":414.1287841797,
        "-8":469.7747192383,
        "-7":329.0415039062,
        "-6":353.6856994629,
        "-5":401.1447143555,
        "-4":395.670501709,
        "-3":375.426574707,
        "-2":427.7485961914,
        "-1":345.4535522461,
        "0":402.9152832031,
        "1":326.6531982422,
        "2":410.6237182617,
        "3":313.0679016113,
        "4":307.5737609863,
        "5":317.4189147949,
        "6":397.1149291992,
        "7":350.3052978516,
        "8":298.0868530273,
        "9":447.9987182617,
        "10":381.3299865723,
        "11":303.2326965332,
        "12":372.7278747559,
        "13":364.8000183105,
        "14":462.4821777344,
        "15":411.9354553223,
        "16":399.651763916,
        "17":487.5128173828,
        "18":383.3725891113,
        "19":504.5671081543,
        "20":452.8583068848,
        "21":461.7870788574,
        "22":363.0882873535,
        "23":369.318939209,
        "24":459.1772460938,
        "25":432.4300537109,
        "26":355.0680236816,
        "27":389.4456176758,
        "28":368.5011291504,
        "29":390.1382446289,
        "30":424.1856079102,
        "31":368.903503418,
        "32":350.0174560547,
        "33":264.5986633301,
        "34":353.2459411621,
        "35":389.7188415527,
        "36":405.5301208496,
        "37":325.3152770996,
        "38":411.2522583008,
        "39":378.892364502,
        "40":352.6172790527,
        "41":311.0572814941,
        "42":362.2102966309,
        "43":292.4256896973,
        "44":385.930480957,
        "45":391.7009277344,
        "46":413.4092712402,
        "47":367.4608764648,
        "48":452.7248535156,
        "49":351.48828125
    }
}