{
    "data":{
        "-30":6141.3540039062,
        "-29":5868.412109375,
        "-28":5866.3452148438,
        "-27":6357.958984375,
        "-26":5918.2021484375,
        "-25":6328.3935546875,
        "-24":6096.8071289062,
        "-23":5623.9165039062,
        "-22":6364.4077148438,
        "-21":6087.8051757812,
        "-20":6087.7817382812,
        "-19":5973.1401367188,
        "-18":6265.4614257812,
        "-17":5876.7958984375,
        "-16":5813.3374023438,
        "-15":5912.3618164062,
        "-14":6200.8637695312,
        "-13":6147.2524414062,
        "-12":5812.5366210938,
        "-11":5943.4033203125,
        "-10":6005.8178710938,
        "-9":6324.0009765625,
        "-8":6033.0581054688,
        "-7":6029.3603515625,
        "-6":6343.1337890625,
        "-5":6193.40234375,
        "-4":6319.8540039062,
        "-3":6198.9360351562,
        "-2":6028.8334960938,
        "-1":6182.9487304688,
        "0":6313.234375,
        "1":6082.4072265625,
        "2":6188.5341796875,
        "3":5802.5771484375,
        "4":6209.0048828125,
        "5":5932.3774414062,
        "6":6169.05078125,
        "7":6095.259765625,
        "8":6291.2514648438,
        "9":6170.09765625,
        "10":6162.1948242188,
        "11":6105.9150390625,
        "12":5992.0366210938,
        "13":6173.3037109375,
        "14":5827.1030273438,
        "15":6134.603515625,
        "16":6169.8588867188,
        "17":5646.61328125,
        "18":6320.5615234375,
        "19":5801.8540039062,
        "20":5826.392578125,
        "21":5870.0478515625,
        "22":6039.8090820312,
        "23":5789.4672851562,
        "24":5872.2973632812,
        "25":6002.6982421875,
        "26":5991.0092773438,
        "27":5761.0546875,
        "28":6244.490234375,
        "29":5893.5883789062,
        "30":5960.29296875,
        "31":6058.5815429688,
        "32":6184.2939453125,
        "33":6334.021484375,
        "34":5891.3818359375,
        "35":6011.5825195312,
        "36":5799.873046875,
        "37":6153.369140625,
        "38":6064.3540039062,
        "39":5878.9877929688,
        "40":5648.19140625,
        "41":5722.3930664062,
        "42":6031.4458007812,
        "43":5631.3774414062,
        "44":6152.80859375,
        "45":6104.2553710938,
        "46":6064.9423828125,
        "47":5780.78125,
        "48":6146.7309570312,
        "49":5625.0048828125
    },
    "std":{
        "-30":227.0713500977,
        "-29":188.998916626,
        "-28":260.6620178223,
        "-27":146.2268371582,
        "-26":222.9678955078,
        "-25":163.7912445068,
        "-24":190.4739074707,
        "-23":199.2674102783,
        "-22":202.5365142822,
        "-21":217.4577789307,
        "-20":278.7652282715,
        "-19":236.5582275391,
        "-18":197.9941253662,
        "-17":252.6099243164,
        "-16":218.2637634277,
        "-15":274.257232666,
        "-14":234.3094787598,
        "-13":226.0266113281,
        "-12":176.9081115723,
        "-11":251.549407959,
        "-10":229.991607666,
        "-9":179.5853881836,
        "-8":236.1326293945,
        "-7":272.9218139648,
        "-6":232.8360900879,
        "-5":252.5860900879,
        "-4":245.6524963379,
        "-3":235.8694458008,
        "-2":197.9114685059,
        "-1":210.5346221924,
        "0":119.2838821411,
        "1":186.898727417,
        "2":151.3476409912,
        "3":164.4390869141,
        "4":160.758026123,
        "5":213.1101837158,
        "6":222.7646789551,
        "7":209.5216674805,
        "8":196.2455291748,
        "9":178.7428894043,
        "10":272.7009887695,
        "11":219.9209899902,
        "12":200.2431945801,
        "13":201.2789611816,
        "14":212.829284668,
        "15":159.4501190186,
        "16":271.4379577637,
        "17":161.1484527588,
        "18":212.0954284668,
        "19":148.3561096191,
        "20":207.6596679688,
        "21":186.6550445557,
        "22":219.5282592773,
        "23":232.0402526855,
        "24":154.8553009033,
        "25":255.9490966797,
        "26":214.9696960449,
        "27":259.9005432129,
        "28":235.5420227051,
        "29":151.5763397217,
        "30":193.7215881348,
        "31":228.5662384033,
        "32":237.9788818359,
        "33":208.4200897217,
        "34":193.9097137451,
        "35":230.9704742432,
        "36":247.9221801758,
        "37":223.483291626,
        "38":220.9865112305,
        "39":215.8876190186,
        "40":180.143081665,
        "41":189.3307342529,
        "42":159.8756866455,
        "43":242.6137237549,
        "44":250.8296813965,
        "45":235.9600830078,
        "46":196.70362854,
        "47":218.5518493652,
        "48":167.9670562744,
        "49":222.5688171387
    }
}