{
    "data":{
        "-30":8527.453125,
        "-29":8660.6328125,
        "-28":8263.7265625,
        "-27":8231.6767578125,
        "-26":8666.125,
        "-25":8301.9462890625,
        "-24":8394.591796875,
        "-23":8396.4296875,
        "-22":8120.4086914062,
        "-21":8267.275390625,
        "-20":8255.6103515625,
        "-19":8562.3896484375,
        "-18":8466.8974609375,
        "-17":8289.779296875,
        "-16":8532.705078125,
        "-15":8731.984375,
        "-14":8455.02734375,
        "-13":8773.54296875,
        "-12":8260.2763671875,
        "-11":8378.0986328125,
        "-10":8877.19921875,
        "-9":9019.1181640625,
        "-8":8515.0283203125,
        "-7":9062.0234375,
        "-6":9000.54296875,
        "-5":9157.232421875,
        "-4":8927.8037109375,
        "-3":9321.12890625,
        "-2":9236.2841796875,
        "-1":9298.314453125,
        "0":9292.4013671875,
        "1":9475.197265625,
        "2":9565.1044921875,
        "3":9489.5654296875,
        "4":9474.1455078125,
        "5":9681.451171875,
        "6":9919.748046875,
        "7":9674.140625,
        "8":9573.5576171875,
        "9":9476.9580078125,
        "10":9796.552734375,
        "11":9465.3505859375,
        "12":9886.5908203125,
        "13":9146.783203125,
        "14":8933.73046875,
        "15":9448.095703125,
        "16":9266.9765625,
        "17":9278.201171875,
        "18":9068.7861328125,
        "19":9289.8896484375,
        "20":9337.7939453125,
        "21":9462.6142578125,
        "22":9130.57421875,
        "23":9374.5859375,
        "24":9108.5732421875,
        "25":9329.5380859375,
        "26":9214.3642578125,
        "27":8748.89453125,
        "28":8622.9326171875,
        "29":8910.2177734375,
        "30":8958.7890625,
        "31":8652.1455078125,
        "32":8847.3564453125,
        "33":9158.892578125,
        "34":8885.56640625,
        "35":8588.767578125,
        "36":8743.375,
        "37":9289.857421875,
        "38":8945.3193359375,
        "39":8754.748046875,
        "40":8632.361328125,
        "41":8726.85546875,
        "42":8555.013671875,
        "43":8530.4072265625,
        "44":8928.0625,
        "45":8584.140625,
        "46":8924.3359375,
        "47":8856.6005859375,
        "48":8742.15625,
        "49":8735.2041015625
    },
    "std":{
        "-30":418.6353149414,
        "-29":436.1417541504,
        "-28":438.2083740234,
        "-27":330.2897949219,
        "-26":431.1104125977,
        "-25":394.1143798828,
        "-24":342.6689758301,
        "-23":344.4430847168,
        "-22":397.3743896484,
        "-21":383.2593994141,
        "-20":335.0369262695,
        "-19":313.8057250977,
        "-18":379.8901367188,
        "-17":391.6339111328,
        "-16":407.9213256836,
        "-15":381.5196228027,
        "-14":393.287902832,
        "-13":464.3998413086,
        "-12":448.4879455566,
        "-11":503.907623291,
        "-10":514.7579345703,
        "-9":672.7236938477,
        "-8":652.1564331055,
        "-7":620.7401733398,
        "-6":613.6354980469,
        "-5":656.6830444336,
        "-4":656.1088867188,
        "-3":795.9537353516,
        "-2":718.1600341797,
        "-1":873.9922485352,
        "0":910.5881958008,
        "1":890.9123535156,
        "2":980.9533081055,
        "3":928.7245483398,
        "4":1008.7009887695,
        "5":1013.9025268555,
        "6":1062.0595703125,
        "7":927.2897338867,
        "8":1025.9321289062,
        "9":982.504699707,
        "10":967.2294921875,
        "11":971.8952636719,
        "12":944.5510864258,
        "13":954.650390625,
        "14":955.4241943359,
        "15":899.1595458984,
        "16":976.4184570312,
        "17":873.4725341797,
        "18":901.2024536133,
        "19":893.9634399414,
        "20":835.0711669922,
        "21":846.6372680664,
        "22":839.672668457,
        "23":830.2425537109,
        "24":746.3204345703,
        "25":766.7584228516,
        "26":840.160949707,
        "27":674.1572265625,
        "28":688.9194335938,
        "29":682.8705444336,
        "30":643.1898803711,
        "31":655.9667358398,
        "32":581.7911376953,
        "33":685.3182983398,
        "34":615.2730712891,
        "35":585.1815185547,
        "36":586.1014404297,
        "37":613.1054077148,
        "38":642.5938720703,
        "39":499.6004333496,
        "40":544.0641479492,
        "41":498.1873779297,
        "42":583.8010253906,
        "43":555.3521728516,
        "44":498.5656433105,
        "45":492.2066345215,
        "46":535.5125732422,
        "47":516.1212158203,
        "48":446.1691589355,
        "49":541.7206420898
    }
}