{
    "data":{
        "-30":3554.9189453125,
        "-29":3481.619140625,
        "-28":3632.1633300781,
        "-27":3352.705078125,
        "-26":3646.0148925781,
        "-25":3526.353515625,
        "-24":3710.3237304688,
        "-23":3580.1447753906,
        "-22":3678.1401367188,
        "-21":3385.716796875,
        "-20":3720.9111328125,
        "-19":3349.869140625,
        "-18":3313.087890625,
        "-17":3622.0625,
        "-16":3540.4692382812,
        "-15":3246.5673828125,
        "-14":3601.5297851562,
        "-13":3589.7697753906,
        "-12":3707.8232421875,
        "-11":3529.1948242188,
        "-10":3332.0915527344,
        "-9":3445.4770507812,
        "-8":3414.3112792969,
        "-7":3775.5129394531,
        "-6":3769.7739257812,
        "-5":3358.3125,
        "-4":3446.7067871094,
        "-3":3606.609375,
        "-2":3595.5148925781,
        "-1":3557.736328125,
        "0":3492.380859375,
        "1":3386.8698730469,
        "2":3521.1164550781,
        "3":3545.4230957031,
        "4":3505.0256347656,
        "5":3572.0708007812,
        "6":3551.587890625,
        "7":3514.3425292969,
        "8":3535.7924804688,
        "9":3625.0424804688,
        "10":3649.2053222656,
        "11":3638.5900878906,
        "12":3697.9526367188,
        "13":3538.703125,
        "14":3639.2495117188,
        "15":3458.1479492188,
        "16":3733.1606445312,
        "17":3446.041015625,
        "18":3879.9970703125,
        "19":3800.2426757812,
        "20":3499.8203125,
        "21":3697.7563476562,
        "22":3597.8791503906,
        "23":3434.0668945312,
        "24":3751.3273925781,
        "25":3861.6635742188,
        "26":3568.3659667969,
        "27":3868.0385742188,
        "28":3797.0881347656,
        "29":3849.7380371094,
        "30":3508.4323730469,
        "31":3594.5832519531,
        "32":3617.9311523438,
        "33":3427.2651367188,
        "34":3693.7514648438,
        "35":3584.0788574219,
        "36":3659.1472167969,
        "37":3519.328125,
        "38":3574.525390625,
        "39":3883.6376953125,
        "40":3573.1127929688,
        "41":3703.7661132812,
        "42":3674.7216796875,
        "43":3451.5837402344,
        "44":3747.5205078125,
        "45":3855.4575195312,
        "46":3306.9013671875,
        "47":3557.2685546875,
        "48":3588.1284179688,
        "49":3400.8706054688
    },
    "std":{
        "-30":132.6690673828,
        "-29":142.6719207764,
        "-28":161.5309448242,
        "-27":76.1494903564,
        "-26":140.0694732666,
        "-25":179.6460876465,
        "-24":165.8066558838,
        "-23":130.1994171143,
        "-22":105.001914978,
        "-21":147.415222168,
        "-20":141.5350189209,
        "-19":151.5077362061,
        "-18":81.5613708496,
        "-17":139.8845367432,
        "-16":169.2555084229,
        "-15":187.8856201172,
        "-14":146.8887329102,
        "-13":133.5694122314,
        "-12":137.6276397705,
        "-11":165.7263336182,
        "-10":141.8564147949,
        "-9":140.9420471191,
        "-8":136.314743042,
        "-7":167.4490661621,
        "-6":151.4076843262,
        "-5":149.1484222412,
        "-4":122.5824050903,
        "-3":136.4927062988,
        "-2":158.3536834717,
        "-1":148.1913604736,
        "0":109.8067626953,
        "1":124.6730194092,
        "2":156.0063171387,
        "3":117.7912979126,
        "4":124.4920272827,
        "5":130.2777862549,
        "6":130.6681213379,
        "7":143.2520294189,
        "8":142.0032501221,
        "9":132.4981536865,
        "10":140.5827789307,
        "11":105.544418335,
        "12":147.7157287598,
        "13":141.4234161377,
        "14":157.3616333008,
        "15":128.2624511719,
        "16":146.9561309814,
        "17":104.3464889526,
        "18":180.4814758301,
        "19":217.4145507812,
        "20":154.0667419434,
        "21":197.3114471436,
        "22":178.0440063477,
        "23":108.5795288086,
        "24":173.3737030029,
        "25":282.8309020996,
        "26":158.3437194824,
        "27":243.5100097656,
        "28":186.0779418945,
        "29":159.5749206543,
        "30":193.4675445557,
        "31":178.1139221191,
        "32":149.5356750488,
        "33":117.2368392944,
        "34":121.0130996704,
        "35":119.6219711304,
        "36":132.2811584473,
        "37":138.87550354,
        "38":158.9039611816,
        "39":132.4309387207,
        "40":164.7734527588,
        "41":130.3058929443,
        "42":163.8994140625,
        "43":131.710723877,
        "44":156.8497619629,
        "45":154.6074981689,
        "46":178.1873321533,
        "47":118.903137207,
        "48":129.5582885742,
        "49":159.6307983398
    }
}