{
    "data":{
        "-30":3590.3366699219,
        "-29":3699.9814453125,
        "-28":3575.8251953125,
        "-27":3683.283203125,
        "-26":3820.0690917969,
        "-25":3738.8395996094,
        "-24":3705.3293457031,
        "-23":3701.6323242188,
        "-22":3796.8310546875,
        "-21":3681.9006347656,
        "-20":3522.017578125,
        "-19":3799.197265625,
        "-18":3681.0263671875,
        "-17":3629.0417480469,
        "-16":3544.6350097656,
        "-15":3682.650390625,
        "-14":3723.9765625,
        "-13":3786.0832519531,
        "-12":3715.3784179688,
        "-11":3643.9174804688,
        "-10":3732.5659179688,
        "-9":3703.0583496094,
        "-8":3826.3854980469,
        "-7":3639.3415527344,
        "-6":3831.1840820312,
        "-5":3758.689453125,
        "-4":3745.005859375,
        "-3":3745.7834472656,
        "-2":3679.3862304688,
        "-1":3920.216796875,
        "0":3819.0893554688,
        "1":3669.1860351562,
        "2":3886.4851074219,
        "3":3713.4724121094,
        "4":3900.3559570312,
        "5":3731.4387207031,
        "6":3768.1982421875,
        "7":3547.091796875,
        "8":3820.7224121094,
        "9":3738.3039550781,
        "10":3646.1647949219,
        "11":3732.3395996094,
        "12":3739.4423828125,
        "13":3701.2607421875,
        "14":3892.9006347656,
        "15":3591.2065429688,
        "16":3608.6967773438,
        "17":3775.7316894531,
        "18":3768.9504394531,
        "19":3721.8559570312,
        "20":3768.3232421875,
        "21":3728.7800292969,
        "22":3613.2504882812,
        "23":3501.4460449219,
        "24":3609.4396972656,
        "25":3681.8713378906,
        "26":3748.4877929688,
        "27":3758.8002929688,
        "28":3668.3017578125,
        "29":3724.4465332031,
        "30":3622.3549804688,
        "31":3802.498046875,
        "32":3604.1704101562,
        "33":3847.0559082031,
        "34":3729.7641601562,
        "35":3577.2854003906,
        "36":3453.1237792969,
        "37":3630.4475097656,
        "38":3642.5349121094,
        "39":3754.9106445312,
        "40":3735.0378417969,
        "41":3787.3894042969,
        "42":3836.0104980469,
        "43":3616.564453125,
        "44":3691.2336425781,
        "45":3361.7407226562,
        "46":3736.1057128906,
        "47":3676.1862792969,
        "48":3603.3708496094,
        "49":3716.8444824219
    },
    "std":{
        "-30":114.32371521,
        "-29":99.6214065552,
        "-28":117.2395935059,
        "-27":109.9375991821,
        "-26":123.6887969971,
        "-25":119.0405349731,
        "-24":104.2929763794,
        "-23":109.5969009399,
        "-22":110.9046783447,
        "-21":95.7650527954,
        "-20":100.5589904785,
        "-19":121.6475753784,
        "-18":86.7737503052,
        "-17":128.2070617676,
        "-16":105.0634231567,
        "-15":100.4504013062,
        "-14":118.2792053223,
        "-13":87.3261184692,
        "-12":80.5886535645,
        "-11":72.3213729858,
        "-10":98.0059738159,
        "-9":148.970703125,
        "-8":104.0157775879,
        "-7":84.8045272827,
        "-6":72.5778579712,
        "-5":142.0369262695,
        "-4":97.3186569214,
        "-3":141.9394378662,
        "-2":90.251159668,
        "-1":92.9465789795,
        "0":116.4219818115,
        "1":104.7905883789,
        "2":118.1634902954,
        "3":119.99269104,
        "4":98.4311523438,
        "5":94.7766799927,
        "6":111.6117019653,
        "7":95.6269073486,
        "8":127.7806243896,
        "9":123.5668258667,
        "10":128.2659454346,
        "11":95.8628387451,
        "12":94.5266571045,
        "13":113.0042495728,
        "14":117.3818588257,
        "15":89.8451843262,
        "16":92.6912307739,
        "17":76.1793365479,
        "18":118.4936141968,
        "19":112.9278259277,
        "20":111.4133300781,
        "21":102.1657104492,
        "22":108.9997406006,
        "23":99.3378753662,
        "24":119.8432769775,
        "25":106.8146514893,
        "26":106.7514419556,
        "27":89.9881515503,
        "28":85.7886505127,
        "29":141.971282959,
        "30":114.3842544556,
        "31":110.3098831177,
        "32":142.5722808838,
        "33":115.8451004028,
        "34":120.691444397,
        "35":116.3034591675,
        "36":82.3367156982,
        "37":119.367767334,
        "38":96.5162811279,
        "39":103.2587051392,
        "40":79.311416626,
        "41":99.946144104,
        "42":97.2229309082,
        "43":112.8272781372,
        "44":99.9395141602,
        "45":101.1033401489,
        "46":105.793296814,
        "47":111.8324050903,
        "48":111.9676055908,
        "49":127.3855056763
    }
}