{
    "data":{
        "-30":3843.2778320312,
        "-29":3444.1484375,
        "-28":3758.6838378906,
        "-27":3689.2387695312,
        "-26":3468.634765625,
        "-25":3845.3176269531,
        "-24":3462.7514648438,
        "-23":3399.8862304688,
        "-22":3873.9177246094,
        "-21":3688.3708496094,
        "-20":3545.970703125,
        "-19":3449.8176269531,
        "-18":3608.0383300781,
        "-17":3809.6499023438,
        "-16":3523.056640625,
        "-15":3557.1049804688,
        "-14":3717.2578125,
        "-13":3283.1020507812,
        "-12":3715.6213378906,
        "-11":3416.2136230469,
        "-10":3332.1159667969,
        "-9":3224.3068847656,
        "-8":3537.53125,
        "-7":3590.5776367188,
        "-6":3716.9995117188,
        "-5":3741.5476074219,
        "-4":3604.2556152344,
        "-3":3555.4538574219,
        "-2":3438.2790527344,
        "-1":3664.845703125,
        "0":3566.4978027344,
        "1":3443.7019042969,
        "2":3654.9567871094,
        "3":3651.2941894531,
        "4":3332.6760253906,
        "5":3609.791015625,
        "6":3716.0275878906,
        "7":3359.5744628906,
        "8":3649.4013671875,
        "9":3164.8820800781,
        "10":3429.2421875,
        "11":3597.3996582031,
        "12":3203.8784179688,
        "13":3654.5815429688,
        "14":3859.5178222656,
        "15":3317.548828125,
        "16":3927.173828125,
        "17":3701.1242675781,
        "18":3689.9267578125,
        "19":3587.8713378906,
        "20":3275.2243652344,
        "21":3582.6696777344,
        "22":3680.5397949219,
        "23":3605.2973632812,
        "24":3911.0129394531,
        "25":3302.7250976562,
        "26":3110.7160644531,
        "27":3459.5078125,
        "28":3690.693359375,
        "29":3264.7270507812,
        "30":4092.8276367188,
        "31":3676.0676269531,
        "32":3590.0986328125,
        "33":3560.6149902344,
        "34":3700.8806152344,
        "35":3489.5581054688,
        "36":3366.0581054688,
        "37":3344.1767578125,
        "38":3576.689453125,
        "39":3667.3894042969,
        "40":3622.3269042969,
        "41":3861.4948730469,
        "42":3533.4758300781,
        "43":3556.4448242188,
        "44":3645.4621582031,
        "45":3416.1213378906,
        "46":3499.2761230469,
        "47":3874.2956542969,
        "48":3431.4084472656,
        "49":3632.8229980469
    },
    "std":{
        "-30":210.2213287354,
        "-29":222.0816955566,
        "-28":259.6893920898,
        "-27":188.7546691895,
        "-26":180.0709991455,
        "-25":206.2904968262,
        "-24":160.0043029785,
        "-23":202.215713501,
        "-22":199.0782775879,
        "-21":171.2155609131,
        "-20":145.2680358887,
        "-19":177.6849365234,
        "-18":142.844833374,
        "-17":221.2951812744,
        "-16":167.4875488281,
        "-15":176.2056884766,
        "-14":176.0990753174,
        "-13":166.2852630615,
        "-12":168.9830474854,
        "-11":167.8593597412,
        "-10":181.0182342529,
        "-9":156.6817932129,
        "-8":191.7427062988,
        "-7":215.6693267822,
        "-6":176.7734527588,
        "-5":144.633972168,
        "-4":151.0001983643,
        "-3":163.6810150146,
        "-2":221.284576416,
        "-1":150.1016540527,
        "0":143.2104949951,
        "1":186.7141571045,
        "2":138.4470214844,
        "3":180.6118164062,
        "4":217.126083374,
        "5":192.1550292969,
        "6":174.1569366455,
        "7":151.2278442383,
        "8":157.0671386719,
        "9":147.020324707,
        "10":193.3684082031,
        "11":183.0396575928,
        "12":161.8528900146,
        "13":142.4199523926,
        "14":203.9970245361,
        "15":116.6776275635,
        "16":189.3737335205,
        "17":163.4877319336,
        "18":215.4085388184,
        "19":185.2503662109,
        "20":207.1581573486,
        "21":129.373336792,
        "22":250.7380828857,
        "23":170.9239501953,
        "24":233.9577484131,
        "25":179.3011169434,
        "26":115.3442306519,
        "27":206.3213348389,
        "28":198.4593811035,
        "29":200.1250457764,
        "30":173.6959228516,
        "31":153.1320495605,
        "32":167.8421783447,
        "33":213.8838348389,
        "34":171.9562072754,
        "35":196.4308319092,
        "36":220.9545898438,
        "37":166.543762207,
        "38":231.6612243652,
        "39":166.0524291992,
        "40":165.9075317383,
        "41":197.8395690918,
        "42":152.7710876465,
        "43":199.1384124756,
        "44":207.9666748047,
        "45":162.6531219482,
        "46":200.1305541992,
        "47":185.0947723389,
        "48":212.3890686035,
        "49":230.2357940674
    }
}