{
    "data":{
        "-30":4155.8603515625,
        "-29":4248.6030273438,
        "-28":4144.4848632812,
        "-27":4316.1870117188,
        "-26":4252.23046875,
        "-25":4446.994140625,
        "-24":4405.9995117188,
        "-23":4264.5952148438,
        "-22":4276.4106445312,
        "-21":4379.25390625,
        "-20":4342.7319335938,
        "-19":4416.5893554688,
        "-18":4404.3002929688,
        "-17":4214.3559570312,
        "-16":4245.0014648438,
        "-15":4182.9174804688,
        "-14":4228.7915039062,
        "-13":4260.3305664062,
        "-12":4360.5302734375,
        "-11":4304.6752929688,
        "-10":4314.49609375,
        "-9":4290.01171875,
        "-8":4297.5009765625,
        "-7":4602.59765625,
        "-6":4526.09765625,
        "-5":4291.4790039062,
        "-4":4217.1977539062,
        "-3":4105.3154296875,
        "-2":4253.201171875,
        "-1":4265.5224609375,
        "0":4320.0087890625,
        "1":4169.33203125,
        "2":4369.353515625,
        "3":4397.2426757812,
        "4":4303.5737304688,
        "5":4371.2563476562,
        "6":4246.7568359375,
        "7":4196.1577148438,
        "8":4160.5346679688,
        "9":4362.8828125,
        "10":4303.6352539062,
        "11":4295.9155273438,
        "12":4225.5551757812,
        "13":4274.7841796875,
        "14":4239.95703125,
        "15":4387.2387695312,
        "16":4266.5795898438,
        "17":4370.5854492188,
        "18":4224.63671875,
        "19":4325.0908203125,
        "20":4306.8935546875,
        "21":4297.8247070312,
        "22":4175.7915039062,
        "23":4046.6428222656,
        "24":4205.8569335938,
        "25":4335.5961914062,
        "26":4196.3881835938,
        "27":4248.326171875,
        "28":4266.6762695312,
        "29":4140.7153320312,
        "30":4264.5913085938,
        "31":4078.1833496094,
        "32":4091.6704101562,
        "33":4223.7963867188,
        "34":4165.0302734375,
        "35":4158.1645507812,
        "36":4146.474609375,
        "37":4252.8383789062,
        "38":4281.5341796875,
        "39":4249.7075195312,
        "40":4095.5454101562,
        "41":4259.4750976562,
        "42":4294.0249023438,
        "43":4103.7749023438,
        "44":4034.9787597656,
        "45":4197.3071289062,
        "46":4110.2436523438,
        "47":4123.4892578125,
        "48":4296.5864257812,
        "49":4122.138671875
    },
    "std":{
        "-30":93.6985015869,
        "-29":85.7021179199,
        "-28":82.7671279907,
        "-27":84.4789428711,
        "-26":84.4165420532,
        "-25":127.8845672607,
        "-24":90.327911377,
        "-23":88.5704421997,
        "-22":104.9158630371,
        "-21":83.5283432007,
        "-20":105.4366607666,
        "-19":103.4254379272,
        "-18":111.7718963623,
        "-17":79.7123947144,
        "-16":116.8444519043,
        "-15":84.9854278564,
        "-14":102.4799957275,
        "-13":92.4432983398,
        "-12":119.222694397,
        "-11":88.436088562,
        "-10":95.8607788086,
        "-9":88.4289855957,
        "-8":95.2886734009,
        "-7":94.931022644,
        "-6":97.3632736206,
        "-5":136.251083374,
        "-4":81.7207641602,
        "-3":106.8554153442,
        "-2":123.5927429199,
        "-1":95.2868423462,
        "0":113.1990509033,
        "1":89.6725387573,
        "2":101.8137741089,
        "3":99.057800293,
        "4":85.1061477661,
        "5":125.0370864868,
        "6":108.1851577759,
        "7":108.1067047119,
        "8":127.67918396,
        "9":123.5225524902,
        "10":113.9535140991,
        "11":103.0138092041,
        "12":104.511680603,
        "13":109.1772766113,
        "14":96.7086791992,
        "15":120.7870483398,
        "16":120.0524520874,
        "17":98.8105545044,
        "18":100.054725647,
        "19":116.6726074219,
        "20":115.4022598267,
        "21":81.9160308838,
        "22":95.3558197021,
        "23":102.4317398071,
        "24":96.6116943359,
        "25":105.8712234497,
        "26":98.8995056152,
        "27":67.165397644,
        "28":78.6901702881,
        "29":115.2258224487,
        "30":129.6466217041,
        "31":130.5855712891,
        "32":107.8493041992,
        "33":79.7655334473,
        "34":86.8060302734,
        "35":120.5746231079,
        "36":100.09400177,
        "37":68.9618988037,
        "38":105.3936080933,
        "39":81.3865203857,
        "40":88.5814971924,
        "41":93.8691101074,
        "42":107.5350799561,
        "43":121.8708953857,
        "44":116.4514846802,
        "45":102.7659301758,
        "46":92.3751831055,
        "47":89.9544830322,
        "48":94.3721466064,
        "49":73.6938552856
    }
}