{
    "data":{
        "-30":5061.2231445312,
        "-29":4922.0712890625,
        "-28":4714.62890625,
        "-27":4785.6572265625,
        "-26":4697.98046875,
        "-25":5035.4228515625,
        "-24":4500.1162109375,
        "-23":4957.9780273438,
        "-22":5149.1772460938,
        "-21":5137.2387695312,
        "-20":4778.4174804688,
        "-19":4799.6162109375,
        "-18":4963.1752929688,
        "-17":4937.9091796875,
        "-16":4827.1948242188,
        "-15":5116.5849609375,
        "-14":4908.4536132812,
        "-13":4919.044921875,
        "-12":4403.5546875,
        "-11":4630.5849609375,
        "-10":5094.59765625,
        "-9":4943.4072265625,
        "-8":4776.2797851562,
        "-7":5029.671875,
        "-6":4744.0102539062,
        "-5":4805.3291015625,
        "-4":4606.3427734375,
        "-3":4669.0908203125,
        "-2":4892.4995117188,
        "-1":5162.81640625,
        "0":4945.7006835938,
        "1":4965.0366210938,
        "2":5089.8271484375,
        "3":5050.7421875,
        "4":5061.4038085938,
        "5":4805.7006835938,
        "6":4679.9458007812,
        "7":4887.5473632812,
        "8":5091.9755859375,
        "9":4805.2221679688,
        "10":4925.6391601562,
        "11":4984.1420898438,
        "12":4722.7353515625,
        "13":4672.1650390625,
        "14":4672.8505859375,
        "15":5039.0517578125,
        "16":4887.3696289062,
        "17":4640.328125,
        "18":4742.8818359375,
        "19":4983.0444335938,
        "20":4732.1547851562,
        "21":4634.478515625,
        "22":5161.3129882812,
        "23":4650.7280273438,
        "24":4861.0639648438,
        "25":4935.1391601562,
        "26":4849.8276367188,
        "27":4768.7768554688,
        "28":4711.892578125,
        "29":4835.90234375,
        "30":4789.8984375,
        "31":4895.580078125,
        "32":4564.0712890625,
        "33":4893.4296875,
        "34":4652.58984375,
        "35":4907.1220703125,
        "36":4630.484375,
        "37":4797.6665039062,
        "38":4699.4584960938,
        "39":4799.2368164062,
        "40":4875.9443359375,
        "41":4793.7700195312,
        "42":4756.9350585938,
        "43":4650.013671875,
        "44":4532.1572265625,
        "45":4815.17578125,
        "46":5040.1928710938,
        "47":5034.6318359375,
        "48":5159.6396484375,
        "49":4747.5615234375
    },
    "std":{
        "-30":158.5816955566,
        "-29":215.7578735352,
        "-28":209.8564147949,
        "-27":167.6035308838,
        "-26":157.0031280518,
        "-25":184.904006958,
        "-24":188.943939209,
        "-23":206.2425537109,
        "-22":151.8043518066,
        "-21":166.0402526855,
        "-20":190.7136535645,
        "-19":181.9423828125,
        "-18":174.8618469238,
        "-17":192.4948272705,
        "-16":260.0508117676,
        "-15":180.76171875,
        "-14":262.8623046875,
        "-13":157.7451629639,
        "-12":188.8838806152,
        "-11":212.842376709,
        "-10":173.4718017578,
        "-9":250.8918304443,
        "-8":180.8465881348,
        "-7":195.2413635254,
        "-6":233.5134429932,
        "-5":188.7136230469,
        "-4":243.3889465332,
        "-3":185.65234375,
        "-2":171.9123382568,
        "-1":174.8976287842,
        "0":235.7557373047,
        "1":195.828125,
        "2":212.5684509277,
        "3":231.9217376709,
        "4":283.5481567383,
        "5":172.9344177246,
        "6":215.0233459473,
        "7":166.8948822021,
        "8":183.9250793457,
        "9":270.2418823242,
        "10":212.1866760254,
        "11":186.254486084,
        "12":193.6881256104,
        "13":192.6040496826,
        "14":226.4490509033,
        "15":199.0922393799,
        "16":186.2342681885,
        "17":194.2821807861,
        "18":134.8704528809,
        "19":260.1952819824,
        "20":168.2829437256,
        "21":191.3326873779,
        "22":212.0266113281,
        "23":173.6721496582,
        "24":180.9127807617,
        "25":199.534576416,
        "26":191.3762664795,
        "27":191.1976776123,
        "28":177.5007171631,
        "29":204.7662811279,
        "30":125.1990585327,
        "31":158.0934753418,
        "32":187.2208557129,
        "33":138.4842376709,
        "34":193.8994445801,
        "35":156.1753540039,
        "36":181.3564910889,
        "37":157.7902069092,
        "38":165.7974395752,
        "39":181.4335021973,
        "40":177.977935791,
        "41":199.6909179688,
        "42":178.7317962646,
        "43":205.9904174805,
        "44":190.3405609131,
        "45":214.0723724365,
        "46":185.8931427002,
        "47":155.2794799805,
        "48":228.9493713379,
        "49":159.7412261963
    }
}