{
    "data":{
        "-30":4736.7783203125,
        "-29":4471.66015625,
        "-28":4682.1708984375,
        "-27":4549.6943359375,
        "-26":4357.5893554688,
        "-25":4136.5522460938,
        "-24":4110.2163085938,
        "-23":4396.3920898438,
        "-22":4391.0512695312,
        "-21":4485.8486328125,
        "-20":4288.1157226562,
        "-19":4580.3115234375,
        "-18":4496.1967773438,
        "-17":4207.4145507812,
        "-16":4309.8647460938,
        "-15":4463.4736328125,
        "-14":4488.75390625,
        "-13":4126.6015625,
        "-12":4240.6772460938,
        "-11":4388.912109375,
        "-10":4809.6982421875,
        "-9":4704.2490234375,
        "-8":4944.2514648438,
        "-7":4445.1850585938,
        "-6":4509.8701171875,
        "-5":4276.8178710938,
        "-4":4304.7993164062,
        "-3":4172.5380859375,
        "-2":4483.0708007812,
        "-1":3981.6057128906,
        "0":4341.76171875,
        "1":4318.5649414062,
        "2":4361.154296875,
        "3":4027.8400878906,
        "4":4139.349609375,
        "5":3854.1105957031,
        "6":4446.7509765625,
        "7":4456.5747070312,
        "8":4391.7275390625,
        "9":4357.8623046875,
        "10":3856.9489746094,
        "11":4520.8881835938,
        "12":4309.0419921875,
        "13":4150.0576171875,
        "14":4151.6577148438,
        "15":4416.2436523438,
        "16":4219.3364257812,
        "17":4435.05859375,
        "18":4424.7221679688,
        "19":4619.9995117188,
        "20":4487.6567382812,
        "21":4378.6752929688,
        "22":4476.1069335938,
        "23":4236.26953125,
        "24":4586.5537109375,
        "25":4497.4458007812,
        "26":4265.2353515625,
        "27":4605.4287109375,
        "28":4366.484375,
        "29":4063.3051757812,
        "30":4261.8618164062,
        "31":4364.4038085938,
        "32":4147.8212890625,
        "33":4182.4965820312,
        "34":4555.6909179688,
        "35":4657.7524414062,
        "36":4243.67578125,
        "37":4477.7666015625,
        "38":4899.6811523438,
        "39":4365.0336914062,
        "40":4232.076171875,
        "41":4388.01953125,
        "42":4111.9711914062,
        "43":4078.2004394531,
        "44":4611.5991210938,
        "45":4548.7294921875,
        "46":4804.2963867188,
        "47":4560.62890625,
        "48":4263.7939453125,
        "49":4540.65625
    },
    "std":{
        "-30":198.8631591797,
        "-29":227.7981872559,
        "-28":245.6393127441,
        "-27":130.8927459717,
        "-26":186.6448669434,
        "-25":129.7095794678,
        "-24":205.0137176514,
        "-23":144.2672424316,
        "-22":189.6667633057,
        "-21":158.835647583,
        "-20":196.3047332764,
        "-19":162.9877929688,
        "-18":243.8828887939,
        "-17":219.3714294434,
        "-16":243.717086792,
        "-15":249.5029907227,
        "-14":204.062286377,
        "-13":174.7124481201,
        "-12":145.5966949463,
        "-11":192.7090606689,
        "-10":181.1298217773,
        "-9":287.4415893555,
        "-8":195.5671234131,
        "-7":168.6617736816,
        "-6":240.9047088623,
        "-5":190.5510406494,
        "-4":210.6758422852,
        "-3":134.0081634521,
        "-2":177.9647369385,
        "-1":188.8583984375,
        "0":248.5290679932,
        "1":186.3219604492,
        "2":269.7697753906,
        "3":185.5945739746,
        "4":169.3763122559,
        "5":199.8551330566,
        "6":162.6053466797,
        "7":161.9916992188,
        "8":162.4581451416,
        "9":173.0459442139,
        "10":217.7893981934,
        "11":200.0459899902,
        "12":200.861038208,
        "13":151.6684417725,
        "14":185.9858398438,
        "15":188.8330841064,
        "16":177.0612182617,
        "17":180.7796020508,
        "18":141.7710723877,
        "19":143.8770599365,
        "20":151.0699157715,
        "21":131.3121032715,
        "22":150.9386138916,
        "23":186.3779144287,
        "24":210.9836425781,
        "25":170.692489624,
        "26":145.3316040039,
        "27":207.5262756348,
        "28":257.0790405273,
        "29":186.0984954834,
        "30":169.3465270996,
        "31":196.0582122803,
        "32":175.4327392578,
        "33":186.0374450684,
        "34":183.9945373535,
        "35":250.5109558105,
        "36":206.901260376,
        "37":216.0992126465,
        "38":274.7445373535,
        "39":178.1333465576,
        "40":217.005645752,
        "41":190.8659973145,
        "42":257.0157775879,
        "43":200.6276855469,
        "44":146.2209472656,
        "45":165.9734344482,
        "46":225.6694488525,
        "47":206.3943481445,
        "48":217.5796356201,
        "49":245.0169219971
    }
}