{
    "data":{
        "-30":7134.8095703125,
        "-29":6813.8569335938,
        "-28":6035.1904296875,
        "-27":7183.5239257812,
        "-26":6848.0952148438,
        "-25":5794.3334960938,
        "-24":6703.6665039062,
        "-23":6460.1904296875,
        "-22":6177.9047851562,
        "-21":6918.5239257812,
        "-20":6023.4287109375,
        "-19":6496.8569335938,
        "-18":7034.9521484375,
        "-17":6813.0,
        "-16":6312.6665039062,
        "-15":5862.0952148438,
        "-14":6656.23828125,
        "-13":6281.4287109375,
        "-12":6002.1904296875,
        "-11":6352.3334960938,
        "-10":6330.1904296875,
        "-9":6598.2856445312,
        "-8":6641.76171875,
        "-7":6359.380859375,
        "-6":5825.0952148438,
        "-5":6868.5712890625,
        "-4":6385.0,
        "-3":6623.4287109375,
        "-2":6969.5239257812,
        "-1":6582.380859375,
        "0":6292.0952148438,
        "1":6551.8095703125,
        "2":6883.380859375,
        "3":6742.8569335938,
        "4":6613.5239257812,
        "5":6530.2856445312,
        "6":6045.23828125,
        "7":6031.1904296875,
        "8":5882.8095703125,
        "9":7023.8569335938,
        "10":6937.380859375,
        "11":7046.4287109375,
        "12":7520.5712890625,
        "13":6673.619140625,
        "14":5338.6665039062,
        "15":6751.5239257812,
        "16":6385.5712890625,
        "17":6679.1904296875,
        "18":6094.8095703125,
        "19":6741.1904296875,
        "20":6657.7143554688,
        "21":6218.0952148438,
        "22":6229.9047851562,
        "23":6624.4287109375,
        "24":6240.9047851562,
        "25":7702.1904296875,
        "26":6756.9047851562,
        "27":6808.5239257812,
        "28":6361.9521484375,
        "29":6333.4287109375,
        "30":6348.7143554688,
        "31":6796.7143554688,
        "32":6537.1430664062,
        "33":7149.9047851562,
        "34":6188.8569335938,
        "35":6358.7143554688,
        "36":6400.619140625,
        "37":6482.2856445312,
        "38":6685.0,
        "39":6910.76171875,
        "40":6904.9047851562,
        "41":6373.8569335938,
        "42":6419.9047851562,
        "43":6277.380859375,
        "44":7074.0,
        "45":6570.8569335938,
        "46":5750.9047851562,
        "47":7241.7143554688,
        "48":6813.9047851562,
        "49":6602.0952148438
    },
    "std":{
        "-30":495.0225830078,
        "-29":512.1156005859,
        "-28":244.2126617432,
        "-27":447.9222106934,
        "-26":455.8471984863,
        "-25":335.2317199707,
        "-24":427.6431274414,
        "-23":361.9360961914,
        "-22":423.3741149902,
        "-21":513.1530761719,
        "-20":468.160949707,
        "-19":302.5643310547,
        "-18":451.2785949707,
        "-17":549.3796386719,
        "-16":533.3251953125,
        "-15":249.7340698242,
        "-14":418.7202758789,
        "-13":480.9508972168,
        "-12":369.9668884277,
        "-11":499.1786804199,
        "-10":389.5240478516,
        "-9":474.2483520508,
        "-8":478.7856445312,
        "-7":432.2605285645,
        "-6":436.8723449707,
        "-5":427.6882629395,
        "-4":424.8967590332,
        "-3":406.8122253418,
        "-2":527.489074707,
        "-1":374.6877746582,
        "0":529.4548950195,
        "1":449.9100952148,
        "2":429.9071960449,
        "3":360.111114502,
        "4":426.0246887207,
        "5":493.0300292969,
        "6":347.5763244629,
        "7":492.0899658203,
        "8":484.0392456055,
        "9":386.1233825684,
        "10":446.4844360352,
        "11":504.1973266602,
        "12":537.3571166992,
        "13":443.0134887695,
        "14":372.284362793,
        "15":452.7164916992,
        "16":458.0532531738,
        "17":378.666809082,
        "18":348.8187866211,
        "19":679.1416625977,
        "20":432.0213012695,
        "21":339.3527832031,
        "22":390.2650756836,
        "23":405.4834899902,
        "24":422.3674926758,
        "25":581.825012207,
        "26":428.510345459,
        "27":340.3925170898,
        "28":572.3555908203,
        "29":312.7404785156,
        "30":474.3266601562,
        "31":442.6400756836,
        "32":452.3381958008,
        "33":430.3599243164,
        "34":438.4776916504,
        "35":509.5989685059,
        "36":437.3661193848,
        "37":606.8338623047,
        "38":502.5924987793,
        "39":417.8912353516,
        "40":534.313659668,
        "41":404.4219055176,
        "42":435.7749023438,
        "43":413.4415283203,
        "44":437.1544494629,
        "45":424.8063354492,
        "46":374.6668395996,
        "47":461.1521911621,
        "48":512.6564941406,
        "49":356.2155151367
    }
}