{
    "data":{
        "-30":8486.482421875,
        "-29":8332.1181640625,
        "-28":8445.2265625,
        "-27":8560.798828125,
        "-26":8150.9760742188,
        "-25":8565.5849609375,
        "-24":8384.375,
        "-23":8368.75,
        "-22":8610.8828125,
        "-21":8436.541015625,
        "-20":8571.7412109375,
        "-19":8325.9150390625,
        "-18":8820.505859375,
        "-17":8402.9560546875,
        "-16":8969.7451171875,
        "-15":8570.51171875,
        "-14":8383.1279296875,
        "-13":8303.8486328125,
        "-12":8673.2734375,
        "-11":8936.5439453125,
        "-10":8329.2060546875,
        "-9":8418.4443359375,
        "-8":8326.0966796875,
        "-7":8530.6015625,
        "-6":8081.9790039062,
        "-5":8799.236328125,
        "-4":8873.2080078125,
        "-3":8525.9677734375,
        "-2":8083.2573242188,
        "-1":8599.677734375,
        "0":8609.44140625,
        "1":8493.0712890625,
        "2":8212.41015625,
        "3":8491.439453125,
        "4":8355.62109375,
        "5":8520.72265625,
        "6":8420.9482421875,
        "7":8634.765625,
        "8":8270.330078125,
        "9":8368.626953125,
        "10":8365.8798828125,
        "11":8070.59375,
        "12":8225.478515625,
        "13":8468.0703125,
        "14":8404.9951171875,
        "15":8285.7880859375,
        "16":8502.6982421875,
        "17":8287.5859375,
        "18":8396.8271484375,
        "19":8039.48046875,
        "20":8153.7275390625,
        "21":8489.9677734375,
        "22":8598.888671875,
        "23":8139.453125,
        "24":8002.6020507812,
        "25":8391.3388671875,
        "26":8110.3676757812,
        "27":8322.9072265625,
        "28":8082.5288085938,
        "29":8362.306640625,
        "30":8265.064453125,
        "31":7753.7944335938,
        "32":8247.4296875,
        "33":8221.373046875,
        "34":8102.3681640625,
        "35":8652.580078125,
        "36":8219.4140625,
        "37":8150.73046875,
        "38":7962.4970703125,
        "39":7980.5356445312,
        "40":8372.8388671875,
        "41":8405.619140625,
        "42":8182.2358398438,
        "43":8076.5102539062,
        "44":8099.1728515625,
        "45":8127.8168945312,
        "46":8198.1123046875,
        "47":8152.3818359375,
        "48":8132.244140625,
        "49":8095.1430664062
    },
    "std":{
        "-30":367.1142272949,
        "-29":301.5782470703,
        "-28":364.422454834,
        "-27":378.4574584961,
        "-26":362.8168945312,
        "-25":286.5008239746,
        "-24":288.7143249512,
        "-23":375.6910095215,
        "-22":467.6240539551,
        "-21":373.4618835449,
        "-20":356.0466918945,
        "-19":403.0184326172,
        "-18":424.1174621582,
        "-17":444.7519226074,
        "-16":387.5184631348,
        "-15":498.3841247559,
        "-14":471.9928283691,
        "-13":386.2782592773,
        "-12":385.5022888184,
        "-11":340.6399536133,
        "-10":413.6326293945,
        "-9":380.1941223145,
        "-8":420.1786499023,
        "-7":453.0159606934,
        "-6":335.3960571289,
        "-5":359.7863769531,
        "-4":356.7548828125,
        "-3":426.7401123047,
        "-2":336.1234741211,
        "-1":425.0893249512,
        "0":455.190246582,
        "1":361.3525085449,
        "2":360.3750610352,
        "3":383.210144043,
        "4":362.611541748,
        "5":351.7525939941,
        "6":289.9245300293,
        "7":311.5419921875,
        "8":360.3411254883,
        "9":247.0119171143,
        "10":328.8755187988,
        "11":308.1306152344,
        "12":344.9865112305,
        "13":297.639465332,
        "14":369.5472717285,
        "15":354.9750366211,
        "16":269.3818664551,
        "17":385.3471984863,
        "18":309.6832275391,
        "19":236.2623138428,
        "20":308.3012084961,
        "21":297.7717285156,
        "22":313.9218444824,
        "23":258.3334350586,
        "24":205.9415435791,
        "25":334.665802002,
        "26":354.1242980957,
        "27":280.4547729492,
        "28":304.7569274902,
        "29":295.9482727051,
        "30":309.7787475586,
        "31":281.2870788574,
        "32":297.8762512207,
        "33":244.6324462891,
        "34":223.3235015869,
        "35":321.7781677246,
        "36":243.2957611084,
        "37":318.098815918,
        "38":261.5490112305,
        "39":248.8932952881,
        "40":376.607635498,
        "41":337.0694580078,
        "42":291.1109008789,
        "43":301.2882080078,
        "44":306.7961120605,
        "45":264.2171630859,
        "46":325.7773132324,
        "47":264.139251709,
        "48":219.4948120117,
        "49":254.4397125244
    }
}