{
    "data":{
        "-30":4317.3061523438,
        "-29":4336.4575195312,
        "-28":4508.1181640625,
        "-27":4231.23828125,
        "-26":4351.7709960938,
        "-25":4452.4833984375,
        "-24":4603.9125976562,
        "-23":4393.3720703125,
        "-22":4441.9208984375,
        "-21":4350.2368164062,
        "-20":4349.2875976562,
        "-19":4468.736328125,
        "-18":4794.123046875,
        "-17":4698.5463867188,
        "-16":4356.45703125,
        "-15":4512.078125,
        "-14":4334.900390625,
        "-13":4184.5258789062,
        "-12":4262.3334960938,
        "-11":4438.8896484375,
        "-10":4372.2592773438,
        "-9":4467.8442382812,
        "-8":4281.91015625,
        "-7":4407.1240234375,
        "-6":4348.6000976562,
        "-5":4486.5673828125,
        "-4":4442.0810546875,
        "-3":4058.4951171875,
        "-2":4318.8237304688,
        "-1":4566.8720703125,
        "0":4494.07421875,
        "1":4546.6025390625,
        "2":4399.9428710938,
        "3":4414.0102539062,
        "4":4414.423828125,
        "5":4259.7529296875,
        "6":4532.5561523438,
        "7":4402.6694335938,
        "8":4449.3881835938,
        "9":4427.7490234375,
        "10":4545.177734375,
        "11":4356.9985351562,
        "12":4346.9755859375,
        "13":4385.29296875,
        "14":4503.0297851562,
        "15":4225.8818359375,
        "16":4189.0209960938,
        "17":4308.2802734375,
        "18":4322.7041015625,
        "19":4251.62109375,
        "20":4459.16015625,
        "21":4260.5629882812,
        "22":4353.7084960938,
        "23":4202.4306640625,
        "24":4377.1157226562,
        "25":4436.7744140625,
        "26":4539.9111328125,
        "27":4425.4790039062,
        "28":4378.8759765625,
        "29":4265.0556640625,
        "30":4371.6801757812,
        "31":4402.8583984375,
        "32":4450.4990234375,
        "33":4424.697265625,
        "34":4396.2397460938,
        "35":4543.1977539062,
        "36":4247.5927734375,
        "37":4477.5249023438,
        "38":4436.9560546875,
        "39":4245.7939453125,
        "40":4144.6943359375,
        "41":4221.2158203125,
        "42":4486.123046875,
        "43":4353.9438476562,
        "44":4341.6674804688,
        "45":4336.45703125,
        "46":4442.6831054688,
        "47":4330.1333007812,
        "48":4444.5009765625,
        "49":4263.0913085938
    },
    "std":{
        "-30":152.2700195312,
        "-29":126.5931167603,
        "-28":133.7797088623,
        "-27":111.1095733643,
        "-26":123.3896408081,
        "-25":124.5919952393,
        "-24":153.5850219727,
        "-23":133.4841156006,
        "-22":134.7140960693,
        "-21":158.992477417,
        "-20":107.365562439,
        "-19":129.3949584961,
        "-18":170.1919403076,
        "-17":131.8429718018,
        "-16":135.8425750732,
        "-15":146.5151062012,
        "-14":96.4004440308,
        "-13":113.3216934204,
        "-12":100.1393966675,
        "-11":163.4741516113,
        "-10":119.4783248901,
        "-9":126.0959854126,
        "-8":136.9080047607,
        "-7":158.1528778076,
        "-6":150.8779296875,
        "-5":116.2758331299,
        "-4":105.5972595215,
        "-3":124.0081710815,
        "-2":86.2573699951,
        "-1":131.0023040771,
        "0":167.5281677246,
        "1":135.3922424316,
        "2":124.3728866577,
        "3":126.3024291992,
        "4":112.2578125,
        "5":120.550994873,
        "6":150.188949585,
        "7":152.8566894531,
        "8":126.7827529907,
        "9":114.9870681763,
        "10":112.2015762329,
        "11":125.0065383911,
        "12":119.6368255615,
        "13":121.3388519287,
        "14":99.8313903809,
        "15":135.8048095703,
        "16":148.2669830322,
        "17":83.7841110229,
        "18":118.5380249023,
        "19":117.4665527344,
        "20":134.2699432373,
        "21":94.5821228027,
        "22":123.9553909302,
        "23":110.8855514526,
        "24":157.972366333,
        "25":109.2059020996,
        "26":108.6098022461,
        "27":164.518737793,
        "28":129.8363952637,
        "29":109.7329483032,
        "30":147.7317657471,
        "31":115.8291168213,
        "32":149.4930267334,
        "33":124.6921310425,
        "34":151.203704834,
        "35":168.1552276611,
        "36":107.3961791992,
        "37":128.0109710693,
        "38":124.7646484375,
        "39":103.4729690552,
        "40":116.3222808838,
        "41":148.7108001709,
        "42":143.747756958,
        "43":105.2090911865,
        "44":137.5511016846,
        "45":132.6877746582,
        "46":117.4906997681,
        "47":168.3598632812,
        "48":127.0437011719,
        "49":141.6762237549
    }
}