{
    "data":{
        "-30":5821.693359375,
        "-29":5500.3935546875,
        "-28":5513.0493164062,
        "-27":5656.7758789062,
        "-26":5638.6083984375,
        "-25":5892.47265625,
        "-24":5567.4306640625,
        "-23":5477.8125,
        "-22":5817.1787109375,
        "-21":5737.4506835938,
        "-20":5407.4233398438,
        "-19":5790.9096679688,
        "-18":5632.5947265625,
        "-17":5743.5859375,
        "-16":5864.9731445312,
        "-15":5523.3793945312,
        "-14":5572.9985351562,
        "-13":5470.3095703125,
        "-12":5951.7143554688,
        "-11":5579.71875,
        "-10":5553.2475585938,
        "-9":5746.5546875,
        "-8":5832.4013671875,
        "-7":5888.82421875,
        "-6":6067.0854492188,
        "-5":6033.8203125,
        "-4":5909.7646484375,
        "-3":5797.36328125,
        "-2":6027.5849609375,
        "-1":6104.4682617188,
        "0":6060.0869140625,
        "1":6088.2075195312,
        "2":6397.5981445312,
        "3":5736.3291015625,
        "4":6358.1704101562,
        "5":6370.7866210938,
        "6":6081.48046875,
        "7":6388.775390625,
        "8":6260.1977539062,
        "9":6006.6630859375,
        "10":6318.92578125,
        "11":6656.7509765625,
        "12":6306.8994140625,
        "13":6046.4497070312,
        "14":6027.7641601562,
        "15":5790.2905273438,
        "16":6160.6694335938,
        "17":6312.8452148438,
        "18":6176.1259765625,
        "19":6312.2573242188,
        "20":6125.2587890625,
        "21":6174.7211914062,
        "22":5963.8349609375,
        "23":6094.91015625,
        "24":6004.4858398438,
        "25":6201.5087890625,
        "26":5830.7739257812,
        "27":5825.2260742188,
        "28":5966.921875,
        "29":6275.83203125,
        "30":6169.5825195312,
        "31":6062.876953125,
        "32":5993.8369140625,
        "33":6076.875,
        "34":5502.7690429688,
        "35":5845.1875,
        "36":5644.3803710938,
        "37":5950.2973632812,
        "38":5592.6958007812,
        "39":5570.7412109375,
        "40":5764.1611328125,
        "41":5710.0693359375,
        "42":6096.0258789062,
        "43":5788.1552734375,
        "44":5781.318359375,
        "45":5575.0336914062,
        "46":5752.8828125,
        "47":5702.8291015625,
        "48":5593.1962890625,
        "49":5530.3740234375
    },
    "std":{
        "-30":301.7225952148,
        "-29":401.1505737305,
        "-28":351.9452209473,
        "-27":345.4397583008,
        "-26":318.5295410156,
        "-25":408.6387634277,
        "-24":306.8879089355,
        "-23":302.843963623,
        "-22":345.059753418,
        "-21":368.1642150879,
        "-20":257.6278991699,
        "-19":292.9891662598,
        "-18":311.1080322266,
        "-17":311.6971130371,
        "-16":234.013961792,
        "-15":190.1741638184,
        "-14":264.9624328613,
        "-13":293.8452758789,
        "-12":245.9881134033,
        "-11":285.1141357422,
        "-10":346.5758056641,
        "-9":290.1584777832,
        "-8":365.4872131348,
        "-7":360.1974487305,
        "-6":341.9205932617,
        "-5":332.7071838379,
        "-4":333.6899108887,
        "-3":448.9221496582,
        "-2":461.6958618164,
        "-1":515.6365966797,
        "0":559.366394043,
        "1":526.1345825195,
        "2":604.1306762695,
        "3":565.1532592773,
        "4":587.5939331055,
        "5":626.3465576172,
        "6":728.2141723633,
        "7":646.5781860352,
        "8":762.3435058594,
        "9":720.8327026367,
        "10":743.568359375,
        "11":754.2604980469,
        "12":787.060546875,
        "13":745.5095214844,
        "14":744.0774536133,
        "15":704.4018554688,
        "16":740.5166015625,
        "17":766.7011108398,
        "18":691.1036376953,
        "19":733.3876953125,
        "20":701.3526611328,
        "21":661.0619506836,
        "22":694.282409668,
        "23":655.0287475586,
        "24":642.8653564453,
        "25":652.4733886719,
        "26":525.6003417969,
        "27":509.1797485352,
        "28":586.7875976562,
        "29":524.7002563477,
        "30":588.2640380859,
        "31":564.6170654297,
        "32":522.8360595703,
        "33":510.6094970703,
        "34":412.5468444824,
        "35":478.9767456055,
        "36":516.9506835938,
        "37":450.7582397461,
        "38":499.6245422363,
        "39":459.0021362305,
        "40":376.9979248047,
        "41":396.9620056152,
        "42":383.4121398926,
        "43":365.8084716797,
        "44":397.517791748,
        "45":319.1428833008,
        "46":395.4143371582,
        "47":303.9115905762,
        "48":399.4969177246,
        "49":353.2987976074
    }
}