{
    "data":{
        "-30":5619.0478515625,
        "-29":5560.5239257812,
        "-28":6526.8095703125,
        "-27":6190.0,
        "-26":5679.7143554688,
        "-25":6082.380859375,
        "-24":6345.9521484375,
        "-23":6398.5239257812,
        "-22":5076.3334960938,
        "-21":6166.5712890625,
        "-20":6569.76171875,
        "-19":6383.9521484375,
        "-18":6999.8095703125,
        "-17":5581.1904296875,
        "-16":6756.619140625,
        "-15":6116.4760742188,
        "-14":6767.8095703125,
        "-13":5847.76171875,
        "-12":6033.8095703125,
        "-11":5793.5239257812,
        "-10":6378.76171875,
        "-9":6156.23828125,
        "-8":6306.9047851562,
        "-7":6748.380859375,
        "-6":6189.9521484375,
        "-5":6194.4760742188,
        "-4":6793.4760742188,
        "-3":5978.1430664062,
        "-2":6303.2856445312,
        "-1":5971.9521484375,
        "0":6698.7143554688,
        "1":5693.5712890625,
        "2":6084.7143554688,
        "3":6873.2856445312,
        "4":6642.619140625,
        "5":5723.76171875,
        "6":6095.1904296875,
        "7":6034.8095703125,
        "8":6613.2856445312,
        "9":5825.8569335938,
        "10":6349.5239257812,
        "11":5859.3334960938,
        "12":7338.4760742188,
        "13":6048.9047851562,
        "14":6133.0,
        "15":5786.1430664062,
        "16":6436.4287109375,
        "17":6765.3334960938,
        "18":6753.8095703125,
        "19":6186.1430664062,
        "20":6276.0478515625,
        "21":5710.4287109375,
        "22":5968.0952148438,
        "23":5376.2856445312,
        "24":6572.1430664062,
        "25":5691.6665039062,
        "26":6377.2856445312,
        "27":5875.619140625,
        "28":5983.3334960938,
        "29":6483.8095703125,
        "30":5644.380859375,
        "31":5347.23828125,
        "32":5956.2856445312,
        "33":6135.0952148438,
        "34":5423.4760742188,
        "35":6233.1430664062,
        "36":6514.8569335938,
        "37":6173.23828125,
        "38":6925.0478515625,
        "39":5578.6665039062,
        "40":5748.2856445312,
        "41":5947.1430664062,
        "42":5508.9047851562,
        "43":6755.4287109375,
        "44":6213.619140625,
        "45":5633.5239257812,
        "46":5458.619140625,
        "47":5596.0952148438,
        "48":5448.619140625,
        "49":6546.1904296875
    },
    "std":{
        "-30":560.1303100586,
        "-29":564.9808959961,
        "-28":701.0408935547,
        "-27":821.4325561523,
        "-26":728.2768554688,
        "-25":524.2322387695,
        "-24":750.8924560547,
        "-23":1115.8629150391,
        "-22":525.2742919922,
        "-21":700.5717773438,
        "-20":770.9747314453,
        "-19":751.8029785156,
        "-18":740.9027099609,
        "-17":633.2424926758,
        "-16":552.5749511719,
        "-15":663.6091918945,
        "-14":659.1542358398,
        "-13":581.7520751953,
        "-12":736.4453735352,
        "-11":704.9296264648,
        "-10":631.7421875,
        "-9":691.5999145508,
        "-8":690.9588012695,
        "-7":808.6020507812,
        "-6":741.3673095703,
        "-5":948.5140991211,
        "-4":851.8056640625,
        "-3":700.3251953125,
        "-2":697.7290649414,
        "-1":803.9834594727,
        "0":737.8276977539,
        "1":731.4970092773,
        "2":803.4779052734,
        "3":771.4309692383,
        "4":897.1136474609,
        "5":748.9189453125,
        "6":606.8419799805,
        "7":879.6063842773,
        "8":854.4828491211,
        "9":898.9428100586,
        "10":685.9172363281,
        "11":736.8782958984,
        "12":905.5947265625,
        "13":608.5641479492,
        "14":930.0793457031,
        "15":950.1920776367,
        "16":731.3762817383,
        "17":1030.1247558594,
        "18":953.734375,
        "19":945.8787231445,
        "20":872.8327026367,
        "21":802.9085693359,
        "22":867.4824829102,
        "23":597.5330810547,
        "24":868.0886230469,
        "25":867.3903198242,
        "26":811.1149291992,
        "27":897.4926757812,
        "28":712.8450317383,
        "29":881.594543457,
        "30":902.1909179688,
        "31":741.4739990234,
        "32":781.2796020508,
        "33":884.5575561523,
        "34":792.9038696289,
        "35":869.3212890625,
        "36":635.5259399414,
        "37":793.8209838867,
        "38":865.7116088867,
        "39":786.0651855469,
        "40":744.8513793945,
        "41":631.2229614258,
        "42":675.3433227539,
        "43":747.283203125,
        "44":671.2513427734,
        "45":456.7118530273,
        "46":522.8893432617,
        "47":528.3641357422,
        "48":558.0599365234,
        "49":666.0695800781
    }
}