{
    "data":{
        "-30":4831.5415039062,
        "-29":4674.677734375,
        "-28":4540.6948242188,
        "-27":4811.8530273438,
        "-26":4567.91796875,
        "-25":4796.7275390625,
        "-24":4798.7998046875,
        "-23":4534.6396484375,
        "-22":4898.0244140625,
        "-21":4727.955078125,
        "-20":4279.486328125,
        "-19":4768.3266601562,
        "-18":4739.0073242188,
        "-17":4563.1137695312,
        "-16":4791.6865234375,
        "-15":4694.5229492188,
        "-14":4601.1450195312,
        "-13":4713.6108398438,
        "-12":4575.2055664062,
        "-11":4848.4287109375,
        "-10":4726.1401367188,
        "-9":4693.3110351562,
        "-8":4626.0786132812,
        "-7":4556.5122070312,
        "-6":4876.16015625,
        "-5":4534.8081054688,
        "-4":4608.759765625,
        "-3":4756.1005859375,
        "-2":4479.3642578125,
        "-1":4695.8334960938,
        "0":4960.3071289062,
        "1":4779.5053710938,
        "2":4897.6533203125,
        "3":4693.8305664062,
        "4":4589.28515625,
        "5":4977.720703125,
        "6":4801.9912109375,
        "7":4818.3251953125,
        "8":4762.658203125,
        "9":4935.0732421875,
        "10":4774.0083007812,
        "11":4902.0541992188,
        "12":4850.3681640625,
        "13":4633.6733398438,
        "14":4616.01171875,
        "15":4501.24609375,
        "16":4564.1137695312,
        "17":4734.3251953125,
        "18":4777.9692382812,
        "19":4728.828125,
        "20":4730.7319335938,
        "21":4947.5815429688,
        "22":4809.1591796875,
        "23":4959.6459960938,
        "24":4857.3071289062,
        "25":4953.3227539062,
        "26":4769.3369140625,
        "27":4871.8706054688,
        "28":4754.6303710938,
        "29":4597.6435546875,
        "30":4948.69140625,
        "31":4667.1396484375,
        "32":4725.4956054688,
        "33":4733.7724609375,
        "34":4435.857421875,
        "35":4797.2353515625,
        "36":4819.5903320312,
        "37":4803.1772460938,
        "38":4782.6918945312,
        "39":4896.392578125,
        "40":4825.4086914062,
        "41":4988.8564453125,
        "42":4453.9819335938,
        "43":4526.4931640625,
        "44":4732.7836914062,
        "45":4680.2563476562,
        "46":4697.5986328125,
        "47":4714.53125,
        "48":4530.1274414062,
        "49":4666.44921875
    },
    "std":{
        "-30":93.054397583,
        "-29":149.5521087646,
        "-28":152.1449279785,
        "-27":169.1856842041,
        "-26":129.0315551758,
        "-25":138.9828338623,
        "-24":163.9886322021,
        "-23":97.4742279053,
        "-22":126.4126739502,
        "-21":123.2415466309,
        "-20":133.0884094238,
        "-19":136.6693572998,
        "-18":106.3389205933,
        "-17":127.4489517212,
        "-16":135.6348876953,
        "-15":139.2601776123,
        "-14":126.7043151855,
        "-13":139.0818786621,
        "-12":157.6024475098,
        "-11":117.3394088745,
        "-10":159.7707366943,
        "-9":126.333984375,
        "-8":153.1947021484,
        "-7":133.1235046387,
        "-6":164.528793335,
        "-5":152.6149597168,
        "-4":135.7531890869,
        "-3":89.57421875,
        "-2":145.705291748,
        "-1":173.469329834,
        "0":184.2875213623,
        "1":147.5253448486,
        "2":141.823348999,
        "3":143.5124206543,
        "4":137.733505249,
        "5":141.6699371338,
        "6":166.1457061768,
        "7":151.8860015869,
        "8":145.5263519287,
        "9":147.0249481201,
        "10":169.5384063721,
        "11":161.9202880859,
        "12":158.2081756592,
        "13":138.4854125977,
        "14":98.4280471802,
        "15":147.7477264404,
        "16":149.0075531006,
        "17":119.9855422974,
        "18":134.1375579834,
        "19":142.1908569336,
        "20":121.0507659912,
        "21":164.2830200195,
        "22":127.4727859497,
        "23":176.1702728271,
        "24":156.909942627,
        "25":188.547164917,
        "26":113.7683792114,
        "27":150.1184082031,
        "28":83.7001190186,
        "29":148.8013153076,
        "30":137.7964172363,
        "31":173.8087005615,
        "32":123.9619445801,
        "33":203.2836608887,
        "34":168.1529388428,
        "35":168.9542999268,
        "36":169.0755004883,
        "37":146.2639923096,
        "38":149.7838745117,
        "39":161.4574279785,
        "40":105.1910858154,
        "41":147.5157165527,
        "42":149.0821228027,
        "43":115.9186859131,
        "44":172.9415435791,
        "45":154.8755645752,
        "46":161.9945068359,
        "47":101.4434738159,
        "48":147.3523254395,
        "49":178.3116149902
    }
}