{
    "data":{
        "-30":8508.8779296875,
        "-29":8346.509765625,
        "-28":8474.7236328125,
        "-27":8388.052734375,
        "-26":8681.8193359375,
        "-25":8483.484375,
        "-24":8222.0546875,
        "-23":8436.2763671875,
        "-22":7954.416015625,
        "-21":8199.3779296875,
        "-20":7941.6831054688,
        "-19":8114.6665039062,
        "-18":7809.0966796875,
        "-17":8203.4091796875,
        "-16":7844.4091796875,
        "-15":8395.8896484375,
        "-14":8351.1455078125,
        "-13":8184.1303710938,
        "-12":7930.9643554688,
        "-11":8346.90625,
        "-10":8321.8818359375,
        "-9":8003.7827148438,
        "-8":8070.9477539062,
        "-7":8226.333984375,
        "-6":8575.7705078125,
        "-5":8029.5595703125,
        "-4":8124.3295898438,
        "-3":8007.5366210938,
        "-2":8140.6025390625,
        "-1":7748.3881835938,
        "0":7800.6674804688,
        "1":8147.1918945312,
        "2":7927.8354492188,
        "3":8027.865234375,
        "4":7806.8227539062,
        "5":8780.951171875,
        "6":8009.5014648438,
        "7":7932.271484375,
        "8":8472.498046875,
        "9":7990.4829101562,
        "10":8124.6293945312,
        "11":8117.599609375,
        "12":8023.625,
        "13":8113.0966796875,
        "14":7726.2172851562,
        "15":8168.134765625,
        "16":8082.431640625,
        "17":8334.232421875,
        "18":8327.501953125,
        "19":8204.2958984375,
        "20":8203.931640625,
        "21":8237.1044921875,
        "22":8243.763671875,
        "23":8248.9931640625,
        "24":8696.58203125,
        "25":8442.330078125,
        "26":7905.6845703125,
        "27":8373.580078125,
        "28":8215.8701171875,
        "29":8425.1572265625,
        "30":8576.5361328125,
        "31":8691.21875,
        "32":8398.1923828125,
        "33":9073.5068359375,
        "34":8476.6669921875,
        "35":8734.9814453125,
        "36":8552.1240234375,
        "37":8742.4345703125,
        "38":8401.2138671875,
        "39":8596.9765625,
        "40":8398.5078125,
        "41":8706.220703125,
        "42":8275.7509765625,
        "43":8649.2080078125,
        "44":8439.1474609375,
        "45":8524.5615234375,
        "46":8534.5830078125,
        "47":8567.703125,
        "48":8001.6264648438,
        "49":8842.9169921875
    },
    "std":{
        "-30":583.1594238281,
        "-29":522.1459350586,
        "-28":498.2077941895,
        "-27":558.0610351562,
        "-26":521.8991088867,
        "-25":554.3897094727,
        "-24":597.1013183594,
        "-23":534.9820556641,
        "-22":600.5110473633,
        "-21":496.9000244141,
        "-20":499.2001953125,
        "-19":441.8776245117,
        "-18":553.6720581055,
        "-17":493.002532959,
        "-16":492.7562255859,
        "-15":466.0088195801,
        "-14":544.3388671875,
        "-13":421.1315917969,
        "-12":476.0227661133,
        "-11":516.4775390625,
        "-10":460.598236084,
        "-9":401.8873596191,
        "-8":391.4511108398,
        "-7":385.3159179688,
        "-6":401.1802062988,
        "-5":383.1264648438,
        "-4":331.8282775879,
        "-3":336.0129089355,
        "-2":357.4938354492,
        "-1":278.9868774414,
        "0":355.0125427246,
        "1":445.5587158203,
        "2":274.651550293,
        "3":268.2912597656,
        "4":373.7974853516,
        "5":372.1564941406,
        "6":380.384765625,
        "7":419.5469055176,
        "8":478.4153442383,
        "9":293.2004089355,
        "10":360.2169799805,
        "11":388.9825439453,
        "12":384.2527770996,
        "13":370.8501586914,
        "14":431.5774536133,
        "15":338.725189209,
        "16":442.8381958008,
        "17":349.6374206543,
        "18":382.3994750977,
        "19":510.8622436523,
        "20":404.0769958496,
        "21":413.815826416,
        "22":399.966003418,
        "23":397.1459655762,
        "24":447.9783630371,
        "25":352.311126709,
        "26":520.7653198242,
        "27":622.7064208984,
        "28":549.2787475586,
        "29":604.3567504883,
        "30":553.9075927734,
        "31":518.6273803711,
        "32":559.944519043,
        "33":645.7940673828,
        "34":601.0759277344,
        "35":580.7503051758,
        "36":548.7896118164,
        "37":428.0740966797,
        "38":601.6247558594,
        "39":558.3211669922,
        "40":684.7513427734,
        "41":479.116607666,
        "42":725.8154907227,
        "43":549.8328857422,
        "44":473.9973754883,
        "45":577.4721069336,
        "46":651.5805053711,
        "47":535.6348266602,
        "48":606.1973876953,
        "49":533.6431274414
    }
}