{
    "data":{
        "-30":6300.2197265625,
        "-29":5819.1147460938,
        "-28":6028.7919921875,
        "-27":6205.6396484375,
        "-26":6288.5712890625,
        "-25":6099.4428710938,
        "-24":5781.7211914062,
        "-23":5887.2783203125,
        "-22":6159.1728515625,
        "-21":6299.203125,
        "-20":6095.3237304688,
        "-19":6020.4541015625,
        "-18":6215.609375,
        "-17":6221.4907226562,
        "-16":6408.44921875,
        "-15":5939.9975585938,
        "-14":5896.42578125,
        "-13":5983.8852539062,
        "-12":6140.0927734375,
        "-11":5854.1953125,
        "-10":6043.8759765625,
        "-9":5938.66796875,
        "-8":6221.8525390625,
        "-7":5693.6123046875,
        "-6":6143.9912109375,
        "-5":5944.8212890625,
        "-4":6078.2509765625,
        "-3":6311.4018554688,
        "-2":6021.9106445312,
        "-1":5843.2104492188,
        "0":6080.6728515625,
        "1":6019.7431640625,
        "2":5702.1459960938,
        "3":6176.87109375,
        "4":5858.6728515625,
        "5":6281.15625,
        "6":5978.1259765625,
        "7":6042.1264648438,
        "8":6244.1005859375,
        "9":6010.1962890625,
        "10":6091.5478515625,
        "11":6222.6958007812,
        "12":6054.7905273438,
        "13":6086.0395507812,
        "14":6131.3559570312,
        "15":6073.0185546875,
        "16":6140.4736328125,
        "17":6409.05078125,
        "18":6281.4321289062,
        "19":6236.6181640625,
        "20":6535.375,
        "21":6306.9858398438,
        "22":6201.7329101562,
        "23":6120.0517578125,
        "24":6137.7719726562,
        "25":6092.349609375,
        "26":6295.46484375,
        "27":6233.7529296875,
        "28":6084.7216796875,
        "29":6265.6518554688,
        "30":6104.1044921875,
        "31":6214.6865234375,
        "32":6081.93359375,
        "33":5858.6528320312,
        "34":6188.4248046875,
        "35":6502.8071289062,
        "36":6350.3666992188,
        "37":5974.9853515625,
        "38":6086.5302734375,
        "39":5941.5078125,
        "40":6103.28515625,
        "41":6203.2939453125,
        "42":6170.4619140625,
        "43":5893.4038085938,
        "44":6016.2119140625,
        "45":6078.3149414062,
        "46":6182.2915039062,
        "47":6424.2358398438,
        "48":5922.2993164062,
        "49":6133.66015625
    },
    "std":{
        "-30":155.2027435303,
        "-29":155.8195343018,
        "-28":129.2220153809,
        "-27":179.9412841797,
        "-26":193.2020263672,
        "-25":177.7629547119,
        "-24":156.3656616211,
        "-23":201.9008636475,
        "-22":157.7474822998,
        "-21":152.7426147461,
        "-20":155.2210998535,
        "-19":148.6011047363,
        "-18":179.3852539062,
        "-17":191.5732421875,
        "-16":210.1168518066,
        "-15":170.4105834961,
        "-14":158.553527832,
        "-13":141.1741790771,
        "-12":126.0655288696,
        "-11":153.8736877441,
        "-10":156.8897399902,
        "-9":156.2883758545,
        "-8":128.2802734375,
        "-7":164.4409790039,
        "-6":187.8182373047,
        "-5":155.5922393799,
        "-4":118.2334823608,
        "-3":200.4572143555,
        "-2":212.3165283203,
        "-1":207.2470397949,
        "0":211.8314361572,
        "1":162.5673828125,
        "2":129.99269104,
        "3":167.7121429443,
        "4":123.5656280518,
        "5":174.8484191895,
        "6":178.5967254639,
        "7":153.5522766113,
        "8":118.9994277954,
        "9":195.9393920898,
        "10":112.8742523193,
        "11":165.3071899414,
        "12":173.4821472168,
        "13":183.1189117432,
        "14":160.1186676025,
        "15":194.0492095947,
        "16":188.4055175781,
        "17":288.8600769043,
        "18":202.7836303711,
        "19":168.2036743164,
        "20":187.4173736572,
        "21":202.4246826172,
        "22":154.0108947754,
        "23":104.3309631348,
        "24":211.3135375977,
        "25":245.4185943604,
        "26":138.857131958,
        "27":206.0040740967,
        "28":139.5357208252,
        "29":195.182800293,
        "30":178.8422698975,
        "31":198.366897583,
        "32":147.0304412842,
        "33":276.3116149902,
        "34":182.8430023193,
        "35":111.393737793,
        "36":153.9083251953,
        "37":103.0730667114,
        "38":168.6352844238,
        "39":192.9425201416,
        "40":288.3567810059,
        "41":148.5303039551,
        "42":174.3515167236,
        "43":171.847869873,
        "44":179.651473999,
        "45":166.2651824951,
        "46":202.716003418,
        "47":174.3470916748,
        "48":182.408706665,
        "49":141.9887390137
    }
}