{
    "data":{
        "-30":16320.380859375,
        "-29":17141.666015625,
        "-28":17472.71484375,
        "-27":16395.71484375,
        "-26":17916.19140625,
        "-25":17985.380859375,
        "-24":17753.76171875,
        "-23":16685.572265625,
        "-22":16626.095703125,
        "-21":15243.6669921875,
        "-20":17099.23828125,
        "-19":16571.4765625,
        "-18":15205.5712890625,
        "-17":16030.4287109375,
        "-16":16852.5234375,
        "-15":15951.1904296875,
        "-14":16306.8095703125,
        "-13":17182.857421875,
        "-12":16845.0,
        "-11":16088.5712890625,
        "-10":17532.619140625,
        "-9":16307.0,
        "-8":17217.095703125,
        "-7":16635.4765625,
        "-6":15913.0,
        "-5":16797.666015625,
        "-4":16846.142578125,
        "-3":17097.80859375,
        "-2":16547.427734375,
        "-1":16610.904296875,
        "0":16560.095703125,
        "1":17147.666015625,
        "2":17010.953125,
        "3":16729.19140625,
        "4":16359.2861328125,
        "5":16541.904296875,
        "6":17401.666015625,
        "7":17858.666015625,
        "8":16835.666015625,
        "9":17003.80859375,
        "10":17333.4765625,
        "11":16622.333984375,
        "12":16423.333984375,
        "13":16257.3330078125,
        "14":17408.666015625,
        "15":17090.23828125,
        "16":15404.857421875,
        "17":16070.5234375,
        "18":16622.572265625,
        "19":17032.80859375,
        "20":16902.23828125,
        "21":16016.1904296875,
        "22":16317.2861328125,
        "23":16749.572265625,
        "24":17464.666015625,
        "25":18262.80859375,
        "26":17660.046875,
        "27":17278.71484375,
        "28":18007.953125,
        "29":16499.80859375,
        "30":16858.28515625,
        "31":17356.0,
        "32":17224.76171875,
        "33":17065.80859375,
        "34":16341.0478515625,
        "35":17864.572265625,
        "36":17013.095703125,
        "37":17388.333984375,
        "38":17428.046875,
        "39":16783.095703125,
        "40":16570.80859375,
        "41":16502.380859375,
        "42":17897.71484375,
        "43":17538.76171875,
        "44":16382.5234375,
        "45":18296.572265625,
        "46":16645.5234375,
        "47":16147.3330078125,
        "48":17032.619140625,
        "49":18221.953125
    },
    "std":{
        "-30":938.6599731445,
        "-29":757.7109985352,
        "-28":1009.0328979492,
        "-27":885.7416381836,
        "-26":845.1651611328,
        "-25":781.154296875,
        "-24":805.9624633789,
        "-23":871.5252685547,
        "-22":893.0629272461,
        "-21":865.508605957,
        "-20":841.5436401367,
        "-19":868.285949707,
        "-18":864.6077880859,
        "-17":542.6774291992,
        "-16":912.2557373047,
        "-15":797.3964233398,
        "-14":872.0286865234,
        "-13":745.9104614258,
        "-12":813.3487548828,
        "-11":926.390625,
        "-10":735.4970703125,
        "-9":789.9877319336,
        "-8":489.641418457,
        "-7":766.4643554688,
        "-6":848.8218994141,
        "-5":805.5596313477,
        "-4":882.5971069336,
        "-3":653.4389648438,
        "-2":778.9392700195,
        "-1":831.3023071289,
        "0":1047.1060791016,
        "1":777.5560302734,
        "2":937.1668701172,
        "3":834.7850952148,
        "4":824.0438232422,
        "5":750.5059204102,
        "6":786.970703125,
        "7":788.7640991211,
        "8":890.5738525391,
        "9":776.9946289062,
        "10":688.0637817383,
        "11":835.1986694336,
        "12":797.5152587891,
        "13":786.4179077148,
        "14":725.619934082,
        "15":891.0614013672,
        "16":1003.0549316406,
        "17":923.065612793,
        "18":860.6979980469,
        "19":953.0804443359,
        "20":877.9036865234,
        "21":858.5447998047,
        "22":865.0476074219,
        "23":940.2643432617,
        "24":705.1651000977,
        "25":964.0140380859,
        "26":820.6076049805,
        "27":984.3791503906,
        "28":753.5620117188,
        "29":776.1174926758,
        "30":913.9625854492,
        "31":851.9342651367,
        "32":941.9501953125,
        "33":950.6803588867,
        "34":853.8850708008,
        "35":710.4191894531,
        "36":932.7094726562,
        "37":986.6295776367,
        "38":920.3397827148,
        "39":877.783203125,
        "40":920.1644287109,
        "41":817.0857543945,
        "42":697.0581054688,
        "43":966.1472167969,
        "44":796.3272705078,
        "45":819.5017700195,
        "46":830.2095336914,
        "47":956.5451049805,
        "48":798.4256591797,
        "49":905.8300170898
    }
}