{
    "data":{
        "-30":5083.1821289062,
        "-29":4728.822265625,
        "-28":4884.9194335938,
        "-27":4985.6201171875,
        "-26":4733.3959960938,
        "-25":4736.5498046875,
        "-24":5008.9711914062,
        "-23":4769.921875,
        "-22":5001.0361328125,
        "-21":4693.9809570312,
        "-20":4965.3642578125,
        "-19":5216.4829101562,
        "-18":4861.33203125,
        "-17":4865.8745117188,
        "-16":4754.0708007812,
        "-15":5239.8427734375,
        "-14":4781.103515625,
        "-13":4866.2666015625,
        "-12":5074.4555664062,
        "-11":4988.7006835938,
        "-10":4967.2666015625,
        "-9":4640.8979492188,
        "-8":5022.5888671875,
        "-7":5039.65234375,
        "-6":4952.2412109375,
        "-5":4896.6020507812,
        "-4":5142.53515625,
        "-3":4980.3212890625,
        "-2":5110.841796875,
        "-1":4748.8637695312,
        "0":5097.8120117188,
        "1":4755.21484375,
        "2":5110.4516601562,
        "3":4929.69921875,
        "4":5125.9926757812,
        "5":5211.9956054688,
        "6":4953.0668945312,
        "7":5380.802734375,
        "8":5270.1279296875,
        "9":5231.2045898438,
        "10":5294.4506835938,
        "11":5166.8540039062,
        "12":5057.7016601562,
        "13":5140.1225585938,
        "14":5207.5034179688,
        "15":4902.8657226562,
        "16":5223.15234375,
        "17":5425.8349609375,
        "18":4746.4873046875,
        "19":4876.2524414062,
        "20":5010.3583984375,
        "21":4854.8271484375,
        "22":5501.60546875,
        "23":4895.1997070312,
        "24":5131.55078125,
        "25":4778.6860351562,
        "26":5125.6630859375,
        "27":5185.3764648438,
        "28":5001.255859375,
        "29":4854.4482421875,
        "30":5011.8188476562,
        "31":4853.6118164062,
        "32":4922.8994140625,
        "33":5165.5908203125,
        "34":4937.0751953125,
        "35":4955.4287109375,
        "36":4791.986328125,
        "37":4785.6391601562,
        "38":5357.9165039062,
        "39":4883.4370117188,
        "40":4883.6430664062,
        "41":5084.3647460938,
        "42":5220.4995117188,
        "43":4912.2211914062,
        "44":5031.8076171875,
        "45":4963.8803710938,
        "46":4837.3793945312,
        "47":4906.435546875,
        "48":4763.7802734375,
        "49":4805.8447265625
    },
    "std":{
        "-30":282.8159484863,
        "-29":268.023651123,
        "-28":221.623626709,
        "-27":282.7289123535,
        "-26":208.2252044678,
        "-25":227.0377349854,
        "-24":193.0188140869,
        "-23":196.1318054199,
        "-22":299.7906494141,
        "-21":202.5572967529,
        "-20":225.3268585205,
        "-19":249.8613891602,
        "-18":231.7287139893,
        "-17":278.710723877,
        "-16":197.3773498535,
        "-15":267.1479187012,
        "-14":211.3589324951,
        "-13":229.8174285889,
        "-12":354.8491516113,
        "-11":310.7913513184,
        "-10":289.4194641113,
        "-9":227.91065979,
        "-8":333.9557800293,
        "-7":253.7369689941,
        "-6":340.6104431152,
        "-5":221.3614501953,
        "-4":258.4668579102,
        "-3":317.7101135254,
        "-2":224.7551269531,
        "-1":267.4006347656,
        "0":221.2498931885,
        "1":276.6496582031,
        "2":321.994354248,
        "3":315.1527709961,
        "4":315.0846557617,
        "5":267.8172912598,
        "6":356.2462768555,
        "7":409.215057373,
        "8":397.470703125,
        "9":358.3502502441,
        "10":380.9436645508,
        "11":357.0016784668,
        "12":404.1579284668,
        "13":352.0330810547,
        "14":370.5178527832,
        "15":411.8672790527,
        "16":423.0151672363,
        "17":366.1510620117,
        "18":247.2832489014,
        "19":319.5628967285,
        "20":327.5786743164,
        "21":278.8879699707,
        "22":280.9363098145,
        "23":355.9911499023,
        "24":331.3448791504,
        "25":381.3742675781,
        "26":351.1590881348,
        "27":405.2844238281,
        "28":224.6676483154,
        "29":393.9519958496,
        "30":213.4600524902,
        "31":238.7802124023,
        "32":294.0992736816,
        "33":214.5976257324,
        "34":278.8378295898,
        "35":217.591293335,
        "36":195.4414215088,
        "37":299.1718444824,
        "38":353.5309143066,
        "39":296.9385681152,
        "40":301.8992919922,
        "41":309.3971557617,
        "42":294.7812805176,
        "43":238.2998657227,
        "44":266.729309082,
        "45":330.6265258789,
        "46":209.2502593994,
        "47":303.5483093262,
        "48":262.6178894043,
        "49":242.9531097412
    }
}