{
    "data":{
        "-30":7997.9560546875,
        "-29":8366.0927734375,
        "-28":8056.390625,
        "-27":8009.3271484375,
        "-26":8181.1416015625,
        "-25":8344.3525390625,
        "-24":8299.521484375,
        "-23":8110.0170898438,
        "-22":8199.9873046875,
        "-21":7994.7866210938,
        "-20":7836.8115234375,
        "-19":8046.3793945312,
        "-18":7934.8579101562,
        "-17":7978.42578125,
        "-16":8190.0810546875,
        "-15":8171.8676757812,
        "-14":8018.255859375,
        "-13":7902.3989257812,
        "-12":8057.583984375,
        "-11":7908.1547851562,
        "-10":7867.34375,
        "-9":7822.40625,
        "-8":8180.9604492188,
        "-7":7947.4619140625,
        "-6":8015.4716796875,
        "-5":7885.8364257812,
        "-4":7894.8862304688,
        "-3":7842.4970703125,
        "-2":7816.5693359375,
        "-1":7835.01953125,
        "0":7764.0991210938,
        "1":7991.5180664062,
        "2":8045.92578125,
        "3":7776.5791015625,
        "4":7667.9345703125,
        "5":7951.6489257812,
        "6":8067.0927734375,
        "7":7731.0883789062,
        "8":7763.8759765625,
        "9":7747.5737304688,
        "10":8045.4365234375,
        "11":7726.8920898438,
        "12":7752.6166992188,
        "13":7887.662109375,
        "14":8104.2978515625,
        "15":8019.1616210938,
        "16":7977.4321289062,
        "17":7639.3369140625,
        "18":7913.5083007812,
        "19":7983.052734375,
        "20":7824.7915039062,
        "21":7848.3764648438,
        "22":7612.1147460938,
        "23":7880.3134765625,
        "24":7739.9350585938,
        "25":7765.5102539062,
        "26":7762.40625,
        "27":7973.62109375,
        "28":7999.7060546875,
        "29":8078.2158203125,
        "30":7952.6318359375,
        "31":7868.8779296875,
        "32":7647.6845703125,
        "33":7597.6904296875,
        "34":7662.7133789062,
        "35":7586.0952148438,
        "36":7924.6225585938,
        "37":8037.6630859375,
        "38":8261.5888671875,
        "39":8031.8608398438,
        "40":8003.890625,
        "41":8125.8481445312,
        "42":8327.0244140625,
        "43":8015.4458007812,
        "44":7965.3364257812,
        "45":7997.00390625,
        "46":7675.3833007812,
        "47":7854.9106445312,
        "48":8178.9916992188,
        "49":7929.3525390625
    },
    "std":{
        "-30":369.326965332,
        "-29":359.5469055176,
        "-28":398.0003967285,
        "-27":334.1168823242,
        "-26":399.8748779297,
        "-25":406.3249816895,
        "-24":371.6856079102,
        "-23":314.5859680176,
        "-22":370.1478881836,
        "-21":385.4059143066,
        "-20":325.8376464844,
        "-19":377.1493530273,
        "-18":339.5300598145,
        "-17":325.9080505371,
        "-16":388.1233520508,
        "-15":376.2917480469,
        "-14":289.6756896973,
        "-13":251.8837738037,
        "-12":354.2238464355,
        "-11":251.0458984375,
        "-10":318.126739502,
        "-9":253.7247467041,
        "-8":210.4293212891,
        "-7":265.3110046387,
        "-6":234.9027099609,
        "-5":229.4865570068,
        "-4":245.7410736084,
        "-3":278.7423095703,
        "-2":285.4487609863,
        "-1":213.6342315674,
        "0":240.7316131592,
        "1":196.2792053223,
        "2":254.075012207,
        "3":230.9851989746,
        "4":160.6411743164,
        "5":225.4280853271,
        "6":238.6956634521,
        "7":248.502243042,
        "8":190.6394042969,
        "9":155.3811035156,
        "10":216.796585083,
        "11":225.4097747803,
        "12":200.1845092773,
        "13":189.4722442627,
        "14":206.7028503418,
        "15":221.0268096924,
        "16":214.4709472656,
        "17":212.0914154053,
        "18":218.2796783447,
        "19":210.5170593262,
        "20":198.8391113281,
        "21":243.6589202881,
        "22":172.88722229,
        "23":209.0516204834,
        "24":199.9356689453,
        "25":179.3267211914,
        "26":244.7200317383,
        "27":181.9732666016,
        "28":198.6140899658,
        "29":156.811340332,
        "30":206.1591796875,
        "31":230.2366485596,
        "32":256.1751403809,
        "33":188.6403656006,
        "34":214.8591766357,
        "35":214.5785369873,
        "36":238.2053527832,
        "37":348.5177612305,
        "38":309.9913330078,
        "39":331.0457458496,
        "40":319.0463562012,
        "41":376.9522705078,
        "42":329.532623291,
        "43":280.1689758301,
        "44":350.2493896484,
        "45":302.4204101562,
        "46":342.2236022949,
        "47":368.1164855957,
        "48":346.0003662109,
        "49":394.7317504883
    }
}