{
    "data":{
        "-30":11607.6064453125,
        "-29":11826.0107421875,
        "-28":11381.818359375,
        "-27":11627.1923828125,
        "-26":11981.458984375,
        "-25":12043.4365234375,
        "-24":11589.5107421875,
        "-23":11745.587890625,
        "-22":11483.0224609375,
        "-21":11517.6474609375,
        "-20":11482.16796875,
        "-19":11066.5146484375,
        "-18":11684.892578125,
        "-17":11838.583984375,
        "-16":11707.3095703125,
        "-15":11757.0419921875,
        "-14":11384.8388671875,
        "-13":12125.94921875,
        "-12":11184.12109375,
        "-11":11635.6982421875,
        "-10":10918.4013671875,
        "-9":11245.3955078125,
        "-8":11516.806640625,
        "-7":11422.6181640625,
        "-6":11733.51953125,
        "-5":11212.3935546875,
        "-4":11177.966796875,
        "-3":10945.244140625,
        "-2":10825.591796875,
        "-1":11827.4580078125,
        "0":11113.4111328125,
        "1":10959.87890625,
        "2":10655.3310546875,
        "3":11462.3193359375,
        "4":11326.8369140625,
        "5":11366.1318359375,
        "6":11606.375,
        "7":11644.2158203125,
        "8":11161.2109375,
        "9":11070.3203125,
        "10":11579.494140625,
        "11":10668.8173828125,
        "12":11259.076171875,
        "13":11189.0390625,
        "14":11977.14453125,
        "15":11360.1123046875,
        "16":11712.298828125,
        "17":11630.626953125,
        "18":11587.625,
        "19":11578.0732421875,
        "20":11355.439453125,
        "21":11123.6328125,
        "22":11323.2509765625,
        "23":11111.009765625,
        "24":11252.1083984375,
        "25":11479.2451171875,
        "26":11693.001953125,
        "27":11019.6005859375,
        "28":10824.9169921875,
        "29":11196.1376953125,
        "30":11132.576171875,
        "31":11535.1455078125,
        "32":11509.5751953125,
        "33":11022.2421875,
        "34":11045.6982421875,
        "35":11266.2578125,
        "36":11000.8583984375,
        "37":11841.552734375,
        "38":11281.1416015625,
        "39":11450.27734375,
        "40":11237.5986328125,
        "41":10701.0068359375,
        "42":11464.8544921875,
        "43":11759.36328125,
        "44":11551.533203125,
        "45":11910.6611328125,
        "46":11350.0068359375,
        "47":11536.029296875,
        "48":11674.357421875,
        "49":11351.8896484375
    },
    "std":{
        "-30":716.9966430664,
        "-29":703.9511108398,
        "-28":686.9099731445,
        "-27":689.7965087891,
        "-26":683.8134765625,
        "-25":723.337890625,
        "-24":834.1219482422,
        "-23":694.9732666016,
        "-22":748.6021728516,
        "-21":719.1455688477,
        "-20":802.5509033203,
        "-19":761.5808105469,
        "-18":804.9367675781,
        "-17":801.0185546875,
        "-16":810.584777832,
        "-15":736.6845703125,
        "-14":710.9783325195,
        "-13":612.3345947266,
        "-12":755.3090820312,
        "-11":742.5459594727,
        "-10":744.6165771484,
        "-9":768.0628662109,
        "-8":683.6431884766,
        "-7":667.4027709961,
        "-6":657.0360717773,
        "-5":664.2973632812,
        "-4":716.5755004883,
        "-3":631.1353149414,
        "-2":633.8392333984,
        "-1":670.3344726562,
        "0":548.2284545898,
        "1":567.6821289062,
        "2":494.7309570312,
        "3":521.0693359375,
        "4":675.4721679688,
        "5":482.6626281738,
        "6":574.758972168,
        "7":576.895690918,
        "8":525.8014526367,
        "9":540.103515625,
        "10":655.7398071289,
        "11":462.5154724121,
        "12":470.906036377,
        "13":588.3840332031,
        "14":620.965637207,
        "15":500.1494140625,
        "16":487.6990661621,
        "17":601.7596435547,
        "18":651.4323120117,
        "19":683.5869750977,
        "20":569.4608154297,
        "21":530.4202270508,
        "22":604.6102905273,
        "23":508.3960876465,
        "24":682.0753173828,
        "25":669.1838989258,
        "26":577.7534790039,
        "27":499.2330932617,
        "28":676.5455322266,
        "29":518.8277587891,
        "30":556.9989013672,
        "31":572.5710449219,
        "32":623.8286132812,
        "33":642.3589477539,
        "34":573.2042236328,
        "35":645.4503173828,
        "36":502.2117919922,
        "37":641.9612426758,
        "38":615.4622192383,
        "39":542.3545532227,
        "40":793.996887207,
        "41":659.8004150391,
        "42":649.0328369141,
        "43":616.4781494141,
        "44":737.5311279297,
        "45":676.6724853516,
        "46":715.5530395508,
        "47":678.4799804688,
        "48":696.5186157227,
        "49":716.6283569336
    }
}