{
    "data":{
        "-30":13564.5732421875,
        "-29":13465.5908203125,
        "-28":12975.8291015625,
        "-27":13251.9853515625,
        "-26":13685.4033203125,
        "-25":13737.8203125,
        "-24":13801.173828125,
        "-23":13512.8291015625,
        "-22":13728.7978515625,
        "-21":13827.64453125,
        "-20":13865.2529296875,
        "-19":13630.7451171875,
        "-18":13562.8017578125,
        "-17":13487.3662109375,
        "-16":14559.7236328125,
        "-15":13868.5478515625,
        "-14":13519.6513671875,
        "-13":13448.4833984375,
        "-12":13698.0400390625,
        "-11":13266.201171875,
        "-10":13154.576171875,
        "-9":13151.41796875,
        "-8":13257.0859375,
        "-7":13401.341796875,
        "-6":13604.763671875,
        "-5":14206.7080078125,
        "-4":13765.80078125,
        "-3":13560.6220703125,
        "-2":13778.357421875,
        "-1":13384.26953125,
        "0":13627.2158203125,
        "1":13465.2734375,
        "2":13397.9423828125,
        "3":13883.068359375,
        "4":13402.341796875,
        "5":13624.5048828125,
        "6":13472.6669921875,
        "7":13736.7080078125,
        "8":12552.556640625,
        "9":13304.7890625,
        "10":13967.744140625,
        "11":13437.01953125,
        "12":14021.3720703125,
        "13":13878.0400390625,
        "14":13900.0654296875,
        "15":13980.92578125,
        "16":13360.0400390625,
        "17":13321.4609375,
        "18":13956.40625,
        "19":13971.3955078125,
        "20":13938.431640625,
        "21":13501.7451171875,
        "22":13803.98828125,
        "23":13748.3798828125,
        "24":13682.798828125,
        "25":14007.9912109375,
        "26":13644.251953125,
        "27":13343.576171875,
        "28":13444.873046875,
        "29":13598.5732421875,
        "30":13197.59375,
        "31":13572.4267578125,
        "32":13766.1337890625,
        "33":13357.09375,
        "34":13737.6279296875,
        "35":13658.1083984375,
        "36":13827.248046875,
        "37":13698.8076171875,
        "38":13323.84375,
        "39":13396.9921875,
        "40":13141.568359375,
        "41":13879.33203125,
        "42":14097.625,
        "43":13565.908203125,
        "44":13609.201171875,
        "45":13743.466796875,
        "46":13636.4091796875,
        "47":13738.4140625,
        "48":13451.8291015625,
        "49":12823.1669921875
    },
    "std":{
        "-30":338.0203552246,
        "-29":256.1617126465,
        "-28":293.7173156738,
        "-27":324.0459594727,
        "-26":313.3551330566,
        "-25":323.1065063477,
        "-24":313.6564025879,
        "-23":299.5745849609,
        "-22":265.305480957,
        "-21":282.1293640137,
        "-20":316.3317260742,
        "-19":289.6290893555,
        "-18":300.7597351074,
        "-17":260.0061645508,
        "-16":367.3376464844,
        "-15":277.4186096191,
        "-14":326.1571960449,
        "-13":327.8734130859,
        "-12":296.5576782227,
        "-11":233.8447265625,
        "-10":266.4358520508,
        "-9":316.8078308105,
        "-8":243.5905609131,
        "-7":246.3466796875,
        "-6":354.9322509766,
        "-5":359.2708129883,
        "-4":308.002746582,
        "-3":302.0922546387,
        "-2":310.1846313477,
        "-1":345.182434082,
        "0":222.8341369629,
        "1":221.7801818848,
        "2":273.8506469727,
        "3":267.4725341797,
        "4":382.9694213867,
        "5":240.0873565674,
        "6":392.4979553223,
        "7":292.1907043457,
        "8":272.4494018555,
        "9":241.662322998,
        "10":261.6109924316,
        "11":315.0122680664,
        "12":309.7336120605,
        "13":326.3727111816,
        "14":371.8809814453,
        "15":329.4004516602,
        "16":335.1244506836,
        "17":253.3655395508,
        "18":287.8574523926,
        "19":252.9029083252,
        "20":312.3741760254,
        "21":236.2556304932,
        "22":298.2358093262,
        "23":239.4539337158,
        "24":267.328918457,
        "25":237.412322998,
        "26":335.4964599609,
        "27":286.7309570312,
        "28":356.8370361328,
        "29":239.7964172363,
        "30":288.0763549805,
        "31":246.985244751,
        "32":254.3452758789,
        "33":216.9491424561,
        "34":281.8562927246,
        "35":277.3206176758,
        "36":227.2789611816,
        "37":354.0772399902,
        "38":215.2782745361,
        "39":340.205078125,
        "40":347.6297607422,
        "41":290.4012756348,
        "42":456.829284668,
        "43":409.5291748047,
        "44":303.787902832,
        "45":378.1703186035,
        "46":227.8208770752,
        "47":310.4422607422,
        "48":286.1969299316,
        "49":313.560760498
    }
}