{
    "data":{
        "-30":7216.162109375,
        "-29":7591.8413085938,
        "-28":7377.6079101562,
        "-27":7151.4228515625,
        "-26":7138.1206054688,
        "-25":8322.1708984375,
        "-24":7950.6645507812,
        "-23":7084.6235351562,
        "-22":7092.6318359375,
        "-21":7823.4799804688,
        "-20":7470.6552734375,
        "-19":8378.845703125,
        "-18":8163.3310546875,
        "-17":7954.0551757812,
        "-16":7415.0698242188,
        "-15":8503.9072265625,
        "-14":7205.2529296875,
        "-13":7586.38671875,
        "-12":6505.4018554688,
        "-11":7788.5224609375,
        "-10":7839.6748046875,
        "-9":7504.5180664062,
        "-8":7680.5698242188,
        "-7":7118.072265625,
        "-6":7399.2641601562,
        "-5":7213.3725585938,
        "-4":7861.7202148438,
        "-3":7018.76171875,
        "-2":6912.6533203125,
        "-1":7374.7944335938,
        "0":7476.2939453125,
        "1":7888.10546875,
        "2":7428.1962890625,
        "3":6889.9741210938,
        "4":8035.8291015625,
        "5":6982.828125,
        "6":7480.6103515625,
        "7":7468.12109375,
        "8":7556.6337890625,
        "9":7264.5805664062,
        "10":7730.2827148438,
        "11":7732.6274414062,
        "12":7365.427734375,
        "13":7755.3452148438,
        "14":7841.234375,
        "15":7105.1323242188,
        "16":7363.9350585938,
        "17":7165.4106445312,
        "18":7836.599609375,
        "19":7624.6450195312,
        "20":6853.33203125,
        "21":6894.2211914062,
        "22":7618.5805664062,
        "23":7591.7612304688,
        "24":7720.2744140625,
        "25":7791.3139648438,
        "26":7365.3037109375,
        "27":7226.8920898438,
        "28":7095.5791015625,
        "29":7237.0180664062,
        "30":7696.3740234375,
        "31":7378.7739257812,
        "32":7345.4501953125,
        "33":7490.9038085938,
        "34":7398.62890625,
        "35":7394.33984375,
        "36":7726.5112304688,
        "37":7718.646484375,
        "38":7482.59375,
        "39":7308.9262695312,
        "40":8055.5791015625,
        "41":7555.7724609375,
        "42":6850.1928710938,
        "43":7247.3422851562,
        "44":8435.748046875,
        "45":7513.0556640625,
        "46":7824.51171875,
        "47":7570.83984375,
        "48":7432.994140625,
        "49":7461.921875
    },
    "std":{
        "-30":657.1326293945,
        "-29":578.0517578125,
        "-28":609.1421508789,
        "-27":636.0397338867,
        "-26":600.331237793,
        "-25":857.0477905273,
        "-24":836.9155883789,
        "-23":677.6970214844,
        "-22":550.772644043,
        "-21":704.1645507812,
        "-20":864.6531982422,
        "-19":869.9387207031,
        "-18":562.8341674805,
        "-17":842.6552124023,
        "-16":782.9323120117,
        "-15":644.3226928711,
        "-14":522.4971313477,
        "-13":604.2669067383,
        "-12":693.2450561523,
        "-11":662.496887207,
        "-10":719.6240234375,
        "-9":770.1490478516,
        "-8":593.8271484375,
        "-7":635.6874389648,
        "-6":694.1380004883,
        "-5":579.5963134766,
        "-4":744.1093139648,
        "-3":696.5098876953,
        "-2":659.3642578125,
        "-1":584.3112792969,
        "0":665.6735229492,
        "1":657.0688476562,
        "2":643.0914306641,
        "3":488.4286193848,
        "4":768.9553833008,
        "5":582.7478027344,
        "6":540.2681884766,
        "7":593.0383911133,
        "8":582.1083984375,
        "9":609.697265625,
        "10":542.4279785156,
        "11":773.6280517578,
        "12":484.5596923828,
        "13":670.2926635742,
        "14":647.4514770508,
        "15":637.4982910156,
        "16":649.025390625,
        "17":523.7440795898,
        "18":587.9776000977,
        "19":643.6826782227,
        "20":537.4244384766,
        "21":633.1923217773,
        "22":737.9124755859,
        "23":734.4146118164,
        "24":852.645690918,
        "25":817.940612793,
        "26":762.0057373047,
        "27":740.7083740234,
        "28":772.8009033203,
        "29":686.5270996094,
        "30":824.9183349609,
        "31":778.4552612305,
        "32":794.0,
        "33":862.6896362305,
        "34":692.7975463867,
        "35":644.6568603516,
        "36":771.5756835938,
        "37":812.1576538086,
        "38":750.485168457,
        "39":865.0653076172,
        "40":931.7216186523,
        "41":662.2554321289,
        "42":648.5801391602,
        "43":958.6953125,
        "44":722.9198608398,
        "45":683.6060180664,
        "46":629.7808837891,
        "47":627.8665771484,
        "48":642.8475952148,
        "49":617.3638305664
    }
}