{
    "data":{
        "-30":7135.3603515625,
        "-29":6815.7836914062,
        "-28":6518.9477539062,
        "-27":7007.6064453125,
        "-26":6686.1875,
        "-25":6339.7006835938,
        "-24":6456.287109375,
        "-23":6651.0336914062,
        "-22":6629.1323242188,
        "-21":6842.3725585938,
        "-20":6529.5014648438,
        "-19":6606.4560546875,
        "-18":6903.48046875,
        "-17":6666.4584960938,
        "-16":6534.28515625,
        "-15":6691.3935546875,
        "-14":6649.5913085938,
        "-13":6111.66796875,
        "-12":6530.6948242188,
        "-11":6501.7958984375,
        "-10":6587.9926757812,
        "-9":6489.4858398438,
        "-8":6896.3310546875,
        "-7":6526.609375,
        "-6":6500.3349609375,
        "-5":6629.3979492188,
        "-4":6814.73828125,
        "-3":6803.3618164062,
        "-2":6784.6850585938,
        "-1":6470.4428710938,
        "0":6714.6049804688,
        "1":6629.7700195312,
        "2":6592.7744140625,
        "3":6342.6674804688,
        "4":6640.0166015625,
        "5":6533.9663085938,
        "6":6589.7055664062,
        "7":6634.384765625,
        "8":6866.1264648438,
        "9":6248.43359375,
        "10":6545.275390625,
        "11":6693.884765625,
        "12":6214.9150390625,
        "13":6292.8803710938,
        "14":6377.1918945312,
        "15":6801.328125,
        "16":6459.2944335938,
        "17":6278.97265625,
        "18":6385.078125,
        "19":6728.8510742188,
        "20":6746.6733398438,
        "21":6625.5698242188,
        "22":6298.0141601562,
        "23":6421.6362304688,
        "24":6656.6708984375,
        "25":6314.8193359375,
        "26":6645.4487304688,
        "27":6660.7758789062,
        "28":6385.60546875,
        "29":6902.708984375,
        "30":6614.6416015625,
        "31":6660.23046875,
        "32":6745.51953125,
        "33":6146.85546875,
        "34":6506.3051757812,
        "35":6785.9072265625,
        "36":6163.5649414062,
        "37":6483.03125,
        "38":6420.9130859375,
        "39":6339.7387695312,
        "40":6468.1899414062,
        "41":6557.0083007812,
        "42":6330.8676757812,
        "43":6505.521484375,
        "44":6651.9975585938,
        "45":6543.0908203125,
        "46":6693.0551757812,
        "47":7035.521484375,
        "48":6472.28515625,
        "49":6579.7641601562
    },
    "std":{
        "-30":381.6681518555,
        "-29":425.0525512695,
        "-28":392.231048584,
        "-27":393.6537780762,
        "-26":288.9565124512,
        "-25":287.5813598633,
        "-24":364.429473877,
        "-23":298.4610595703,
        "-22":257.4340209961,
        "-21":282.7203063965,
        "-20":346.234375,
        "-19":257.7882080078,
        "-18":295.6313171387,
        "-17":346.6466674805,
        "-16":312.3649597168,
        "-15":279.1606750488,
        "-14":324.5642089844,
        "-13":297.133392334,
        "-12":315.536895752,
        "-11":267.1484375,
        "-10":350.127746582,
        "-9":327.048034668,
        "-8":312.4069519043,
        "-7":333.3724060059,
        "-6":314.3110961914,
        "-5":339.5078125,
        "-4":294.03515625,
        "-3":317.3764038086,
        "-2":355.6652832031,
        "-1":405.6751403809,
        "0":327.0244750977,
        "1":376.7564697266,
        "2":346.8218688965,
        "3":307.7444152832,
        "4":316.5678405762,
        "5":369.7524719238,
        "6":350.5903625488,
        "7":280.0881958008,
        "8":287.662689209,
        "9":251.4142608643,
        "10":293.866027832,
        "11":259.2673950195,
        "12":283.517578125,
        "13":280.8160095215,
        "14":312.794921875,
        "15":322.4071350098,
        "16":249.0639953613,
        "17":340.0589904785,
        "18":327.0409545898,
        "19":279.2749938965,
        "20":227.3765106201,
        "21":314.5824279785,
        "22":303.4694824219,
        "23":311.5494384766,
        "24":330.6638183594,
        "25":312.829284668,
        "26":359.5409851074,
        "27":331.1540222168,
        "28":336.6724853516,
        "29":300.920501709,
        "30":302.7862854004,
        "31":287.0262756348,
        "32":349.8727111816,
        "33":313.2861328125,
        "34":278.9134216309,
        "35":326.3307495117,
        "36":322.7640686035,
        "37":321.5567016602,
        "38":294.1336975098,
        "39":240.0182037354,
        "40":338.7386779785,
        "41":371.994140625,
        "42":307.4695129395,
        "43":306.5590820312,
        "44":275.6714782715,
        "45":327.5986022949,
        "46":255.4949951172,
        "47":385.9376831055,
        "48":307.7467956543,
        "49":406.546081543
    }
}