{
    "data":{
        "-30":6558.1748046875,
        "-29":6336.140625,
        "-28":6180.4565429688,
        "-27":6168.421875,
        "-26":6968.8764648438,
        "-25":6810.3266601562,
        "-24":6418.28125,
        "-23":6750.4658203125,
        "-22":6803.3408203125,
        "-21":6595.3725585938,
        "-20":5952.9599609375,
        "-19":6482.1508789062,
        "-18":6747.7104492188,
        "-17":6224.3374023438,
        "-16":5792.0483398438,
        "-15":6498.5639648438,
        "-14":6402.7387695312,
        "-13":6440.134765625,
        "-12":6748.6630859375,
        "-11":6392.0922851562,
        "-10":6149.5834960938,
        "-9":6304.2983398438,
        "-8":6064.0380859375,
        "-7":6063.7319335938,
        "-6":6863.578125,
        "-5":6757.7856445312,
        "-4":6399.1630859375,
        "-3":6340.0952148438,
        "-2":6674.85546875,
        "-1":6314.900390625,
        "0":6327.7646484375,
        "1":6234.6796875,
        "2":5928.9233398438,
        "3":6325.8852539062,
        "4":6472.7319335938,
        "5":6149.6982421875,
        "6":6136.4155273438,
        "7":6163.6357421875,
        "8":6547.71875,
        "9":5527.2211914062,
        "10":6261.8095703125,
        "11":6165.927734375,
        "12":5932.4438476562,
        "13":6548.5087890625,
        "14":5435.79296875,
        "15":6484.0522460938,
        "16":6148.9233398438,
        "17":6381.8764648438,
        "18":6855.4174804688,
        "19":6034.5053710938,
        "20":6143.3291015625,
        "21":5870.7602539062,
        "22":6099.7211914062,
        "23":5701.8408203125,
        "24":6014.6118164062,
        "25":6175.0693359375,
        "26":6243.3759765625,
        "27":6242.7543945312,
        "28":6179.0512695312,
        "29":6107.3046875,
        "30":5810.9711914062,
        "31":5829.18359375,
        "32":6081.3256835938,
        "33":6570.9135742188,
        "34":6270.431640625,
        "35":6254.6333007812,
        "36":6057.3725585938,
        "37":6077.302734375,
        "38":6328.9345703125,
        "39":6170.1845703125,
        "40":6132.8168945312,
        "41":6554.328125,
        "42":5730.6635742188,
        "43":6786.0180664062,
        "44":6483.3666992188,
        "45":6295.7255859375,
        "46":6394.212890625,
        "47":6563.0600585938,
        "48":6450.7446289062,
        "49":6243.7197265625
    },
    "std":{
        "-30":517.1616210938,
        "-29":520.8110961914,
        "-28":414.5403747559,
        "-27":488.3735961914,
        "-26":541.772277832,
        "-25":550.036315918,
        "-24":573.446472168,
        "-23":602.6469116211,
        "-22":689.6096191406,
        "-21":652.4452514648,
        "-20":728.3181762695,
        "-19":523.0166015625,
        "-18":562.3931274414,
        "-17":599.4686889648,
        "-16":554.1295166016,
        "-15":652.2427368164,
        "-14":626.5662841797,
        "-13":561.2172241211,
        "-12":623.8888549805,
        "-11":457.0730285645,
        "-10":531.1986694336,
        "-9":542.4922485352,
        "-8":527.0864868164,
        "-7":496.8666687012,
        "-6":625.5090332031,
        "-5":518.6672363281,
        "-4":642.4827270508,
        "-3":571.7360229492,
        "-2":515.2362060547,
        "-1":351.9158325195,
        "0":517.29296875,
        "1":434.4487304688,
        "2":557.7151489258,
        "3":369.8842468262,
        "4":510.6397705078,
        "5":453.6002807617,
        "6":318.2692260742,
        "7":523.7329101562,
        "8":497.4112548828,
        "9":256.4668579102,
        "10":400.2971801758,
        "11":372.7784118652,
        "12":380.2162780762,
        "13":332.1672363281,
        "14":331.0389709473,
        "15":404.671661377,
        "16":305.6669616699,
        "17":523.3403320312,
        "18":505.854888916,
        "19":440.9087219238,
        "20":500.0509338379,
        "21":378.2687683105,
        "22":459.3016052246,
        "23":300.0295410156,
        "24":384.3598327637,
        "25":349.0615539551,
        "26":409.500579834,
        "27":370.2149963379,
        "28":448.6082458496,
        "29":439.8327331543,
        "30":286.1187438965,
        "31":381.0444335938,
        "32":302.2689208984,
        "33":361.9351806641,
        "34":399.8565979004,
        "35":412.578704834,
        "36":284.2922363281,
        "37":307.9612121582,
        "38":400.8248901367,
        "39":345.5595092773,
        "40":323.7575378418,
        "41":392.2092590332,
        "42":444.8817138672,
        "43":494.9365844727,
        "44":439.0010375977,
        "45":399.6130981445,
        "46":417.4136352539,
        "47":420.4069519043,
        "48":511.2957458496,
        "49":512.3604125977
    }
}