{
    "data":{
        "-30":7295.3974609375,
        "-29":6368.7612304688,
        "-28":6777.9462890625,
        "-27":6849.462890625,
        "-26":6376.0864257812,
        "-25":6420.9404296875,
        "-24":6778.76953125,
        "-23":6867.8110351562,
        "-22":6796.4331054688,
        "-21":7177.1572265625,
        "-20":6733.712890625,
        "-19":6560.8608398438,
        "-18":6676.791015625,
        "-17":7104.14453125,
        "-16":6650.775390625,
        "-15":6899.9697265625,
        "-14":6720.771484375,
        "-13":6939.994140625,
        "-12":6796.6616210938,
        "-11":6362.943359375,
        "-10":6930.4833984375,
        "-9":6807.12890625,
        "-8":6764.8134765625,
        "-7":6608.5698242188,
        "-6":7152.3413085938,
        "-5":7016.291015625,
        "-4":6865.6166992188,
        "-3":7057.2260742188,
        "-2":6932.833984375,
        "-1":7234.31640625,
        "0":7235.89453125,
        "1":7017.1547851562,
        "2":6731.68359375,
        "3":6826.9985351562,
        "4":7059.1918945312,
        "5":6943.5,
        "6":6620.5043945312,
        "7":6870.6831054688,
        "8":7021.1108398438,
        "9":6697.4833984375,
        "10":6510.4228515625,
        "11":7188.7900390625,
        "12":6843.0913085938,
        "13":6907.8862304688,
        "14":6758.8022460938,
        "15":6825.0600585938,
        "16":7132.833984375,
        "17":6949.2412109375,
        "18":6619.8266601562,
        "19":6496.2758789062,
        "20":6535.9575195312,
        "21":7059.0,
        "22":7031.5,
        "23":6727.3876953125,
        "24":6778.53515625,
        "25":7131.203125,
        "26":6895.921875,
        "27":7264.2099609375,
        "28":6561.8056640625,
        "29":6702.822265625,
        "30":7371.7944335938,
        "31":6916.96484375,
        "32":6576.67578125,
        "33":6750.8193359375,
        "34":7200.3208007812,
        "35":6705.4614257812,
        "36":6417.4560546875,
        "37":6502.224609375,
        "38":6599.8935546875,
        "39":6922.7490234375,
        "40":6578.2470703125,
        "41":6787.55859375,
        "42":7030.7001953125,
        "43":6604.4033203125,
        "44":7127.1489257812,
        "45":6768.68359375,
        "46":6888.927734375,
        "47":6830.1743164062,
        "48":6780.2802734375,
        "49":6660.3540039062
    },
    "std":{
        "-30":182.1283721924,
        "-29":243.9286804199,
        "-28":231.8335723877,
        "-27":292.0086669922,
        "-26":179.0854034424,
        "-25":224.8633575439,
        "-24":232.7923431396,
        "-23":273.8318481445,
        "-22":231.4400939941,
        "-21":271.0328063965,
        "-20":258.153717041,
        "-19":205.8539886475,
        "-18":290.4321594238,
        "-17":248.2757263184,
        "-16":237.5157623291,
        "-15":277.9429321289,
        "-14":230.7151947021,
        "-13":227.2096557617,
        "-12":208.0592651367,
        "-11":254.6194152832,
        "-10":295.3121337891,
        "-9":189.5751495361,
        "-8":237.4226837158,
        "-7":276.9148864746,
        "-6":305.662109375,
        "-5":212.8969573975,
        "-4":259.145324707,
        "-3":291.7889099121,
        "-2":268.5758361816,
        "-1":202.7256622314,
        "0":238.1625518799,
        "1":252.6765441895,
        "2":240.7581787109,
        "3":243.571975708,
        "4":232.847946167,
        "5":219.08934021,
        "6":175.7923126221,
        "7":333.0087585449,
        "8":328.6404418945,
        "9":209.1156158447,
        "10":291.3180847168,
        "11":186.1295166016,
        "12":221.1212310791,
        "13":208.0466308594,
        "14":212.9442749023,
        "15":278.6304016113,
        "16":279.0432128906,
        "17":257.6378479004,
        "18":208.7395172119,
        "19":253.0904388428,
        "20":230.0844116211,
        "21":207.9969329834,
        "22":252.6553955078,
        "23":201.2872772217,
        "24":238.4752349854,
        "25":153.1117248535,
        "26":267.2448730469,
        "27":278.9730224609,
        "28":215.975112915,
        "29":161.018951416,
        "30":268.6017150879,
        "31":230.6932830811,
        "32":154.3786621094,
        "33":272.6331787109,
        "34":187.8061981201,
        "35":240.1618347168,
        "36":186.6160583496,
        "37":284.1708984375,
        "38":235.548248291,
        "39":245.0118865967,
        "40":299.3563537598,
        "41":187.4958190918,
        "42":247.6128082275,
        "43":237.0764923096,
        "44":184.2102050781,
        "45":277.9223632812,
        "46":196.6132202148,
        "47":232.2750854492,
        "48":255.2045440674,
        "49":237.0047302246
    }
}