{
    "data":{
        "-30":4017.8793945312,
        "-29":4170.2021484375,
        "-28":3918.4084472656,
        "-27":3942.8842773438,
        "-26":3890.1853027344,
        "-25":4028.7600097656,
        "-24":3985.5830078125,
        "-23":4090.3950195312,
        "-22":4094.0832519531,
        "-21":4013.8557128906,
        "-20":3970.5073242188,
        "-19":4178.4365234375,
        "-18":3935.5476074219,
        "-17":4088.3737792969,
        "-16":3935.556640625,
        "-15":4092.4787597656,
        "-14":4096.6279296875,
        "-13":4011.9270019531,
        "-12":4065.5178222656,
        "-11":3851.2116699219,
        "-10":3964.9028320312,
        "-9":4129.61328125,
        "-8":4116.072265625,
        "-7":4186.3388671875,
        "-6":4168.3681640625,
        "-5":4163.0698242188,
        "-4":4180.5327148438,
        "-3":4208.4326171875,
        "-2":4090.4301757812,
        "-1":4043.224609375,
        "0":3988.4426269531,
        "1":3955.1994628906,
        "2":4022.1706542969,
        "3":4043.6008300781,
        "4":4021.8872070312,
        "5":4121.1728515625,
        "6":4009.3708496094,
        "7":4064.2746582031,
        "8":3917.6733398438,
        "9":4037.6887207031,
        "10":3878.5576171875,
        "11":3948.5759277344,
        "12":3905.7768554688,
        "13":3959.490234375,
        "14":4023.0590820312,
        "15":3928.0170898438,
        "16":3846.4604492188,
        "17":4142.8725585938,
        "18":3903.3269042969,
        "19":3848.6123046875,
        "20":3992.1447753906,
        "21":3747.255859375,
        "22":3887.1455078125,
        "23":3757.6896972656,
        "24":3898.494140625,
        "25":3931.5837402344,
        "26":3871.6120605469,
        "27":3887.4516601562,
        "28":3797.2980957031,
        "29":4046.1145019531,
        "30":3958.4956054688,
        "31":3955.3400878906,
        "32":3815.7009277344,
        "33":3995.1555175781,
        "34":3883.1364746094,
        "35":3886.7927246094,
        "36":3866.5,
        "37":3780.3415527344,
        "38":3941.8920898438,
        "39":3952.251953125,
        "40":3914.6447753906,
        "41":3952.533203125,
        "42":3924.9870605469,
        "43":3974.3911132812,
        "44":3943.3977050781,
        "45":3875.1662597656,
        "46":3927.5495605469,
        "47":3968.5681152344,
        "48":4142.2119140625,
        "49":3927.7878417969
    },
    "std":{
        "-30":137.4077911377,
        "-29":125.7556762695,
        "-28":153.9372253418,
        "-27":89.0495834351,
        "-26":108.6064376831,
        "-25":120.3103103638,
        "-24":98.6667022705,
        "-23":110.8623275757,
        "-22":115.3233032227,
        "-21":166.7089385986,
        "-20":157.6284790039,
        "-19":143.6742553711,
        "-18":194.5455932617,
        "-17":191.6156005859,
        "-16":172.7040405273,
        "-15":193.878326416,
        "-14":166.7372741699,
        "-13":172.8391265869,
        "-12":127.7622451782,
        "-11":154.945098877,
        "-10":141.8754730225,
        "-9":140.704788208,
        "-8":149.5494842529,
        "-7":168.4922637939,
        "-6":164.3461456299,
        "-5":158.6949920654,
        "-4":86.9475402832,
        "-3":124.7766113281,
        "-2":107.674949646,
        "-1":132.0018920898,
        "0":160.3515014648,
        "1":122.530380249,
        "2":143.48878479,
        "3":122.6508483887,
        "4":122.8471221924,
        "5":140.7029876709,
        "6":102.2977371216,
        "7":121.7737426758,
        "8":108.3639602661,
        "9":100.5387573242,
        "10":119.2264633179,
        "11":101.3452224731,
        "12":102.2351226807,
        "13":103.3366546631,
        "14":87.8996276855,
        "15":92.6257324219,
        "16":102.4200515747,
        "17":80.2085113525,
        "18":124.6517715454,
        "19":102.6011581421,
        "20":79.7118301392,
        "21":103.0668945312,
        "22":66.7860717773,
        "23":71.4502258301,
        "24":106.6708374023,
        "25":98.2595596313,
        "26":92.2763671875,
        "27":82.1404495239,
        "28":125.9401931763,
        "29":113.4952926636,
        "30":109.4882202148,
        "31":107.9859466553,
        "32":92.0723800659,
        "33":119.6130599976,
        "34":116.3568725586,
        "35":100.2391281128,
        "36":112.9646759033,
        "37":80.9696884155,
        "38":104.3316345215,
        "39":103.5893478394,
        "40":120.0219955444,
        "41":88.5870132446,
        "42":103.697227478,
        "43":96.0971679688,
        "44":118.4495849609,
        "45":100.0184173584,
        "46":116.8023986816,
        "47":140.6564178467,
        "48":113.1971817017,
        "49":147.5578765869
    }
}