{
    "data":{
        "-30":4332.0415039062,
        "-29":3702.4458007812,
        "-28":4023.0502929688,
        "-27":4150.6494140625,
        "-26":3822.3051757812,
        "-25":4351.1552734375,
        "-24":3890.3344726562,
        "-23":4139.5913085938,
        "-22":4042.9018554688,
        "-21":4130.8823242188,
        "-20":3934.2387695312,
        "-19":3882.5974121094,
        "-18":4023.8530273438,
        "-17":4047.8828125,
        "-16":4080.9028320312,
        "-15":4120.431640625,
        "-14":3977.794921875,
        "-13":4477.4819335938,
        "-12":4244.7153320312,
        "-11":4026.9829101562,
        "-10":4589.0341796875,
        "-9":3956.0815429688,
        "-8":4022.9255371094,
        "-7":4253.3505859375,
        "-6":4109.8916015625,
        "-5":4054.912109375,
        "-4":4012.9069824219,
        "-3":3998.0334472656,
        "-2":4368.9443359375,
        "-1":4518.15625,
        "0":3656.5419921875,
        "1":4295.3071289062,
        "2":4326.9028320312,
        "3":3498.2023925781,
        "4":4332.830078125,
        "5":3940.2849121094,
        "6":4338.3896484375,
        "7":3887.5424804688,
        "8":4070.703125,
        "9":3635.3898925781,
        "10":3789.6291503906,
        "11":3902.1108398438,
        "12":4136.1689453125,
        "13":3801.7277832031,
        "14":3703.2260742188,
        "15":3983.244140625,
        "16":4044.150390625,
        "17":3907.3395996094,
        "18":4020.2443847656,
        "19":3912.6376953125,
        "20":3978.9177246094,
        "21":3603.4255371094,
        "22":3707.8005371094,
        "23":4097.5424804688,
        "24":4083.8303222656,
        "25":4258.4506835938,
        "26":3994.4448242188,
        "27":4293.14453125,
        "28":4230.4174804688,
        "29":4047.1948242188,
        "30":3827.8898925781,
        "31":4064.6496582031,
        "32":4100.2670898438,
        "33":3965.4255371094,
        "34":4002.1245117188,
        "35":4139.453125,
        "36":3710.4958496094,
        "37":4071.8671875,
        "38":4304.580078125,
        "39":4100.0126953125,
        "40":3971.1271972656,
        "41":4239.4057617188,
        "42":3976.6179199219,
        "43":4050.5,
        "44":3861.2221679688,
        "45":3985.1889648438,
        "46":4378.0815429688,
        "47":4172.94921875,
        "48":3976.578125,
        "49":3972.8786621094
    },
    "std":{
        "-30":236.8613891602,
        "-29":242.1644287109,
        "-28":251.8954620361,
        "-27":222.1362915039,
        "-26":207.4440765381,
        "-25":217.441116333,
        "-24":199.2241668701,
        "-23":215.7337188721,
        "-22":237.2687225342,
        "-21":264.7568054199,
        "-20":203.0193481445,
        "-19":230.7976989746,
        "-18":215.7621917725,
        "-17":218.8815765381,
        "-16":195.7596588135,
        "-15":271.8351135254,
        "-14":251.326751709,
        "-13":282.7551879883,
        "-12":235.8539276123,
        "-11":234.2615356445,
        "-10":311.2210388184,
        "-9":172.2863769531,
        "-8":209.7037811279,
        "-7":342.4046936035,
        "-6":174.4236602783,
        "-5":342.8922424316,
        "-4":268.3529663086,
        "-3":202.6659088135,
        "-2":293.0475158691,
        "-1":314.7614440918,
        "0":164.6335601807,
        "1":232.6482849121,
        "2":310.9491882324,
        "3":198.0357513428,
        "4":227.2032775879,
        "5":219.1699066162,
        "6":225.6441192627,
        "7":173.6326599121,
        "8":253.1168212891,
        "9":165.9563598633,
        "10":184.7291870117,
        "11":279.7175292969,
        "12":208.4249267578,
        "13":181.2645721436,
        "14":205.6640930176,
        "15":189.6432037354,
        "16":243.8757476807,
        "17":179.1344299316,
        "18":187.8529205322,
        "19":181.6875,
        "20":207.58934021,
        "21":166.59715271,
        "22":196.1828155518,
        "23":278.5143432617,
        "24":196.3704528809,
        "25":198.8499755859,
        "26":339.4662780762,
        "27":293.2700805664,
        "28":209.1304626465,
        "29":195.7755432129,
        "30":283.3455505371,
        "31":200.9706726074,
        "32":217.2269897461,
        "33":208.0545654297,
        "34":256.8427429199,
        "35":330.8187866211,
        "36":188.5733795166,
        "37":249.5299987793,
        "38":257.1210632324,
        "39":227.1740875244,
        "40":210.0439147949,
        "41":247.8526000977,
        "42":267.7127685547,
        "43":219.2632141113,
        "44":194.5901031494,
        "45":280.5028991699,
        "46":214.0196838379,
        "47":238.8806304932,
        "48":234.8233795166,
        "49":251.3381500244
    }
}