{
    "data":{
        "-30":5895.1000976562,
        "-29":5766.6049804688,
        "-28":5646.1333007812,
        "-27":5693.8173828125,
        "-26":5751.5751953125,
        "-25":5484.724609375,
        "-24":5546.0727539062,
        "-23":5621.2602539062,
        "-22":5834.5502929688,
        "-21":5508.5517578125,
        "-20":5569.41015625,
        "-19":5478.076171875,
        "-18":6012.95703125,
        "-17":5736.4311523438,
        "-16":5298.4975585938,
        "-15":5638.9985351562,
        "-14":5761.4482421875,
        "-13":5875.0854492188,
        "-12":5622.1899414062,
        "-11":5797.8930664062,
        "-10":5676.9448242188,
        "-9":5593.3930664062,
        "-8":5672.5786132812,
        "-7":5647.0708007812,
        "-6":5849.51953125,
        "-5":5783.9306640625,
        "-4":5704.8798828125,
        "-3":6056.4501953125,
        "-2":5631.8813476562,
        "-1":5678.4189453125,
        "0":5549.228515625,
        "1":5487.60546875,
        "2":5804.5053710938,
        "3":5672.1416015625,
        "4":5653.0615234375,
        "5":5640.3901367188,
        "6":5774.6416015625,
        "7":5833.7958984375,
        "8":5663.2241210938,
        "9":5721.9125976562,
        "10":5767.1811523438,
        "11":5749.8427734375,
        "12":5627.7724609375,
        "13":5640.2524414062,
        "14":5690.3217773438,
        "15":5908.21484375,
        "16":5550.54296875,
        "17":5895.849609375,
        "18":5904.7524414062,
        "19":5577.1669921875,
        "20":5721.6049804688,
        "21":5808.4741210938,
        "22":5920.8666992188,
        "23":5374.810546875,
        "24":5510.44140625,
        "25":5453.1328125,
        "26":5536.69921875,
        "27":5696.5620117188,
        "28":5426.978515625,
        "29":5559.3374023438,
        "30":5660.1474609375,
        "31":5369.7109375,
        "32":5632.9931640625,
        "33":5554.71484375,
        "34":5424.3305664062,
        "35":5655.2866210938,
        "36":5507.9311523438,
        "37":5162.4833984375,
        "38":5451.2358398438,
        "39":5676.1533203125,
        "40":5748.5385742188,
        "41":5627.3974609375,
        "42":5214.87890625,
        "43":5591.0634765625,
        "44":5737.6323242188,
        "45":5843.4521484375,
        "46":5502.3427734375,
        "47":5467.8989257812,
        "48":5850.2797851562,
        "49":5347.8618164062
    },
    "std":{
        "-30":288.6343383789,
        "-29":265.5845031738,
        "-28":357.8450012207,
        "-27":213.1360626221,
        "-26":240.5807189941,
        "-25":290.1678771973,
        "-24":271.2079162598,
        "-23":210.1891937256,
        "-22":212.9979400635,
        "-21":292.983215332,
        "-20":212.7278289795,
        "-19":211.1989898682,
        "-18":227.8037261963,
        "-17":200.5811004639,
        "-16":210.9120788574,
        "-15":244.1019592285,
        "-14":211.5108947754,
        "-13":213.7836608887,
        "-12":278.7449645996,
        "-11":234.511505127,
        "-10":231.7431793213,
        "-9":229.1414337158,
        "-8":214.3989257812,
        "-7":254.6847991943,
        "-6":218.6378326416,
        "-5":231.0005187988,
        "-4":218.5276641846,
        "-3":234.364730835,
        "-2":213.790435791,
        "-1":220.5354156494,
        "0":139.0416412354,
        "1":202.1701812744,
        "2":161.4303436279,
        "3":221.165512085,
        "4":185.6378936768,
        "5":231.3776397705,
        "6":285.60546875,
        "7":181.735534668,
        "8":194.9176330566,
        "9":226.1197662354,
        "10":268.5043945312,
        "11":209.1558685303,
        "12":220.7243347168,
        "13":203.5671386719,
        "14":235.5328369141,
        "15":215.1458587646,
        "16":189.3544616699,
        "17":225.3497314453,
        "18":235.4341583252,
        "19":198.9208068848,
        "20":213.4415740967,
        "21":187.3637695312,
        "22":260.7590332031,
        "23":180.2958526611,
        "24":183.7918243408,
        "25":192.7104797363,
        "26":230.4901123047,
        "27":186.0234985352,
        "28":196.6255493164,
        "29":196.8661956787,
        "30":161.2154846191,
        "31":138.9091796875,
        "32":190.0809020996,
        "33":232.9429321289,
        "34":184.1851043701,
        "35":190.6975860596,
        "36":195.1078796387,
        "37":177.9296569824,
        "38":241.4596557617,
        "39":204.1454925537,
        "40":171.5348205566,
        "41":212.3292388916,
        "42":148.3571929932,
        "43":153.4374084473,
        "44":178.0394897461,
        "45":204.2015228271,
        "46":149.4161071777,
        "47":168.2531738281,
        "48":211.2264709473,
        "49":193.5733947754
    }
}