{
    "data":{
        "-30":4319.265625,
        "-29":4353.1694335938,
        "-28":4453.9174804688,
        "-27":4539.8208007812,
        "-26":4549.8969726562,
        "-25":4320.1450195312,
        "-24":4501.8120117188,
        "-23":4371.6669921875,
        "-22":4735.2749023438,
        "-21":4403.828125,
        "-20":4577.1650390625,
        "-19":4354.6030273438,
        "-18":4441.3959960938,
        "-17":4511.3779296875,
        "-16":4340.0478515625,
        "-15":4287.40625,
        "-14":4632.9682617188,
        "-13":4526.9633789062,
        "-12":4512.7934570312,
        "-11":4516.6025390625,
        "-10":4454.408203125,
        "-9":4568.2275390625,
        "-8":4466.31640625,
        "-7":4648.6762695312,
        "-6":4513.5415039062,
        "-5":4431.5600585938,
        "-4":4343.62109375,
        "-3":4350.7397460938,
        "-2":4252.4038085938,
        "-1":4314.884765625,
        "0":4668.7255859375,
        "1":4272.947265625,
        "2":4222.65625,
        "3":4314.5522460938,
        "4":4350.751953125,
        "5":4655.14453125,
        "6":4533.6225585938,
        "7":4264.3525390625,
        "8":4371.5053710938,
        "9":4498.5776367188,
        "10":4286.8696289062,
        "11":4531.923828125,
        "12":4554.5571289062,
        "13":4894.1879882812,
        "14":4339.2182617188,
        "15":4451.8916015625,
        "16":4532.9345703125,
        "17":4559.6948242188,
        "18":4579.6245117188,
        "19":4324.0053710938,
        "20":4405.470703125,
        "21":4345.7954101562,
        "22":4530.5366210938,
        "23":4312.2583007812,
        "24":4510.7900390625,
        "25":4556.443359375,
        "26":4317.109375,
        "27":4571.8774414062,
        "28":4443.7309570312,
        "29":4459.9306640625,
        "30":4454.1376953125,
        "31":4550.5234375,
        "32":4547.3696289062,
        "33":4442.80859375,
        "34":4569.5581054688,
        "35":4558.0913085938,
        "36":4414.47265625,
        "37":4507.9770507812,
        "38":4627.0131835938,
        "39":4506.2836914062,
        "40":4553.6684570312,
        "41":4651.408203125,
        "42":4707.8935546875,
        "43":4385.7114257812,
        "44":4309.0209960938,
        "45":4292.4604492188,
        "46":4607.978515625,
        "47":4342.7397460938,
        "48":4282.337890625,
        "49":4497.61328125
    },
    "std":{
        "-30":162.1716461182,
        "-29":108.9715423584,
        "-28":202.1647186279,
        "-27":147.639831543,
        "-26":153.9312438965,
        "-25":157.7769775391,
        "-24":175.7430419922,
        "-23":180.0079498291,
        "-22":185.9674224854,
        "-21":150.2082824707,
        "-20":179.8155059814,
        "-19":156.1612243652,
        "-18":158.2383880615,
        "-17":170.2483978271,
        "-16":152.7153778076,
        "-15":180.607925415,
        "-14":163.2497253418,
        "-13":135.3344268799,
        "-12":165.6522369385,
        "-11":178.3015594482,
        "-10":133.625869751,
        "-9":182.6377716064,
        "-8":168.9232788086,
        "-7":227.166015625,
        "-6":187.5196075439,
        "-5":202.9058990479,
        "-4":117.2732543945,
        "-3":154.6781768799,
        "-2":147.0938110352,
        "-1":176.1001586914,
        "0":182.4576721191,
        "1":219.094909668,
        "2":147.1981048584,
        "3":171.7836914062,
        "4":129.531463623,
        "5":193.4282226562,
        "6":174.2164001465,
        "7":161.7575378418,
        "8":167.0961303711,
        "9":185.8534545898,
        "10":159.3874206543,
        "11":177.6533813477,
        "12":163.1437530518,
        "13":228.5023040771,
        "14":133.2884521484,
        "15":164.9440612793,
        "16":152.5800933838,
        "17":171.4316253662,
        "18":201.604385376,
        "19":183.95703125,
        "20":137.0566711426,
        "21":144.6431427002,
        "22":145.1226043701,
        "23":176.7612762451,
        "24":157.4212799072,
        "25":226.6175231934,
        "26":172.2726745605,
        "27":162.3305511475,
        "28":204.6039733887,
        "29":133.2927093506,
        "30":130.8079986572,
        "31":179.6529846191,
        "32":135.2568969727,
        "33":173.1021575928,
        "34":210.1632232666,
        "35":175.4621276855,
        "36":202.4141693115,
        "37":169.7995147705,
        "38":162.1274261475,
        "39":165.9389648438,
        "40":135.5497436523,
        "41":130.3061676025,
        "42":152.676651001,
        "43":181.9912719727,
        "44":213.0988922119,
        "45":181.5903778076,
        "46":163.5395507812,
        "47":157.5506896973,
        "48":102.3189849854,
        "49":203.0776672363
    }
}