{
    "data":{
        "-30":11994.0009765625,
        "-29":12008.12890625,
        "-28":12267.208984375,
        "-27":12218.076171875,
        "-26":11982.7236328125,
        "-25":11970.85546875,
        "-24":11625.2021484375,
        "-23":11443.5595703125,
        "-22":12217.3681640625,
        "-21":11933.5927734375,
        "-20":11470.779296875,
        "-19":11422.2705078125,
        "-18":12218.3671875,
        "-17":11881.2431640625,
        "-16":12203.392578125,
        "-15":10793.4580078125,
        "-14":11535.6328125,
        "-13":12532.0595703125,
        "-12":11906.2646484375,
        "-11":11829.453125,
        "-10":11644.0087890625,
        "-9":11944.9326171875,
        "-8":11478.1455078125,
        "-7":11987.837890625,
        "-6":11127.3857421875,
        "-5":10997.85546875,
        "-4":11995.388671875,
        "-3":11146.25,
        "-2":11324.7490234375,
        "-1":12078.4169921875,
        "0":11032.1484375,
        "1":12144.52734375,
        "2":11653.814453125,
        "3":12307.736328125,
        "4":12280.8310546875,
        "5":11955.462890625,
        "6":12066.6826171875,
        "7":12355.32421875,
        "8":10821.9951171875,
        "9":12072.2294921875,
        "10":11329.306640625,
        "11":11470.349609375,
        "12":10972.5810546875,
        "13":11572.9345703125,
        "14":12339.533203125,
        "15":11360.705078125,
        "16":10885.6943359375,
        "17":11989.2392578125,
        "18":11714.529296875,
        "19":11027.470703125,
        "20":11759.2529296875,
        "21":11470.361328125,
        "22":11860.2275390625,
        "23":11940.1142578125,
        "24":11904.2431640625,
        "25":10635.474609375,
        "26":11555.2294921875,
        "27":11694.2919921875,
        "28":11265.380859375,
        "29":12301.3203125,
        "30":12036.0341796875,
        "31":12021.5361328125,
        "32":10954.0419921875,
        "33":11249.1015625,
        "34":12732.8916015625,
        "35":11870.2802734375,
        "36":11954.935546875,
        "37":11745.2265625,
        "38":12058.9365234375,
        "39":11926.3662109375,
        "40":11993.1552734375,
        "41":11252.2109375,
        "42":11680.3037109375,
        "43":12800.298828125,
        "44":12761.46875,
        "45":11708.2607421875,
        "46":12727.283203125,
        "47":11857.95703125,
        "48":11881.5712890625,
        "49":12019.5048828125
    },
    "std":{
        "-30":827.0905761719,
        "-29":724.9049072266,
        "-28":873.3822631836,
        "-27":1008.8479003906,
        "-26":850.6337280273,
        "-25":761.7541503906,
        "-24":842.1640014648,
        "-23":958.3031005859,
        "-22":877.1881103516,
        "-21":955.7493896484,
        "-20":857.2208251953,
        "-19":910.892578125,
        "-18":1015.7014160156,
        "-17":955.6279907227,
        "-16":1015.0189819336,
        "-15":903.8588867188,
        "-14":929.9880371094,
        "-13":1026.009765625,
        "-12":911.583984375,
        "-11":1062.5515136719,
        "-10":986.9719238281,
        "-9":1077.8566894531,
        "-8":1002.7939453125,
        "-7":983.109375,
        "-6":987.4040527344,
        "-5":887.4541015625,
        "-4":946.3199462891,
        "-3":905.5698242188,
        "-2":980.4939575195,
        "-1":1027.7463378906,
        "0":1018.9251708984,
        "1":970.3341674805,
        "2":965.3549804688,
        "3":907.5054321289,
        "4":957.604675293,
        "5":950.4744262695,
        "6":913.2467651367,
        "7":834.2427368164,
        "8":896.2211914062,
        "9":960.9040527344,
        "10":930.563659668,
        "11":832.9467163086,
        "12":884.1881103516,
        "13":987.9205322266,
        "14":919.1716918945,
        "15":924.6505737305,
        "16":894.32421875,
        "17":903.6705322266,
        "18":826.1770019531,
        "19":755.8540649414,
        "20":725.6525268555,
        "21":857.7352905273,
        "22":883.2366333008,
        "23":907.8459472656,
        "24":875.087890625,
        "25":890.5581665039,
        "26":1000.5978393555,
        "27":894.3784790039,
        "28":847.979675293,
        "29":803.6416625977,
        "30":901.9453735352,
        "31":942.1997070312,
        "32":922.7771606445,
        "33":854.9306030273,
        "34":887.9630737305,
        "35":814.5713500977,
        "36":776.2661743164,
        "37":738.3465576172,
        "38":874.3939819336,
        "39":895.1226196289,
        "40":1005.6293334961,
        "41":706.3680419922,
        "42":922.6497192383,
        "43":1073.1208496094,
        "44":987.5954589844,
        "45":969.9375,
        "46":945.6784057617,
        "47":918.6552124023,
        "48":824.408996582,
        "49":846.087890625
    }
}