{
    "data":{
        "-30":4068.0305175781,
        "-29":3883.3872070312,
        "-28":3798.2697753906,
        "-27":4138.4770507812,
        "-26":4316.470703125,
        "-25":3638.1003417969,
        "-24":3819.2426757812,
        "-23":4031.5246582031,
        "-22":4147.7866210938,
        "-21":4132.47265625,
        "-20":3953.1696777344,
        "-19":3864.2592773438,
        "-18":4032.8984375,
        "-17":4015.6066894531,
        "-16":3735.1276855469,
        "-15":3959.9543457031,
        "-14":4110.29296875,
        "-13":3834.685546875,
        "-12":4040.9040527344,
        "-11":3977.1354980469,
        "-10":4041.6789550781,
        "-9":3904.3254394531,
        "-8":3757.1401367188,
        "-7":4019.1513671875,
        "-6":4154.642578125,
        "-5":3818.9448242188,
        "-4":4052.0505371094,
        "-3":3993.7280273438,
        "-2":4030.689453125,
        "-1":3936.7231445312,
        "0":4117.6948242188,
        "1":3941.4077148438,
        "2":4204.7568359375,
        "3":4071.3840332031,
        "4":3769.1533203125,
        "5":3930.060546875,
        "6":3951.4636230469,
        "7":3896.5,
        "8":3847.0646972656,
        "9":3939.1938476562,
        "10":3992.7697753906,
        "11":4198.4775390625,
        "12":4011.1372070312,
        "13":4037.2082519531,
        "14":3937.7749023438,
        "15":3966.4963378906,
        "16":3849.9387207031,
        "17":3817.8354492188,
        "18":4025.5227050781,
        "19":3939.9270019531,
        "20":4038.623046875,
        "21":3894.2719726562,
        "22":3954.9643554688,
        "23":3937.9147949219,
        "24":4206.79296875,
        "25":4009.4323730469,
        "26":3987.017578125,
        "27":3899.7238769531,
        "28":3710.1340332031,
        "29":3905.3317871094,
        "30":3885.0871582031,
        "31":4209.6342773438,
        "32":4129.0092773438,
        "33":3926.0007324219,
        "34":3994.7875976562,
        "35":3825.9731445312,
        "36":3940.8581542969,
        "37":4120.9423828125,
        "38":3826.8869628906,
        "39":3779.3229980469,
        "40":3935.7548828125,
        "41":4395.396484375,
        "42":3853.2927246094,
        "43":3865.451171875,
        "44":4038.8684082031,
        "45":3992.6020507812,
        "46":3852.6127929688,
        "47":4069.2883300781,
        "48":3849.4680175781,
        "49":3865.9880371094
    },
    "std":{
        "-30":226.1888275146,
        "-29":125.0952377319,
        "-28":161.9895935059,
        "-27":191.7279510498,
        "-26":174.6538238525,
        "-25":132.0966033936,
        "-24":161.8723449707,
        "-23":189.415222168,
        "-22":157.6901855469,
        "-21":227.9674987793,
        "-20":153.69871521,
        "-19":217.5259246826,
        "-18":188.4631195068,
        "-17":166.12159729,
        "-16":153.4994812012,
        "-15":207.2505645752,
        "-14":160.7782745361,
        "-13":176.5414886475,
        "-12":145.8533782959,
        "-11":179.0459136963,
        "-10":175.5075531006,
        "-9":155.7909851074,
        "-8":144.3016662598,
        "-7":219.7984771729,
        "-6":212.8325805664,
        "-5":133.6369171143,
        "-4":177.3727874756,
        "-3":159.3377075195,
        "-2":147.9360198975,
        "-1":291.6983642578,
        "0":203.8385162354,
        "1":157.2609405518,
        "2":245.5255737305,
        "3":210.4774169922,
        "4":236.1408691406,
        "5":242.545211792,
        "6":156.1258239746,
        "7":153.2416381836,
        "8":174.7578430176,
        "9":194.6658325195,
        "10":230.8732910156,
        "11":150.7239685059,
        "12":216.169342041,
        "13":221.6786804199,
        "14":199.6712188721,
        "15":158.0316619873,
        "16":120.0292510986,
        "17":201.9718475342,
        "18":188.9736022949,
        "19":196.7170410156,
        "20":142.0159606934,
        "21":164.9201202393,
        "22":223.868850708,
        "23":201.3468170166,
        "24":151.0873413086,
        "25":155.516784668,
        "26":181.0559234619,
        "27":161.2444000244,
        "28":199.4148712158,
        "29":173.4455413818,
        "30":143.8810272217,
        "31":157.7872161865,
        "32":184.4307861328,
        "33":171.6494445801,
        "34":167.9194946289,
        "35":168.7396850586,
        "36":188.9922332764,
        "37":153.8369140625,
        "38":181.3499145508,
        "39":154.6963653564,
        "40":142.907989502,
        "41":150.286026001,
        "42":172.9038543701,
        "43":129.773147583,
        "44":169.0708007812,
        "45":202.0666656494,
        "46":161.8893585205,
        "47":234.9987182617,
        "48":155.6393432617,
        "49":157.501663208
    }
}