{
    "data":{
        "-30":5857.3662109375,
        "-29":5745.4370117188,
        "-28":6181.0498046875,
        "-27":6012.6000976562,
        "-26":6184.697265625,
        "-25":5268.8579101562,
        "-24":6106.3413085938,
        "-23":5991.2553710938,
        "-22":5774.4243164062,
        "-21":6283.1391601562,
        "-20":5919.8793945312,
        "-19":6072.8227539062,
        "-18":5678.8276367188,
        "-17":6037.8120117188,
        "-16":5947.3520507812,
        "-15":5704.8950195312,
        "-14":6053.0009765625,
        "-13":5670.8017578125,
        "-12":6167.90234375,
        "-11":5823.6459960938,
        "-10":6238.4018554688,
        "-9":5649.2373046875,
        "-8":6086.9799804688,
        "-7":5943.8896484375,
        "-6":5831.7368164062,
        "-5":5385.7006835938,
        "-4":6290.9916992188,
        "-3":5906.2163085938,
        "-2":5907.1552734375,
        "-1":5986.3671875,
        "0":6191.1103515625,
        "1":6208.2309570312,
        "2":6530.203125,
        "3":6129.1044921875,
        "4":6038.2690429688,
        "5":6222.1166992188,
        "6":6531.31640625,
        "7":6084.1508789062,
        "8":6107.998046875,
        "9":5808.4594726562,
        "10":6259.9731445312,
        "11":5662.2626953125,
        "12":6501.4345703125,
        "13":6424.3950195312,
        "14":5936.6318359375,
        "15":5519.6733398438,
        "16":6001.21484375,
        "17":6051.1606445312,
        "18":6500.8720703125,
        "19":5530.94921875,
        "20":6234.9814453125,
        "21":6161.4912109375,
        "22":6398.6489257812,
        "23":5812.3759765625,
        "24":5685.5102539062,
        "25":5568.2602539062,
        "26":5714.1806640625,
        "27":5803.0668945312,
        "28":5797.4184570312,
        "29":6037.7666015625,
        "30":6271.9619140625,
        "31":6362.4545898438,
        "32":5909.2890625,
        "33":6270.6733398438,
        "34":5338.4506835938,
        "35":5870.6064453125,
        "36":6006.9838867188,
        "37":6338.3979492188,
        "38":5741.98046875,
        "39":5742.8159179688,
        "40":5871.3271484375,
        "41":5725.6977539062,
        "42":5813.1293945312,
        "43":5923.69921875,
        "44":6063.8706054688,
        "45":5799.46875,
        "46":6370.1333007812,
        "47":6185.6884765625,
        "48":6047.5400390625,
        "49":6307.1787109375
    },
    "std":{
        "-30":269.689239502,
        "-29":266.146484375,
        "-28":166.8977203369,
        "-27":261.3859558105,
        "-26":305.2899475098,
        "-25":290.9418029785,
        "-24":263.6648254395,
        "-23":284.6600341797,
        "-22":242.1209259033,
        "-21":380.5653076172,
        "-20":287.5348815918,
        "-19":333.265411377,
        "-18":275.8747558594,
        "-17":324.6695251465,
        "-16":294.5380859375,
        "-15":245.4872894287,
        "-14":288.1571960449,
        "-13":354.4665222168,
        "-12":328.7305908203,
        "-11":326.0333251953,
        "-10":375.4541015625,
        "-9":204.7106781006,
        "-8":328.123046875,
        "-7":246.1389007568,
        "-6":228.9359741211,
        "-5":262.4870605469,
        "-4":219.9943695068,
        "-3":276.424621582,
        "-2":211.4113311768,
        "-1":396.5751953125,
        "0":331.9772033691,
        "1":190.6763153076,
        "2":270.3679199219,
        "3":263.0448913574,
        "4":296.9418640137,
        "5":320.0534667969,
        "6":269.7777404785,
        "7":400.2244262695,
        "8":361.9450378418,
        "9":313.7830200195,
        "10":297.7258605957,
        "11":241.3040924072,
        "12":328.2450256348,
        "13":222.4410705566,
        "14":368.2584838867,
        "15":316.0407714844,
        "16":353.3211975098,
        "17":313.5313720703,
        "18":235.5609130859,
        "19":260.5927734375,
        "20":262.777923584,
        "21":391.5547790527,
        "22":328.0782775879,
        "23":258.4564208984,
        "24":254.7648010254,
        "25":269.8899230957,
        "26":246.617401123,
        "27":329.9765625,
        "28":220.2709503174,
        "29":249.58644104,
        "30":296.6488342285,
        "31":411.9667358398,
        "32":241.8592071533,
        "33":294.1126098633,
        "34":287.752166748,
        "35":246.171295166,
        "36":394.1081542969,
        "37":327.9401550293,
        "38":268.6466674805,
        "39":364.7145690918,
        "40":357.020111084,
        "41":286.4215087891,
        "42":260.3907165527,
        "43":263.0200805664,
        "44":289.9250183105,
        "45":292.964050293,
        "46":263.5982666016,
        "47":306.5379333496,
        "48":313.2239379883,
        "49":204.0677032471
    }
}