{
    "data":{
        "-30":3471.8850097656,
        "-29":3347.0324707031,
        "-28":3293.7473144531,
        "-27":3355.123046875,
        "-26":3468.6420898438,
        "-25":3460.1887207031,
        "-24":3364.7897949219,
        "-23":3343.4255371094,
        "-22":3327.5925292969,
        "-21":3534.201171875,
        "-20":3435.544921875,
        "-19":3434.5595703125,
        "-18":3353.7705078125,
        "-17":3331.8168945312,
        "-16":3401.9772949219,
        "-15":3258.8464355469,
        "-14":3287.9089355469,
        "-13":3387.1193847656,
        "-12":3420.8891601562,
        "-11":3333.1469726562,
        "-10":3387.0786132812,
        "-9":3295.9582519531,
        "-8":3303.654296875,
        "-7":3387.6789550781,
        "-6":3269.7434082031,
        "-5":3350.2016601562,
        "-4":3366.0363769531,
        "-3":3435.6142578125,
        "-2":3254.4155273438,
        "-1":3222.296875,
        "0":3299.9301757812,
        "1":3342.5144042969,
        "2":3342.8098144531,
        "3":3323.048828125,
        "4":3261.5205078125,
        "5":3262.3471679688,
        "6":3303.708984375,
        "7":3365.6489257812,
        "8":3326.9145507812,
        "9":3261.6015625,
        "10":3266.8728027344,
        "11":3355.6208496094,
        "12":3339.9338378906,
        "13":3199.5729980469,
        "14":3359.7807617188,
        "15":3292.0852050781,
        "16":3291.3549804688,
        "17":3310.0922851562,
        "18":3395.1826171875,
        "19":3324.4899902344,
        "20":3271.853515625,
        "21":3324.0744628906,
        "22":3247.6647949219,
        "23":3496.4133300781,
        "24":3243.1745605469,
        "25":3186.7507324219,
        "26":3177.171875,
        "27":3364.7883300781,
        "28":3303.9252929688,
        "29":3263.9631347656,
        "30":3268.9809570312,
        "31":3240.8125,
        "32":3326.056640625,
        "33":3421.078125,
        "34":3220.8957519531,
        "35":3193.3686523438,
        "36":3363.2980957031,
        "37":3283.439453125,
        "38":3269.5610351562,
        "39":3352.2790527344,
        "40":3379.173828125,
        "41":3221.1435546875,
        "42":3318.1003417969,
        "43":3327.5270996094,
        "44":3285.5788574219,
        "45":3405.5502929688,
        "46":3353.0629882812,
        "47":3499.900390625,
        "48":3312.2373046875,
        "49":3228.3225097656
    },
    "std":{
        "-30":124.447555542,
        "-29":89.984085083,
        "-28":94.2513122559,
        "-27":85.9462966919,
        "-26":93.1133041382,
        "-25":107.4995193481,
        "-24":79.6006774902,
        "-23":80.2922821045,
        "-22":90.5258178711,
        "-21":80.9032745361,
        "-20":85.4180374146,
        "-19":69.0886459351,
        "-18":97.5522384644,
        "-17":83.1772232056,
        "-16":92.6172561646,
        "-15":74.0577850342,
        "-14":72.9241027832,
        "-13":84.7863922119,
        "-12":76.9713134766,
        "-11":100.4569702148,
        "-10":47.6242599487,
        "-9":111.186164856,
        "-8":69.565284729,
        "-7":70.6717224121,
        "-6":58.5121002197,
        "-5":70.3655776978,
        "-4":77.1975479126,
        "-3":67.6695327759,
        "-2":61.6140060425,
        "-1":72.6720733643,
        "0":93.7255172729,
        "1":71.5953521729,
        "2":82.2193984985,
        "3":83.6515884399,
        "4":82.2514190674,
        "5":71.526802063,
        "6":77.0302810669,
        "7":65.751373291,
        "8":64.16746521,
        "9":59.2693519592,
        "10":91.9491348267,
        "11":61.4964866638,
        "12":69.8981170654,
        "13":75.4621047974,
        "14":80.0465393066,
        "15":90.6199798584,
        "16":125.4471664429,
        "17":116.4728393555,
        "18":128.2301483154,
        "19":101.2413330078,
        "20":110.4814071655,
        "21":117.0322875977,
        "22":89.3749313354,
        "23":140.7978973389,
        "24":92.9389648438,
        "25":95.4652557373,
        "26":107.4717712402,
        "27":77.89112854,
        "28":96.9988174438,
        "29":90.9877243042,
        "30":95.3798522949,
        "31":85.2523117065,
        "32":68.8673782349,
        "33":85.1479187012,
        "34":73.0234909058,
        "35":76.286026001,
        "36":82.7620162964,
        "37":71.1700134277,
        "38":79.4185562134,
        "39":86.1875839233,
        "40":77.897567749,
        "41":79.8407897949,
        "42":66.7101287842,
        "43":75.2743835449,
        "44":73.0720062256,
        "45":74.3388519287,
        "46":77.9234237671,
        "47":120.9790039062,
        "48":80.0939407349,
        "49":89.2375793457
    }
}