{
    "data":{
        "-30":62789.2578125,
        "-29":62604.7265625,
        "-28":62080.78515625,
        "-27":66036.8359375,
        "-26":63141.0078125,
        "-25":65411.8984375,
        "-24":62458.5546875,
        "-23":67758.4140625,
        "-22":69830.9765625,
        "-21":68081.296875,
        "-20":69035.875,
        "-19":67679.4609375,
        "-18":70943.78125,
        "-17":67026.453125,
        "-16":70701.140625,
        "-15":69192.7109375,
        "-14":70306.9765625,
        "-13":64262.53125,
        "-12":67890.1484375,
        "-11":68554.1171875,
        "-10":67771.1796875,
        "-9":69069.3046875,
        "-8":67220.2578125,
        "-7":65527.93359375,
        "-6":64219.0703125,
        "-5":66035.9921875,
        "-4":68371.6171875,
        "-3":67141.6875,
        "-2":69187.234375,
        "-1":67367.8984375,
        "0":67074.484375,
        "1":63860.73828125,
        "2":66937.7734375,
        "3":68079.75,
        "4":70324.328125,
        "5":64341.828125,
        "6":67090.234375,
        "7":65293.76171875,
        "8":69287.9921875,
        "9":68946.421875,
        "10":65504.0078125,
        "11":67542.2109375,
        "12":64611.34375,
        "13":66351.2890625,
        "14":60059.59375,
        "15":62747.48828125,
        "16":66642.78125,
        "17":62504.1328125,
        "18":62727.6171875,
        "19":65073.78515625,
        "20":62234.05859375,
        "21":60947.88671875,
        "22":60073.375,
        "23":63045.96484375,
        "24":59651.29296875,
        "25":60502.453125,
        "26":58834.453125,
        "27":59873.6796875,
        "28":58966.11328125,
        "29":60637.98828125,
        "30":59909.36328125,
        "31":56899.3046875,
        "32":59333.421875,
        "33":58610.1796875,
        "34":58796.64453125,
        "35":56176.05859375,
        "36":56215.1796875,
        "37":57290.71875,
        "38":55319.8203125,
        "39":55179.56640625,
        "40":55756.29296875,
        "41":54953.0234375,
        "42":51840.1015625,
        "43":51593.78125,
        "44":53915.19140625,
        "45":59123.8984375,
        "46":52058.0,
        "47":53628.2734375,
        "48":52422.625,
        "49":51047.48046875
    },
    "std":{
        "-30":17483.390625,
        "-29":17908.232421875,
        "-28":17409.49609375,
        "-27":17863.408203125,
        "-26":17309.705078125,
        "-25":16433.884765625,
        "-24":16647.90625,
        "-23":17681.115234375,
        "-22":18137.056640625,
        "-21":17798.373046875,
        "-20":17879.841796875,
        "-19":17679.66015625,
        "-18":18450.0390625,
        "-17":17998.908203125,
        "-16":17892.171875,
        "-15":18298.349609375,
        "-14":17042.15625,
        "-13":16393.30078125,
        "-12":16769.412109375,
        "-11":17084.91015625,
        "-10":17492.21875,
        "-9":16980.736328125,
        "-8":16871.068359375,
        "-7":16686.916015625,
        "-6":16154.251953125,
        "-5":16071.5703125,
        "-4":16152.1484375,
        "-3":16881.76953125,
        "-2":16799.42578125,
        "-1":16140.78125,
        "0":16823.287109375,
        "1":16295.8896484375,
        "2":16683.412109375,
        "3":16458.650390625,
        "4":16948.357421875,
        "5":16565.671875,
        "6":17113.498046875,
        "7":16416.181640625,
        "8":17440.4609375,
        "9":17292.27734375,
        "10":17096.642578125,
        "11":17107.748046875,
        "12":16782.9609375,
        "13":17751.53125,
        "14":17157.169921875,
        "15":16290.921875,
        "16":17515.59765625,
        "17":17174.28515625,
        "18":17928.4609375,
        "19":17624.685546875,
        "20":17541.216796875,
        "21":16331.685546875,
        "22":16436.861328125,
        "23":17085.412109375,
        "24":16894.681640625,
        "25":16269.59375,
        "26":17232.080078125,
        "27":16867.689453125,
        "28":16847.4375,
        "29":16608.76953125,
        "30":16396.181640625,
        "31":16459.7890625,
        "32":16714.671875,
        "33":16151.021484375,
        "34":16669.2890625,
        "35":16574.009765625,
        "36":16550.619140625,
        "37":17272.380859375,
        "38":15912.6591796875,
        "39":15788.369140625,
        "40":16396.6484375,
        "41":15670.0009765625,
        "42":15941.638671875,
        "43":15954.4248046875,
        "44":16572.447265625,
        "45":17180.236328125,
        "46":16082.2900390625,
        "47":15417.8525390625,
        "48":15859.7998046875,
        "49":15089.22265625
    }
}