{
    "data":{
        "-30":25538.8125,
        "-29":24083.966796875,
        "-28":24007.72265625,
        "-27":26059.728515625,
        "-26":21709.345703125,
        "-25":24206.314453125,
        "-24":24033.7578125,
        "-23":21379.15234375,
        "-22":26949.693359375,
        "-21":23884.341796875,
        "-20":26041.99609375,
        "-19":25887.158203125,
        "-18":27121.40234375,
        "-17":25480.40234375,
        "-16":23826.400390625,
        "-15":20420.5546875,
        "-14":23974.09765625,
        "-13":25561.09765625,
        "-12":22506.943359375,
        "-11":27473.541015625,
        "-10":23942.033203125,
        "-9":24342.39453125,
        "-8":20461.80078125,
        "-7":22611.462890625,
        "-6":24098.021484375,
        "-5":25073.455078125,
        "-4":25228.48828125,
        "-3":25496.203125,
        "-2":28227.771484375,
        "-1":24928.416015625,
        "0":27741.619140625,
        "1":25571.822265625,
        "2":24940.951171875,
        "3":24581.52734375,
        "4":23429.814453125,
        "5":25367.1484375,
        "6":23325.951171875,
        "7":26964.13671875,
        "8":25331.7109375,
        "9":24919.994140625,
        "10":24454.203125,
        "11":24729.18359375,
        "12":25913.34765625,
        "13":26260.890625,
        "14":23770.919921875,
        "15":21628.154296875,
        "16":23309.83203125,
        "17":24308.30859375,
        "18":26791.1640625,
        "19":24606.015625,
        "20":25937.515625,
        "21":24397.521484375,
        "22":28708.884765625,
        "23":29362.05859375,
        "24":23165.0703125,
        "25":26112.625,
        "26":23692.576171875,
        "27":27036.51171875,
        "28":28342.2734375,
        "29":25719.392578125,
        "30":24109.916015625,
        "31":25976.193359375,
        "32":28497.955078125,
        "33":27142.01171875,
        "34":26425.103515625,
        "35":26969.470703125,
        "36":29802.61328125,
        "37":25470.455078125,
        "38":26800.2109375,
        "39":27050.517578125,
        "40":25568.443359375,
        "41":25145.1484375,
        "42":24958.00390625,
        "43":24433.125,
        "44":26826.427734375,
        "45":26163.470703125,
        "46":28428.107421875,
        "47":26205.369140625,
        "48":26457.0390625,
        "49":24313.701171875
    },
    "std":{
        "-30":9430.4814453125,
        "-29":9494.7587890625,
        "-28":8806.2001953125,
        "-27":8802.4580078125,
        "-26":7890.5122070312,
        "-25":9154.3134765625,
        "-24":8406.53515625,
        "-23":8110.3159179688,
        "-22":8283.583984375,
        "-21":8573.2607421875,
        "-20":7977.4287109375,
        "-19":8529.0166015625,
        "-18":7759.6030273438,
        "-17":7539.234375,
        "-16":7392.7802734375,
        "-15":7652.7255859375,
        "-14":7856.8583984375,
        "-13":8694.7080078125,
        "-12":7080.923828125,
        "-11":7948.2114257812,
        "-10":7332.658203125,
        "-9":6439.4584960938,
        "-8":7780.3330078125,
        "-7":7080.8125,
        "-6":6762.2133789062,
        "-5":7903.8466796875,
        "-4":7632.2172851562,
        "-3":7132.2060546875,
        "-2":7648.447265625,
        "-1":8048.978515625,
        "0":7880.3134765625,
        "1":7879.2607421875,
        "2":7560.8295898438,
        "3":7670.1533203125,
        "4":8016.6909179688,
        "5":7720.3764648438,
        "6":7674.6948242188,
        "7":8162.8544921875,
        "8":7161.1879882812,
        "9":8522.9697265625,
        "10":7280.857421875,
        "11":7593.4418945312,
        "12":8316.912109375,
        "13":7750.2749023438,
        "14":7563.44140625,
        "15":7420.0244140625,
        "16":7788.3115234375,
        "17":8331.7119140625,
        "18":8712.443359375,
        "19":8077.5190429688,
        "20":8216.798828125,
        "21":8552.8486328125,
        "22":9174.2119140625,
        "23":8993.84375,
        "24":8700.517578125,
        "25":7941.7290039062,
        "26":8478.1982421875,
        "27":9306.8798828125,
        "28":9821.037109375,
        "29":8661.1748046875,
        "30":8430.78515625,
        "31":8957.8017578125,
        "32":9755.958984375,
        "33":9206.59765625,
        "34":9899.5869140625,
        "35":10125.904296875,
        "36":10015.0830078125,
        "37":10544.4130859375,
        "38":9460.8779296875,
        "39":9594.2578125,
        "40":9906.498046875,
        "41":9360.4267578125,
        "42":9785.255859375,
        "43":9344.07421875,
        "44":9002.416015625,
        "45":9602.34765625,
        "46":9275.9833984375,
        "47":9276.228515625,
        "48":9370.501953125,
        "49":8766.15625
    }
}