{
    "data":{
        "-30":10467.861328125,
        "-29":9539.298828125,
        "-28":7055.568359375,
        "-27":8545.1259765625,
        "-26":7080.98046875,
        "-25":10282.86328125,
        "-24":11267.646484375,
        "-23":7585.6748046875,
        "-22":8389.8525390625,
        "-21":9857.451171875,
        "-20":11446.275390625,
        "-19":9606.6982421875,
        "-18":9834.0205078125,
        "-17":9957.2197265625,
        "-16":9242.2275390625,
        "-15":9452.1142578125,
        "-14":11274.2763671875,
        "-13":11462.3828125,
        "-12":10209.1533203125,
        "-11":11136.189453125,
        "-10":12443.0673828125,
        "-9":11583.1171875,
        "-8":9565.345703125,
        "-7":11320.1611328125,
        "-6":9480.435546875,
        "-5":9721.1015625,
        "-4":12205.91796875,
        "-3":9760.24609375,
        "-2":9235.1943359375,
        "-1":8471.177734375,
        "0":11317.4921875,
        "1":9483.10546875,
        "2":11065.2529296875,
        "3":8777.9736328125,
        "4":9919.4345703125,
        "5":7943.3950195312,
        "6":11541.1748046875,
        "7":8351.3671875,
        "8":11641.0517578125,
        "9":8490.619140625,
        "10":10451.0146484375,
        "11":10123.3203125,
        "12":10287.7041015625,
        "13":11104.8515625,
        "14":10689.6953125,
        "15":9311.9716796875,
        "16":9502.1650390625,
        "17":10482.8232421875,
        "18":11542.4287109375,
        "19":13142.8662109375,
        "20":6757.6069335938,
        "21":9028.5810546875,
        "22":10164.5048828125,
        "23":4871.2426757812,
        "24":8419.9501953125,
        "25":9965.26171875,
        "26":9087.8955078125,
        "27":5910.8359375,
        "28":7757.5,
        "29":9507.4697265625,
        "30":9812.12109375,
        "31":7372.2641601562,
        "32":9420.556640625,
        "33":7279.2368164062,
        "34":8203.49609375,
        "35":8251.8203125,
        "36":8864.390625,
        "37":5829.9204101562,
        "38":10773.2197265625,
        "39":8642.4248046875,
        "40":8557.5087890625,
        "41":7833.4560546875,
        "42":9389.3505859375,
        "43":9870.9033203125,
        "44":7058.9643554688,
        "45":7585.5922851562,
        "46":6736.5126953125,
        "47":7655.2514648438,
        "48":11139.720703125,
        "49":7747.5112304688
    },
    "std":{
        "-30":1326.2692871094,
        "-29":1881.6989746094,
        "-28":1457.310546875,
        "-27":1194.5380859375,
        "-26":1106.1634521484,
        "-25":1839.0749511719,
        "-24":2101.6940917969,
        "-23":1106.7556152344,
        "-22":1837.3845214844,
        "-21":1526.7290039062,
        "-20":2074.1137695312,
        "-19":1777.9700927734,
        "-18":2382.2192382812,
        "-17":2078.7104492188,
        "-16":2121.7607421875,
        "-15":2164.6469726562,
        "-14":2297.4255371094,
        "-13":2834.9487304688,
        "-12":2344.5109863281,
        "-11":2216.2153320312,
        "-10":2030.9342041016,
        "-9":2634.6088867188,
        "-8":2686.1477050781,
        "-7":2556.5300292969,
        "-6":1850.880859375,
        "-5":2899.6735839844,
        "-4":3437.4494628906,
        "-3":2049.8190917969,
        "-2":2849.8464355469,
        "-1":2695.7995605469,
        "0":2413.9685058594,
        "1":2295.3510742188,
        "2":2691.9206542969,
        "3":2581.0803222656,
        "4":2470.134765625,
        "5":2141.3371582031,
        "6":2597.48046875,
        "7":2771.9326171875,
        "8":2992.3657226562,
        "9":1834.4974365234,
        "10":2278.1579589844,
        "11":2343.3627929688,
        "12":2459.9426269531,
        "13":2250.0278320312,
        "14":2123.5063476562,
        "15":2179.7736816406,
        "16":2629.4611816406,
        "17":2145.3225097656,
        "18":2357.1311035156,
        "19":2138.7570800781,
        "20":1671.7138671875,
        "21":2083.1457519531,
        "22":2104.9157714844,
        "23":1114.7136230469,
        "24":1852.5471191406,
        "25":1677.7894287109,
        "26":1362.5657958984,
        "27":1295.3902587891,
        "28":1194.9002685547,
        "29":1798.1215820312,
        "30":1555.7076416016,
        "31":1682.4468994141,
        "32":1695.7233886719,
        "33":1041.4587402344,
        "34":1501.8741455078,
        "35":1458.82421875,
        "36":1270.7628173828,
        "37":1240.84375,
        "38":1751.8986816406,
        "39":1475.9138183594,
        "40":1322.9895019531,
        "41":1333.7589111328,
        "42":1408.6413574219,
        "43":1445.2227783203,
        "44":1383.4703369141,
        "45":1484.9300537109,
        "46":1444.3140869141,
        "47":1299.2019042969,
        "48":1754.1708984375,
        "49":1566.0396728516
    }
}