{
    "data":{
        "-30":36942.26171875,
        "-29":37568.1015625,
        "-28":36017.640625,
        "-27":38370.42578125,
        "-26":37275.95703125,
        "-25":37882.296875,
        "-24":39944.3046875,
        "-23":43692.3046875,
        "-22":46124.55078125,
        "-21":48689.4375,
        "-20":46946.39453125,
        "-19":47578.546875,
        "-18":49821.6953125,
        "-17":45672.02734375,
        "-16":47832.87109375,
        "-15":46424.515625,
        "-14":45833.80859375,
        "-13":46308.35546875,
        "-12":46425.70703125,
        "-11":45988.2265625,
        "-10":42206.26171875,
        "-9":42458.16796875,
        "-8":41116.23046875,
        "-7":39591.09765625,
        "-6":37821.0078125,
        "-5":39505.796875,
        "-4":42604.07421875,
        "-3":41217.0,
        "-2":42281.43359375,
        "-1":39215.328125,
        "0":39371.2890625,
        "1":37091.15234375,
        "2":37656.52734375,
        "3":36580.28515625,
        "4":32490.11328125,
        "5":38184.2578125,
        "6":35586.66796875,
        "7":33022.6171875,
        "8":33248.890625,
        "9":31908.658203125,
        "10":31024.765625,
        "11":35844.24609375,
        "12":31957.13671875,
        "13":32826.34375,
        "14":30014.103515625,
        "15":31149.19921875,
        "16":30253.677734375,
        "17":31902.646484375,
        "18":31745.419921875,
        "19":29705.392578125,
        "20":29605.94140625,
        "21":28625.818359375,
        "22":34401.6875,
        "23":30377.44140625,
        "24":28833.119140625,
        "25":31927.091796875,
        "26":26903.828125,
        "27":28713.90234375,
        "28":28483.669921875,
        "29":32851.0546875,
        "30":33354.55078125,
        "31":29318.859375,
        "32":33432.48828125,
        "33":29198.720703125,
        "34":34459.04296875,
        "35":35094.18359375,
        "36":34607.6796875,
        "37":32450.234375,
        "38":29304.078125,
        "39":28643.87890625,
        "40":31633.890625,
        "41":32791.79296875,
        "42":29614.02734375,
        "43":33947.98828125,
        "44":34455.74609375,
        "45":36927.23828125,
        "46":36288.25390625,
        "47":39273.54296875,
        "48":38528.56640625,
        "49":37919.56640625
    },
    "std":{
        "-30":11827.4208984375,
        "-29":10594.8955078125,
        "-28":10758.779296875,
        "-27":11421.921875,
        "-26":10802.3486328125,
        "-25":9955.5693359375,
        "-24":10281.5263671875,
        "-23":11556.740234375,
        "-22":13973.83984375,
        "-21":13557.70703125,
        "-20":12742.1630859375,
        "-19":13418.7841796875,
        "-18":15273.4208984375,
        "-17":13940.7177734375,
        "-16":13887.521484375,
        "-15":13379.3193359375,
        "-14":13446.8544921875,
        "-13":13469.224609375,
        "-12":12801.84375,
        "-11":13049.814453125,
        "-10":12277.603515625,
        "-9":11350.1796875,
        "-8":12214.6494140625,
        "-7":11656.53125,
        "-6":10991.623046875,
        "-5":11417.7919921875,
        "-4":12999.1328125,
        "-3":11869.447265625,
        "-2":12854.263671875,
        "-1":11703.05078125,
        "0":11666.9951171875,
        "1":10814.0322265625,
        "2":11729.5322265625,
        "3":10505.5595703125,
        "4":10083.2197265625,
        "5":10390.2890625,
        "6":10133.85546875,
        "7":10084.3701171875,
        "8":9918.9462890625,
        "9":9839.845703125,
        "10":9337.2607421875,
        "11":9797.1650390625,
        "12":9743.8486328125,
        "13":8954.0048828125,
        "14":8615.48828125,
        "15":8401.9013671875,
        "16":9123.3330078125,
        "17":8696.5390625,
        "18":8903.41015625,
        "19":8402.158203125,
        "20":8947.7392578125,
        "21":8671.07421875,
        "22":9737.7802734375,
        "23":9119.7275390625,
        "24":7970.2216796875,
        "25":8959.47265625,
        "26":8310.0869140625,
        "27":8572.009765625,
        "28":9486.7001953125,
        "29":10211.8427734375,
        "30":11245.884765625,
        "31":9566.814453125,
        "32":10229.2294921875,
        "33":10297.259765625,
        "34":11307.337890625,
        "35":11149.0947265625,
        "36":13246.6337890625,
        "37":11280.109375,
        "38":10169.0244140625,
        "39":9617.7080078125,
        "40":9863.890625,
        "41":10338.109375,
        "42":9360.5859375,
        "43":10699.9921875,
        "44":11716.318359375,
        "45":11799.859375,
        "46":11495.2138671875,
        "47":11717.275390625,
        "48":10567.443359375,
        "49":10541.67578125
    }
}