{
    "data":{
        "-30":19015.166015625,
        "-29":20265.888671875,
        "-28":21665.12890625,
        "-27":20632.791015625,
        "-26":20418.38671875,
        "-25":18767.609375,
        "-24":18535.208984375,
        "-23":19919.52734375,
        "-22":19332.22265625,
        "-21":17903.720703125,
        "-20":19583.1796875,
        "-19":17446.220703125,
        "-18":17432.765625,
        "-17":16522.203125,
        "-16":16761.666015625,
        "-15":19647.109375,
        "-14":16653.52734375,
        "-13":14990.55078125,
        "-12":15812.0859375,
        "-11":17532.546875,
        "-10":16407.291015625,
        "-9":14617.5654296875,
        "-8":15711.73828125,
        "-7":10951.3642578125,
        "-6":16638.697265625,
        "-5":14704.9404296875,
        "-4":16184.0478515625,
        "-3":16126.466796875,
        "-2":13574.419921875,
        "-1":14632.658203125,
        "0":13573.5078125,
        "1":13320.662109375,
        "2":14762.3701171875,
        "3":14008.943359375,
        "4":17471.513671875,
        "5":14493.4150390625,
        "6":14904.3837890625,
        "7":18307.203125,
        "8":17876.255859375,
        "9":18160.796875,
        "10":15758.69921875,
        "11":15330.5107421875,
        "12":15567.0205078125,
        "13":14777.6396484375,
        "14":15835.287109375,
        "15":12768.2861328125,
        "16":16706.625,
        "17":13469.3203125,
        "18":16440.697265625,
        "19":14593.8779296875,
        "20":13458.6591796875,
        "21":15676.2080078125,
        "22":13201.138671875,
        "23":18245.693359375,
        "24":13784.935546875,
        "25":14470.0458984375,
        "26":13153.4111328125,
        "27":15005.66796875,
        "28":17546.73828125,
        "29":17375.646484375,
        "30":18122.5234375,
        "31":18514.5078125,
        "32":18712.841796875,
        "33":17320.216796875,
        "34":19730.3125,
        "35":22753.24609375,
        "36":23511.34765625,
        "37":18959.611328125,
        "38":25268.19921875,
        "39":24517.798828125,
        "40":22044.09765625,
        "41":24668.93359375,
        "42":25454.658203125,
        "43":23090.9453125,
        "44":28749.880859375,
        "45":25730.328125,
        "46":25197.408203125,
        "47":21962.2109375,
        "48":23195.671875,
        "49":26180.716796875
    },
    "std":{
        "-30":11239.3818359375,
        "-29":11554.455078125,
        "-28":11268.1923828125,
        "-27":10930.7900390625,
        "-26":10381.25390625,
        "-25":9886.62109375,
        "-24":9378.2958984375,
        "-23":9655.083984375,
        "-22":8378.7333984375,
        "-21":8881.861328125,
        "-20":9046.2841796875,
        "-19":7519.9213867188,
        "-18":8098.1748046875,
        "-17":7471.6958007812,
        "-16":8398.6591796875,
        "-15":8266.7197265625,
        "-14":7538.59765625,
        "-13":7092.1953125,
        "-12":7479.9208984375,
        "-11":7749.669921875,
        "-10":6943.8325195312,
        "-9":6835.560546875,
        "-8":6688.8237304688,
        "-7":5606.3637695312,
        "-6":6233.6303710938,
        "-5":6005.4301757812,
        "-4":5961.5043945312,
        "-3":5790.2553710938,
        "-2":5379.0932617188,
        "-1":5848.0053710938,
        "0":5541.8544921875,
        "1":5163.6875,
        "2":5345.8803710938,
        "3":5435.9331054688,
        "4":5255.3696289062,
        "5":5165.3471679688,
        "6":4767.1787109375,
        "7":5190.7504882812,
        "8":5306.1953125,
        "9":5763.4223632812,
        "10":4792.7778320312,
        "11":5264.1650390625,
        "12":5423.9516601562,
        "13":4240.814453125,
        "14":4052.9057617188,
        "15":4354.5014648438,
        "16":4907.9311523438,
        "17":3974.2028808594,
        "18":4268.40234375,
        "19":4989.6772460938,
        "20":4590.8046875,
        "21":3540.4116210938,
        "22":4687.7294921875,
        "23":4177.2612304688,
        "24":4919.8852539062,
        "25":4416.361328125,
        "26":4237.3090820312,
        "27":5078.4443359375,
        "28":4149.845703125,
        "29":5279.6479492188,
        "30":5813.7412109375,
        "31":5699.431640625,
        "32":6435.9721679688,
        "33":7672.1376953125,
        "34":7768.2993164062,
        "35":8913.833984375,
        "36":8991.4833984375,
        "37":9384.8583984375,
        "38":9724.3525390625,
        "39":11248.0068359375,
        "40":10898.1708984375,
        "41":11807.78125,
        "42":12254.3291015625,
        "43":12403.9375,
        "44":13187.138671875,
        "45":12537.2890625,
        "46":13178.537109375,
        "47":11851.4833984375,
        "48":11583.13671875,
        "49":11677.0244140625
    }
}