{
    "data":{
        "-30":34268.74609375,
        "-29":31430.955078125,
        "-28":31321.177734375,
        "-27":29035.625,
        "-26":30309.705078125,
        "-25":28697.005859375,
        "-24":26557.48828125,
        "-23":28920.904296875,
        "-22":26507.9765625,
        "-21":26082.396484375,
        "-20":24089.78125,
        "-19":24608.73828125,
        "-18":25987.05859375,
        "-17":25101.115234375,
        "-16":25623.34765625,
        "-15":25378.765625,
        "-14":23892.171875,
        "-13":22524.310546875,
        "-12":23398.21875,
        "-11":23786.935546875,
        "-10":21037.9921875,
        "-9":20520.375,
        "-8":24579.5625,
        "-7":21137.9921875,
        "-6":23078.212890625,
        "-5":17798.265625,
        "-4":21769.384765625,
        "-3":23445.529296875,
        "-2":24537.365234375,
        "-1":23206.462890625,
        "0":25188.5390625,
        "1":26196.220703125,
        "2":28082.880859375,
        "3":28159.193359375,
        "4":27951.50390625,
        "5":30970.81640625,
        "6":32396.615234375,
        "7":29281.25,
        "8":32887.16796875,
        "9":35133.6171875,
        "10":35336.5625,
        "11":33601.375,
        "12":34613.79296875,
        "13":35974.42578125,
        "14":33949.1875,
        "15":33204.90234375,
        "16":33925.12109375,
        "17":29637.744140625,
        "18":30952.03515625,
        "19":29361.681640625,
        "20":29204.828125,
        "21":29162.109375,
        "22":27624.92578125,
        "23":26926.267578125,
        "24":27201.1640625,
        "25":27701.5,
        "26":25712.044921875,
        "27":28339.23828125,
        "28":26287.068359375,
        "29":27163.921875,
        "30":24993.7890625,
        "31":25933.095703125,
        "32":25505.2265625,
        "33":24679.970703125,
        "34":24958.412109375,
        "35":23436.638671875,
        "36":26279.970703125,
        "37":26533.318359375,
        "38":27904.6484375,
        "39":27230.896484375,
        "40":28577.48828125,
        "41":29536.646484375,
        "42":29529.240234375,
        "43":28066.708984375,
        "44":31502.755859375,
        "45":32195.017578125,
        "46":35954.55859375,
        "47":35798.8359375,
        "48":31046.75,
        "49":31956.203125
    },
    "std":{
        "-30":11707.0927734375,
        "-29":11477.2314453125,
        "-28":10862.9833984375,
        "-27":10319.4111328125,
        "-26":9932.169921875,
        "-25":10151.6484375,
        "-24":9057.2099609375,
        "-23":9790.0751953125,
        "-22":9457.236328125,
        "-21":8680.2900390625,
        "-20":7710.4819335938,
        "-19":8193.7353515625,
        "-18":8116.2060546875,
        "-17":8297.3212890625,
        "-16":7861.0146484375,
        "-15":7374.7451171875,
        "-14":7634.1845703125,
        "-13":7002.8271484375,
        "-12":7316.2055664062,
        "-11":6629.1547851562,
        "-10":6460.4291992188,
        "-9":5278.1879882812,
        "-8":6301.7607421875,
        "-7":5580.8310546875,
        "-6":5338.314453125,
        "-5":5322.6948242188,
        "-4":5556.8012695312,
        "-3":6005.7685546875,
        "-2":6128.966796875,
        "-1":6886.404296875,
        "0":6398.7084960938,
        "1":6796.3442382812,
        "2":6777.2524414062,
        "3":6994.080078125,
        "4":7563.7412109375,
        "5":8462.62890625,
        "6":9107.3623046875,
        "7":9306.2275390625,
        "8":9917.0810546875,
        "9":10628.6904296875,
        "10":11355.6337890625,
        "11":10994.375,
        "12":10128.0244140625,
        "13":11398.6123046875,
        "14":11249.4716796875,
        "15":10425.44921875,
        "16":11338.5654296875,
        "17":10059.32421875,
        "18":10372.65234375,
        "19":9863.8193359375,
        "20":9785.0947265625,
        "21":9797.6005859375,
        "22":9442.12890625,
        "23":8470.1513671875,
        "24":8531.5927734375,
        "25":8299.5888671875,
        "26":7943.2724609375,
        "27":7728.8510742188,
        "28":7885.5649414062,
        "29":8096.2646484375,
        "30":7377.2895507812,
        "31":8863.0302734375,
        "32":8157.7534179688,
        "33":7553.1772460938,
        "34":8624.12109375,
        "35":7725.203125,
        "36":8266.4638671875,
        "37":8359.6220703125,
        "38":8951.4736328125,
        "39":9185.99609375,
        "40":9391.796875,
        "41":9127.521484375,
        "42":8983.43359375,
        "43":9311.2177734375,
        "44":10203.353515625,
        "45":10288.599609375,
        "46":11850.412109375,
        "47":11339.0146484375,
        "48":11869.87109375,
        "49":11143.267578125
    }
}