{
    "data":{
        "-30":30887.19921875,
        "-29":30771.259765625,
        "-28":27011.904296875,
        "-27":30480.068359375,
        "-26":28897.490234375,
        "-25":27522.58984375,
        "-24":28510.166015625,
        "-23":30368.09765625,
        "-22":28891.125,
        "-21":29253.390625,
        "-20":29422.57421875,
        "-19":27462.37890625,
        "-18":30169.12109375,
        "-17":26598.693359375,
        "-16":25944.5859375,
        "-15":26496.947265625,
        "-14":22056.720703125,
        "-13":25854.654296875,
        "-12":21970.390625,
        "-11":23807.203125,
        "-10":24558.181640625,
        "-9":23401.576171875,
        "-8":27956.796875,
        "-7":21701.4765625,
        "-6":20662.49609375,
        "-5":21498.421875,
        "-4":22297.947265625,
        "-3":21044.396484375,
        "-2":23254.09765625,
        "-1":22170.59765625,
        "0":21604.615234375,
        "1":22992.041015625,
        "2":20866.990234375,
        "3":20365.720703125,
        "4":22103.51171875,
        "5":20335.677734375,
        "6":21923.630859375,
        "7":22401.732421875,
        "8":23870.69921875,
        "9":25043.8515625,
        "10":24898.814453125,
        "11":21452.71875,
        "12":22348.576171875,
        "13":22352.705078125,
        "14":20795.83984375,
        "15":21440.556640625,
        "16":25579.55859375,
        "17":24146.8671875,
        "18":22887.201171875,
        "19":24388.1015625,
        "20":24623.75390625,
        "21":22929.306640625,
        "22":21090.240234375,
        "23":20184.623046875,
        "24":20399.5703125,
        "25":24209.767578125,
        "26":18904.126953125,
        "27":22657.365234375,
        "28":19864.689453125,
        "29":22307.240234375,
        "30":21594.390625,
        "31":19446.953125,
        "32":20486.421875,
        "33":21836.375,
        "34":19920.171875,
        "35":23382.884765625,
        "36":23599.3515625,
        "37":21051.76953125,
        "38":21103.9453125,
        "39":24964.392578125,
        "40":21448.521484375,
        "41":19374.40234375,
        "42":22096.048828125,
        "43":22425.56640625,
        "44":23619.515625,
        "45":22199.541015625,
        "46":25739.609375,
        "47":21162.140625,
        "48":23280.21484375,
        "49":20912.572265625
    },
    "std":{
        "-30":9114.748046875,
        "-29":8773.5,
        "-28":7941.6391601562,
        "-27":8317.9580078125,
        "-26":8700.375,
        "-25":7579.546875,
        "-24":7791.3017578125,
        "-23":7270.9677734375,
        "-22":8003.486328125,
        "-21":7385.84765625,
        "-20":8070.9819335938,
        "-19":7586.142578125,
        "-18":7656.576171875,
        "-17":7382.6801757812,
        "-16":7289.3051757812,
        "-15":7985.482421875,
        "-14":6590.3022460938,
        "-13":6847.056640625,
        "-12":6361.4536132812,
        "-11":6595.4047851562,
        "-10":7196.0893554688,
        "-9":6605.2172851562,
        "-8":7463.96875,
        "-7":5845.9174804688,
        "-6":6124.8544921875,
        "-5":6270.8208007812,
        "-4":6582.5751953125,
        "-3":5769.5166015625,
        "-2":6523.6655273438,
        "-1":5677.8657226562,
        "0":6400.6547851562,
        "1":5721.224609375,
        "2":6030.0952148438,
        "3":5587.4853515625,
        "4":5399.6767578125,
        "5":5111.8701171875,
        "6":4941.1645507812,
        "7":5384.0541992188,
        "8":5600.6586914062,
        "9":7216.5200195312,
        "10":5746.9643554688,
        "11":5601.9326171875,
        "12":6399.4135742188,
        "13":6015.7470703125,
        "14":6552.927734375,
        "15":7031.3842773438,
        "16":7225.0322265625,
        "17":7261.1098632812,
        "18":6214.2783203125,
        "19":8479.4150390625,
        "20":7597.953125,
        "21":7681.7905273438,
        "22":6707.9873046875,
        "23":6933.4140625,
        "24":7369.5615234375,
        "25":7064.8549804688,
        "26":6276.4091796875,
        "27":7055.4057617188,
        "28":6741.3916015625,
        "29":6560.4208984375,
        "30":7135.4702148438,
        "31":6482.6333007812,
        "32":6170.4096679688,
        "33":5800.4194335938,
        "34":6227.994140625,
        "35":6379.2446289062,
        "36":6246.4448242188,
        "37":6237.6010742188,
        "38":6581.4228515625,
        "39":6560.7729492188,
        "40":6021.86328125,
        "41":6034.7783203125,
        "42":6895.6171875,
        "43":6138.0283203125,
        "44":6364.1298828125,
        "45":6381.2587890625,
        "46":6849.4145507812,
        "47":6892.6635742188,
        "48":7093.181640625,
        "49":6265.2172851562
    }
}