{
    "data":{
        "-30":23119.56640625,
        "-29":22851.841796875,
        "-28":23166.083984375,
        "-27":25108.44921875,
        "-26":22948.328125,
        "-25":23094.673828125,
        "-24":25272.50390625,
        "-23":23040.845703125,
        "-22":24289.2109375,
        "-21":22588.056640625,
        "-20":23499.298828125,
        "-19":22587.337890625,
        "-18":23674.876953125,
        "-17":24391.001953125,
        "-16":24002.583984375,
        "-15":24389.3984375,
        "-14":20293.59765625,
        "-13":23766.02734375,
        "-12":23020.044921875,
        "-11":24825.244140625,
        "-10":23029.84375,
        "-9":21554.439453125,
        "-8":22759.8515625,
        "-7":20423.150390625,
        "-6":22940.44921875,
        "-5":25164.994140625,
        "-4":23782.55859375,
        "-3":23659.43359375,
        "-2":25546.41015625,
        "-1":23825.43359375,
        "0":24056.2578125,
        "1":23014.826171875,
        "2":25686.01171875,
        "3":24254.4296875,
        "4":24138.638671875,
        "5":22224.046875,
        "6":24396.84765625,
        "7":23235.740234375,
        "8":24170.158203125,
        "9":23676.18359375,
        "10":23911.318359375,
        "11":22577.52734375,
        "12":23327.732421875,
        "13":24448.103515625,
        "14":23195.03125,
        "15":22495.591796875,
        "16":20242.408203125,
        "17":19026.9375,
        "18":25430.271484375,
        "19":23412.21484375,
        "20":23254.74609375,
        "21":24186.904296875,
        "22":21798.791015625,
        "23":21878.6875,
        "24":21395.98828125,
        "25":23591.431640625,
        "26":20833.06640625,
        "27":24401.43359375,
        "28":22061.634765625,
        "29":21196.8203125,
        "30":18346.583984375,
        "31":21218.822265625,
        "32":24289.9296875,
        "33":19667.828125,
        "34":20920.35546875,
        "35":21780.2734375,
        "36":23052.658203125,
        "37":18215.484375,
        "38":18480.466796875,
        "39":20555.259765625,
        "40":18977.71484375,
        "41":21262.953125,
        "42":19738.353515625,
        "43":18380.68359375,
        "44":19297.90234375,
        "45":24491.958984375,
        "46":20014.24609375,
        "47":19795.099609375,
        "48":18828.4765625,
        "49":18202.6484375
    },
    "std":{
        "-30":8052.2451171875,
        "-29":8311.861328125,
        "-28":8539.388671875,
        "-27":8059.9365234375,
        "-26":7612.1547851562,
        "-25":7080.3994140625,
        "-24":8216.5302734375,
        "-23":7780.3994140625,
        "-22":7860.5600585938,
        "-21":7527.9663085938,
        "-20":7617.2250976562,
        "-19":7308.197265625,
        "-18":7294.8671875,
        "-17":7678.3549804688,
        "-16":7506.9013671875,
        "-15":6945.7666015625,
        "-14":7932.4580078125,
        "-13":7647.662109375,
        "-12":7831.5415039062,
        "-11":7056.0073242188,
        "-10":7015.9633789062,
        "-9":6927.0678710938,
        "-8":7411.607421875,
        "-7":7704.3876953125,
        "-6":7561.0151367188,
        "-5":8105.4516601562,
        "-4":7677.2553710938,
        "-3":7063.77734375,
        "-2":8294.5244140625,
        "-1":7744.376953125,
        "0":8241.0546875,
        "1":7215.294921875,
        "2":7748.2255859375,
        "3":8290.9462890625,
        "4":7924.8354492188,
        "5":8001.9790039062,
        "6":8042.1123046875,
        "7":7832.3715820312,
        "8":7338.2158203125,
        "9":8068.9643554688,
        "10":8094.185546875,
        "11":7579.6489257812,
        "12":7558.7939453125,
        "13":7445.1435546875,
        "14":7759.6181640625,
        "15":7336.5595703125,
        "16":7494.5634765625,
        "17":7839.0366210938,
        "18":7364.4741210938,
        "19":7784.5786132812,
        "20":8138.7172851562,
        "21":7622.5869140625,
        "22":7347.3486328125,
        "23":7576.4106445312,
        "24":8459.349609375,
        "25":8182.1879882812,
        "26":8110.3037109375,
        "27":8020.0,
        "28":7537.216796875,
        "29":7829.0493164062,
        "30":7371.451171875,
        "31":8472.3212890625,
        "32":7612.2607421875,
        "33":7262.2338867188,
        "34":8734.392578125,
        "35":7253.5190429688,
        "36":7552.3505859375,
        "37":7246.1215820312,
        "38":7422.9897460938,
        "39":7657.3046875,
        "40":6876.6337890625,
        "41":7525.568359375,
        "42":6848.4301757812,
        "43":7251.6635742188,
        "44":7214.162109375,
        "45":7295.8676757812,
        "46":7789.3413085938,
        "47":7841.6323242188,
        "48":7665.29296875,
        "49":7737.52734375
    }
}