{
    "data":{
        "-30":28284.4765625,
        "-29":25882.154296875,
        "-28":26989.318359375,
        "-27":29060.919921875,
        "-26":28748.07421875,
        "-25":29167.083984375,
        "-24":27916.80859375,
        "-23":27580.97265625,
        "-22":23580.607421875,
        "-21":22189.919921875,
        "-20":28498.453125,
        "-19":21156.583984375,
        "-18":23823.89453125,
        "-17":22015.435546875,
        "-16":20710.384765625,
        "-15":24095.611328125,
        "-14":24830.2421875,
        "-13":25778.3984375,
        "-12":27696.583984375,
        "-11":26272.365234375,
        "-10":24307.41015625,
        "-9":28531.556640625,
        "-8":26332.48828125,
        "-7":29927.265625,
        "-6":28450.8984375,
        "-5":30387.4375,
        "-4":28728.857421875,
        "-3":27818.6484375,
        "-2":27518.482421875,
        "-1":29630.677734375,
        "0":30250.56640625,
        "1":31530.6015625,
        "2":30507.06640625,
        "3":35021.20703125,
        "4":35605.87890625,
        "5":32408.5625,
        "6":32255.06640625,
        "7":29688.984375,
        "8":33412.8984375,
        "9":32718.642578125,
        "10":32446.38671875,
        "11":35041.17578125,
        "12":32994.39453125,
        "13":29088.607421875,
        "14":31928.328125,
        "15":30628.169921875,
        "16":30921.46484375,
        "17":30371.5234375,
        "18":30775.806640625,
        "19":31070.994140625,
        "20":30323.25,
        "21":29439.408203125,
        "22":28882.052734375,
        "23":31726.091796875,
        "24":29173.794921875,
        "25":28678.490234375,
        "26":24694.494140625,
        "27":28477.904296875,
        "28":29933.7265625,
        "29":29075.421875,
        "30":28711.482421875,
        "31":30406.267578125,
        "32":28545.09765625,
        "33":29901.77734375,
        "34":27877.78515625,
        "35":25337.81640625,
        "36":25505.345703125,
        "37":24823.01953125,
        "38":28805.59765625,
        "39":28382.96484375,
        "40":26576.990234375,
        "41":30024.21484375,
        "42":30050.5390625,
        "43":30379.0,
        "44":26361.869140625,
        "45":26347.958984375,
        "46":25325.37890625,
        "47":29195.806640625,
        "48":27401.353515625,
        "49":29575.947265625
    },
    "std":{
        "-30":8420.3994140625,
        "-29":9498.6201171875,
        "-28":9455.9541015625,
        "-27":9474.236328125,
        "-26":10197.2841796875,
        "-25":11190.796875,
        "-24":9399.529296875,
        "-23":9230.21484375,
        "-22":6453.8159179688,
        "-21":8233.767578125,
        "-20":7631.1791992188,
        "-19":7271.8325195312,
        "-18":6383.5458984375,
        "-17":7327.5649414062,
        "-16":7226.7973632812,
        "-15":7594.7719726562,
        "-14":6651.3354492188,
        "-13":7413.0302734375,
        "-12":8122.0561523438,
        "-11":6645.8862304688,
        "-10":7427.23828125,
        "-9":7694.384765625,
        "-8":8556.0478515625,
        "-7":8090.5703125,
        "-6":8615.736328125,
        "-5":8928.080078125,
        "-4":7884.9580078125,
        "-3":7504.220703125,
        "-2":7589.39453125,
        "-1":7472.2866210938,
        "0":8708.2841796875,
        "1":8364.916015625,
        "2":8932.953125,
        "3":8641.8154296875,
        "4":9738.2109375,
        "5":8956.63671875,
        "6":8853.6181640625,
        "7":8562.6171875,
        "8":8684.7158203125,
        "9":8412.298828125,
        "10":8765.578125,
        "11":9105.095703125,
        "12":8090.955078125,
        "13":8362.6962890625,
        "14":8445.6181640625,
        "15":8623.0146484375,
        "16":7736.1694335938,
        "17":8845.3505859375,
        "18":8715.0888671875,
        "19":8795.05859375,
        "20":8610.40234375,
        "21":8280.5595703125,
        "22":7995.3764648438,
        "23":8458.08984375,
        "24":8866.2119140625,
        "25":9000.06640625,
        "26":8446.1826171875,
        "27":9776.3544921875,
        "28":9456.8681640625,
        "29":9260.2255859375,
        "30":9150.1328125,
        "31":9419.802734375,
        "32":9010.50390625,
        "33":9118.4208984375,
        "34":8135.703125,
        "35":8511.16015625,
        "36":8458.1748046875,
        "37":8767.1123046875,
        "38":10221.7412109375,
        "39":9436.20703125,
        "40":9900.92578125,
        "41":9360.005859375,
        "42":10146.55859375,
        "43":9884.171875,
        "44":9304.30078125,
        "45":8886.31640625,
        "46":8675.1376953125,
        "47":8438.45703125,
        "48":9370.8642578125,
        "49":9466.3125
    }
}