{
    "data":{
        "-30":21947.578125,
        "-29":18780.783203125,
        "-28":18658.28515625,
        "-27":22773.421875,
        "-26":22478.3671875,
        "-25":16327.51953125,
        "-24":20556.490234375,
        "-23":15178.26953125,
        "-22":14849.439453125,
        "-21":16268.5673828125,
        "-20":14962.2421875,
        "-19":18305.42578125,
        "-18":18879.478515625,
        "-17":18821.603515625,
        "-16":19548.623046875,
        "-15":13739.67578125,
        "-14":14649.3857421875,
        "-13":13157.7412109375,
        "-12":14359.3984375,
        "-11":18432.123046875,
        "-10":17525.19140625,
        "-9":22216.2421875,
        "-8":18202.52734375,
        "-7":19930.89453125,
        "-6":18267.177734375,
        "-5":16088.59375,
        "-4":15757.3916015625,
        "-3":18517.53515625,
        "-2":20107.845703125,
        "-1":15452.88671875,
        "0":18165.13671875,
        "1":19765.90625,
        "2":17929.384765625,
        "3":18553.421875,
        "4":17088.806640625,
        "5":17557.416015625,
        "6":16171.0966796875,
        "7":15648.42578125,
        "8":15550.7705078125,
        "9":18523.703125,
        "10":19361.6328125,
        "11":14971.2041015625,
        "12":16604.87890625,
        "13":17590.521484375,
        "14":16895.51953125,
        "15":13961.9033203125,
        "16":15358.591796875,
        "17":14661.3896484375,
        "18":14318.90625,
        "19":13323.59375,
        "20":12766.85546875,
        "21":13642.173828125,
        "22":14608.8955078125,
        "23":14770.5283203125,
        "24":14002.7646484375,
        "25":15877.19921875,
        "26":13945.21875,
        "27":14496.6083984375,
        "28":14197.6962890625,
        "29":15369.9951171875,
        "30":15707.9296875,
        "31":13527.7099609375,
        "32":13806.9912109375,
        "33":16644.37890625,
        "34":13666.86328125,
        "35":14165.705078125,
        "36":13316.2587890625,
        "37":17463.66796875,
        "38":16906.74609375,
        "39":19422.5703125,
        "40":22564.138671875,
        "41":18771.78515625,
        "42":19265.36328125,
        "43":20879.42578125,
        "44":19172.244140625,
        "45":17526.841796875,
        "46":17454.220703125,
        "47":19709.052734375,
        "48":20497.90234375,
        "49":20450.755859375
    },
    "std":{
        "-30":7234.4233398438,
        "-29":6941.279296875,
        "-28":5879.4604492188,
        "-27":6768.6162109375,
        "-26":7532.46875,
        "-25":3256.4118652344,
        "-24":6039.5126953125,
        "-23":3605.0458984375,
        "-22":4324.0336914062,
        "-21":2827.6442871094,
        "-20":3612.8625488281,
        "-19":7380.0537109375,
        "-18":6946.673828125,
        "-17":7579.2827148438,
        "-16":7317.923828125,
        "-15":5264.646484375,
        "-14":4374.3681640625,
        "-13":2383.5568847656,
        "-12":3231.0959472656,
        "-11":6113.2573242188,
        "-10":5717.1274414062,
        "-9":5992.2739257812,
        "-8":5967.2841796875,
        "-7":5834.9584960938,
        "-6":5453.0263671875,
        "-5":4404.9951171875,
        "-4":3315.126953125,
        "-3":4719.3823242188,
        "-2":4309.0649414062,
        "-1":4145.3745117188,
        "0":4670.7348632812,
        "1":3875.2551269531,
        "2":3447.681640625,
        "3":4473.8120117188,
        "4":3589.6049804688,
        "5":4626.9052734375,
        "6":4439.5048828125,
        "7":3658.130859375,
        "8":3361.4155273438,
        "9":4192.5708007812,
        "10":4224.51171875,
        "11":3551.0751953125,
        "12":3378.4309082031,
        "13":3471.6516113281,
        "14":3810.2973632812,
        "15":3197.7993164062,
        "16":3445.1640625,
        "17":2420.9538574219,
        "18":2960.0947265625,
        "19":3334.376953125,
        "20":2630.4477539062,
        "21":2430.4467773438,
        "22":3025.9887695312,
        "23":3479.3981933594,
        "24":3030.7998046875,
        "25":3991.6770019531,
        "26":3098.7709960938,
        "27":2930.6848144531,
        "28":2678.6691894531,
        "29":2520.5532226562,
        "30":3081.3994140625,
        "31":3240.8361816406,
        "32":3136.3562011719,
        "33":2282.8845214844,
        "34":2829.0581054688,
        "35":2812.0930175781,
        "36":3015.9323730469,
        "37":3959.8933105469,
        "38":4327.5708007812,
        "39":4410.9243164062,
        "40":5303.0034179688,
        "41":5537.8876953125,
        "42":5232.4360351562,
        "43":6579.7573242188,
        "44":5478.1391601562,
        "45":4997.3100585938,
        "46":5086.6494140625,
        "47":6059.544921875,
        "48":7400.8466796875,
        "49":6746.0322265625
    }
}