{
    "data":{
        "-30":18495.611328125,
        "-29":18768.400390625,
        "-28":18912.220703125,
        "-27":16825.3828125,
        "-26":16852.595703125,
        "-25":17269.08203125,
        "-24":17469.82421875,
        "-23":20638.5546875,
        "-22":21839.322265625,
        "-21":22104.365234375,
        "-20":21313.8203125,
        "-19":22522.634765625,
        "-18":17668.44921875,
        "-17":22813.759765625,
        "-16":22293.67578125,
        "-15":18584.26953125,
        "-14":18636.05859375,
        "-13":20955.02734375,
        "-12":21214.076171875,
        "-11":18761.021484375,
        "-10":13873.8525390625,
        "-9":17231.56640625,
        "-8":20470.66796875,
        "-7":17344.94140625,
        "-6":17741.380859375,
        "-5":19222.26953125,
        "-4":17807.6875,
        "-3":21823.66015625,
        "-2":22568.46484375,
        "-1":19063.375,
        "0":19316.0859375,
        "1":22458.638671875,
        "2":20563.634765625,
        "3":19156.427734375,
        "4":18660.314453125,
        "5":16649.640625,
        "6":19443.234375,
        "7":18608.87890625,
        "8":20018.015625,
        "9":21830.45703125,
        "10":23403.99609375,
        "11":21926.353515625,
        "12":20522.22265625,
        "13":26700.619140625,
        "14":23313.87890625,
        "15":21014.47265625,
        "16":20895.923828125,
        "17":22716.716796875,
        "18":25944.50390625,
        "19":25397.1484375,
        "20":28471.3515625,
        "21":26922.419921875,
        "22":24287.1328125,
        "23":25080.3125,
        "24":26290.67578125,
        "25":26832.58984375,
        "26":24837.11328125,
        "27":23120.728515625,
        "28":28030.521484375,
        "29":23890.466796875,
        "30":22738.21484375,
        "31":24332.970703125,
        "32":26507.61328125,
        "33":23410.767578125,
        "34":24200.34375,
        "35":22968.078125,
        "36":25862.28515625,
        "37":18741.271484375,
        "38":19412.458984375,
        "39":20748.830078125,
        "40":20432.82421875,
        "41":19356.671875,
        "42":21359.79296875,
        "43":22188.28125,
        "44":22082.794921875,
        "45":26094.517578125,
        "46":20802.935546875,
        "47":21424.68359375,
        "48":19340.41015625,
        "49":18274.138671875
    },
    "std":{
        "-30":7536.4624023438,
        "-29":6670.6313476562,
        "-28":6370.5405273438,
        "-27":5858.7651367188,
        "-26":4648.0517578125,
        "-25":4410.5498046875,
        "-24":4854.6333007812,
        "-23":6364.0698242188,
        "-22":5945.42578125,
        "-21":6056.08984375,
        "-20":5248.123046875,
        "-19":5239.0932617188,
        "-18":5528.9643554688,
        "-17":4550.8540039062,
        "-16":6109.7153320312,
        "-15":4572.744140625,
        "-14":5273.0532226562,
        "-13":4823.04296875,
        "-12":4611.1865234375,
        "-11":5373.8227539062,
        "-10":4019.3586425781,
        "-9":4803.607421875,
        "-8":4994.2778320312,
        "-7":4872.3984375,
        "-6":4267.3544921875,
        "-5":4557.388671875,
        "-4":5007.9340820312,
        "-3":4864.68359375,
        "-2":5311.6782226562,
        "-1":4257.4228515625,
        "0":4837.392578125,
        "1":4576.7934570312,
        "2":5008.9516601562,
        "3":5092.5971679688,
        "4":4397.7602539062,
        "5":4436.9267578125,
        "6":5163.6928710938,
        "7":6276.822265625,
        "8":5890.0380859375,
        "9":5933.2978515625,
        "10":7345.1518554688,
        "11":7292.3115234375,
        "12":7576.259765625,
        "13":6988.3232421875,
        "14":6904.2827148438,
        "15":8256.08984375,
        "16":7481.6010742188,
        "17":8243.53125,
        "18":9382.83984375,
        "19":8929.32421875,
        "20":9019.189453125,
        "21":8695.4091796875,
        "22":9386.42578125,
        "23":10146.2314453125,
        "24":10321.453125,
        "25":9921.66796875,
        "26":10045.73046875,
        "27":9691.130859375,
        "28":10046.87890625,
        "29":9902.2021484375,
        "30":8360.568359375,
        "31":8385.3232421875,
        "32":8691.6416015625,
        "33":8482.8349609375,
        "34":9592.474609375,
        "35":9189.2490234375,
        "36":10005.2333984375,
        "37":8982.6259765625,
        "38":8035.6196289062,
        "39":7261.8564453125,
        "40":7027.5615234375,
        "41":6970.4233398438,
        "42":7162.4243164062,
        "43":7132.0590820312,
        "44":7959.458984375,
        "45":8473.0693359375,
        "46":7352.9946289062,
        "47":7977.986328125,
        "48":6808.4091796875,
        "49":6415.267578125
    }
}