{
    "data":{
        "-30":11841.3046875,
        "-29":9664.142578125,
        "-28":9539.9248046875,
        "-27":9635.626953125,
        "-26":9935.1953125,
        "-25":13166.5,
        "-24":9732.8408203125,
        "-23":9524.12109375,
        "-22":11752.7763671875,
        "-21":11252.6494140625,
        "-20":8044.6083984375,
        "-19":12307.4267578125,
        "-18":9638.8251953125,
        "-17":10771.9296875,
        "-16":11460.3955078125,
        "-15":8052.884765625,
        "-14":9743.955078125,
        "-13":9289.1796875,
        "-12":13131.494140625,
        "-11":9219.1201171875,
        "-10":9302.0576171875,
        "-9":10674.0986328125,
        "-8":11221.1396484375,
        "-7":12275.3544921875,
        "-6":13875.064453125,
        "-5":13934.48828125,
        "-4":13177.3037109375,
        "-3":12357.7255859375,
        "-2":13490.7109375,
        "-1":15268.8330078125,
        "0":13838.7333984375,
        "1":14587.517578125,
        "2":16669.091796875,
        "3":11151.017578125,
        "4":17384.40234375,
        "5":17249.3203125,
        "6":14434.8701171875,
        "7":17148.818359375,
        "8":16265.783203125,
        "9":14392.357421875,
        "10":15448.974609375,
        "11":19735.18359375,
        "12":17324.796875,
        "13":14869.158203125,
        "14":14489.9228515625,
        "15":13073.3095703125,
        "16":16233.025390625,
        "17":17566.42578125,
        "18":16330.306640625,
        "19":17142.400390625,
        "20":16047.4296875,
        "21":15848.11328125,
        "22":12505.5107421875,
        "23":14456.6982421875,
        "24":14565.580078125,
        "25":16461.953125,
        "26":12948.044921875,
        "27":12087.4521484375,
        "28":13431.6611328125,
        "29":16105.7958984375,
        "30":14627.337890625,
        "31":14888.20703125,
        "32":13945.79296875,
        "33":14330.455078125,
        "34":8959.6474609375,
        "35":12026.0234375,
        "36":10880.4072265625,
        "37":12472.5517578125,
        "38":10339.814453125,
        "39":9880.8349609375,
        "40":11601.0634765625,
        "41":10160.66796875,
        "42":13308.068359375,
        "43":11287.505859375,
        "44":11719.77734375,
        "45":9347.189453125,
        "46":10779.927734375,
        "47":10392.060546875,
        "48":10403.46484375,
        "49":10138.1552734375
    },
    "std":{
        "-30":2854.2846679688,
        "-29":3821.6540527344,
        "-28":3206.3933105469,
        "-27":3242.0261230469,
        "-26":2798.111328125,
        "-25":3801.4455566406,
        "-24":2809.4653320312,
        "-23":2839.830078125,
        "-22":3231.7326660156,
        "-21":3102.8259277344,
        "-20":2466.0190429688,
        "-19":2783.6701660156,
        "-18":2922.7534179688,
        "-17":2859.0927734375,
        "-16":2026.8643798828,
        "-15":1789.3148193359,
        "-14":2269.9167480469,
        "-13":2614.5815429688,
        "-12":2083.9958496094,
        "-11":2372.1120605469,
        "-10":2848.8974609375,
        "-9":2805.3693847656,
        "-8":3060.4973144531,
        "-7":3288.0148925781,
        "-6":3102.0825195312,
        "-5":2978.4350585938,
        "-4":2896.9074707031,
        "-3":3848.5263671875,
        "-2":4380.466796875,
        "-1":4935.8374023438,
        "0":5368.4663085938,
        "1":4725.40625,
        "2":5936.9501953125,
        "3":5340.8720703125,
        "4":5953.6899414062,
        "5":6002.1171875,
        "6":6940.6669921875,
        "7":6037.826171875,
        "8":7424.9741210938,
        "9":7220.43359375,
        "10":7222.7905273438,
        "11":7834.6650390625,
        "12":8031.1240234375,
        "13":8048.751953125,
        "14":7955.8134765625,
        "15":7138.6416015625,
        "16":7177.0541992188,
        "17":7471.607421875,
        "18":6653.0141601562,
        "19":7379.99609375,
        "20":7182.1713867188,
        "21":6696.8110351562,
        "22":6873.0830078125,
        "23":6463.0209960938,
        "24":6390.3759765625,
        "25":6702.1728515625,
        "26":5497.9965820312,
        "27":5012.1948242188,
        "28":5233.4594726562,
        "29":5545.1806640625,
        "30":5962.8002929688,
        "31":5329.7905273438,
        "32":5037.6049804688,
        "33":4773.1123046875,
        "34":3820.3857421875,
        "35":4570.1782226562,
        "36":5132.7954101562,
        "37":4579.6557617188,
        "38":4760.9140625,
        "39":4254.4375,
        "40":3456.1633300781,
        "41":3842.8178710938,
        "42":3844.6215820312,
        "43":3134.8862304688,
        "44":3971.0903320312,
        "45":3119.041015625,
        "46":3613.9367675781,
        "47":2911.1088867188,
        "48":3789.6374511719,
        "49":3258.6047363281
    }
}