{
    "data":{
        "-30":48233.4609375,
        "-29":45864.109375,
        "-28":46012.4609375,
        "-27":49002.1875,
        "-26":49701.04296875,
        "-25":48524.12890625,
        "-24":50493.2265625,
        "-23":47676.0234375,
        "-22":47283.59765625,
        "-21":47862.765625,
        "-20":50884.2734375,
        "-19":49333.28515625,
        "-18":52058.421875,
        "-17":49323.3203125,
        "-16":49519.75390625,
        "-15":51200.8984375,
        "-14":49319.046875,
        "-13":48550.2421875,
        "-12":48046.8125,
        "-11":49864.71875,
        "-10":46170.890625,
        "-9":49052.2421875,
        "-8":49659.4765625,
        "-7":49594.328125,
        "-6":47106.5703125,
        "-5":48384.7109375,
        "-4":49439.8671875,
        "-3":51094.828125,
        "-2":48439.546875,
        "-1":49390.9140625,
        "0":50544.45703125,
        "1":47704.51171875,
        "2":46630.9296875,
        "3":48842.9765625,
        "4":49769.03125,
        "5":46906.98046875,
        "6":48267.28125,
        "7":46646.3359375,
        "8":44185.91796875,
        "9":49494.15234375,
        "10":49792.8203125,
        "11":45329.8203125,
        "12":44510.70703125,
        "13":46128.875,
        "14":46217.8828125,
        "15":47147.96875,
        "16":44456.2578125,
        "17":43123.10546875,
        "18":46783.84375,
        "19":42909.203125,
        "20":44814.79296875,
        "21":44197.3828125,
        "22":45849.484375,
        "23":47617.24609375,
        "24":46633.66796875,
        "25":42397.203125,
        "26":46263.1171875,
        "27":45842.7890625,
        "28":48465.62890625,
        "29":45629.30078125,
        "30":48699.8203125,
        "31":49066.46875,
        "32":42238.51953125,
        "33":44905.86328125,
        "34":47849.7421875,
        "35":44494.54296875,
        "36":48124.61328125,
        "37":48263.1953125,
        "38":46553.52734375,
        "39":44802.0546875,
        "40":45343.34765625,
        "41":46931.9453125,
        "42":45996.9921875,
        "43":47470.09375,
        "44":50692.70703125,
        "45":50432.23046875,
        "46":44657.80078125,
        "47":50100.56640625,
        "48":46976.359375,
        "49":46107.48828125
    },
    "std":{
        "-30":15570.3935546875,
        "-29":15528.091796875,
        "-28":15173.6513671875,
        "-27":15728.302734375,
        "-26":16171.890625,
        "-25":16737.015625,
        "-24":16231.083984375,
        "-23":15929.1640625,
        "-22":15640.359375,
        "-21":15475.9150390625,
        "-20":16447.7578125,
        "-19":16474.826171875,
        "-18":15348.044921875,
        "-17":16485.6328125,
        "-16":15946.419921875,
        "-15":16342.7275390625,
        "-14":16657.00390625,
        "-13":15533.6630859375,
        "-12":16858.736328125,
        "-11":16637.255859375,
        "-10":15772.7685546875,
        "-9":16731.978515625,
        "-8":16760.287109375,
        "-7":15668.9990234375,
        "-6":16221.306640625,
        "-5":17293.400390625,
        "-4":17980.251953125,
        "-3":17140.818359375,
        "-2":17153.8046875,
        "-1":17363.009765625,
        "0":16475.3046875,
        "1":16598.595703125,
        "2":16545.962890625,
        "3":17140.390625,
        "4":16328.8984375,
        "5":15920.529296875,
        "6":15982.2646484375,
        "7":16166.2900390625,
        "8":14848.2255859375,
        "9":17030.556640625,
        "10":15792.369140625,
        "11":16065.2568359375,
        "12":15258.7919921875,
        "13":16003.125,
        "14":16158.2431640625,
        "15":14818.1328125,
        "16":15546.0107421875,
        "17":15466.658203125,
        "18":14740.4814453125,
        "19":14863.8955078125,
        "20":15164.30859375,
        "21":14526.568359375,
        "22":15120.8642578125,
        "23":15705.7568359375,
        "24":14972.822265625,
        "25":15056.328125,
        "26":15005.265625,
        "27":15144.353515625,
        "28":14744.59375,
        "29":15431.6884765625,
        "30":14828.8671875,
        "31":15101.669921875,
        "32":13920.8447265625,
        "33":14033.4716796875,
        "34":14842.03125,
        "35":14739.642578125,
        "36":14934.3193359375,
        "37":15389.103515625,
        "38":15191.7646484375,
        "39":14633.2275390625,
        "40":14419.80078125,
        "41":14655.3388671875,
        "42":14577.220703125,
        "43":14758.33984375,
        "44":14869.498046875,
        "45":14719.447265625,
        "46":14329.1015625,
        "47":15665.7666015625,
        "48":15261.400390625,
        "49":15088.181640625
    }
}