{
    "data":{
        "-30":47841.90625,
        "-29":50849.296875,
        "-28":51275.203125,
        "-27":51285.3671875,
        "-26":52865.95703125,
        "-25":49914.6328125,
        "-24":44540.21484375,
        "-23":51187.73046875,
        "-22":51109.21875,
        "-21":53837.625,
        "-20":52807.296875,
        "-19":50533.046875,
        "-18":49836.3046875,
        "-17":49510.5078125,
        "-16":51134.95703125,
        "-15":53005.828125,
        "-14":49711.0546875,
        "-13":45091.24609375,
        "-12":41885.17578125,
        "-11":44716.8984375,
        "-10":40779.59375,
        "-9":45449.828125,
        "-8":42248.39453125,
        "-7":49594.5390625,
        "-6":49747.3125,
        "-5":45930.9453125,
        "-4":44804.4296875,
        "-3":47223.26171875,
        "-2":41571.84375,
        "-1":47422.44140625,
        "0":49349.125,
        "1":48216.32421875,
        "2":49798.61328125,
        "3":48478.10546875,
        "4":45370.19921875,
        "5":45330.08203125,
        "6":45487.78515625,
        "7":45377.3671875,
        "8":47431.83984375,
        "9":49713.1171875,
        "10":49384.53125,
        "11":45860.5546875,
        "12":51970.75,
        "13":54526.578125,
        "14":50294.3984375,
        "15":46018.390625,
        "16":49372.6640625,
        "17":45731.48828125,
        "18":47223.66796875,
        "19":50929.03125,
        "20":46116.27734375,
        "21":51486.73046875,
        "22":48388.84375,
        "23":47984.8671875,
        "24":47203.20703125,
        "25":48063.48046875,
        "26":46231.2109375,
        "27":39327.19140625,
        "28":49871.21875,
        "29":47886.8359375,
        "30":50188.6015625,
        "31":50772.1953125,
        "32":47847.921875,
        "33":38637.33203125,
        "34":47431.4921875,
        "35":50564.3828125,
        "36":43889.44140625,
        "37":50423.171875,
        "38":48431.21875,
        "39":48373.09765625,
        "40":42235.04296875,
        "41":48102.34375,
        "42":47800.98046875,
        "43":46609.17578125,
        "44":49706.1796875,
        "45":48083.21484375,
        "46":45977.40234375,
        "47":46037.2578125,
        "48":52155.3203125,
        "49":50083.3671875
    },
    "std":{
        "-30":12514.0927734375,
        "-29":14470.09765625,
        "-28":14004.1767578125,
        "-27":12901.771484375,
        "-26":13232.208984375,
        "-25":12619.0830078125,
        "-24":11664.87109375,
        "-23":13089.0849609375,
        "-22":12505.4013671875,
        "-21":13386.927734375,
        "-20":13242.4541015625,
        "-19":12561.296875,
        "-18":12751.751953125,
        "-17":12668.6884765625,
        "-16":12921.6826171875,
        "-15":12825.359375,
        "-14":12678.2548828125,
        "-13":11530.470703125,
        "-12":12123.20703125,
        "-11":11560.3505859375,
        "-10":12390.3173828125,
        "-9":11859.6455078125,
        "-8":12181.69921875,
        "-7":12067.1533203125,
        "-6":11741.599609375,
        "-5":11181.1064453125,
        "-4":11593.4833984375,
        "-3":12513.9931640625,
        "-2":11468.455078125,
        "-1":11762.955078125,
        "0":11097.9521484375,
        "1":11898.5771484375,
        "2":12287.3818359375,
        "3":11642.1875,
        "4":11309.6298828125,
        "5":11078.5947265625,
        "6":11887.001953125,
        "7":9418.4111328125,
        "8":12066.0029296875,
        "9":13020.943359375,
        "10":11401.1259765625,
        "11":11505.4638671875,
        "12":12183.3408203125,
        "13":11405.0888671875,
        "14":11717.193359375,
        "15":11328.310546875,
        "16":12032.1640625,
        "17":12823.611328125,
        "18":12234.146484375,
        "19":12553.1640625,
        "20":13085.8564453125,
        "21":12430.01171875,
        "22":12976.9853515625,
        "23":12465.2470703125,
        "24":13166.31640625,
        "25":13446.931640625,
        "26":12672.6435546875,
        "27":10828.1318359375,
        "28":11525.3271484375,
        "29":11917.666015625,
        "30":12295.990234375,
        "31":11793.453125,
        "32":12591.9228515625,
        "33":11743.5869140625,
        "34":12178.5947265625,
        "35":12378.544921875,
        "36":11539.2802734375,
        "37":12902.88671875,
        "38":13127.6357421875,
        "39":13139.6865234375,
        "40":12946.5283203125,
        "41":12191.0263671875,
        "42":12276.076171875,
        "43":11818.6474609375,
        "44":12250.11328125,
        "45":12377.00390625,
        "46":11240.056640625,
        "47":12222.599609375,
        "48":13817.6181640625,
        "49":14148.4375
    }
}