{
    "data":{
        "-30":18962.357421875,
        "-29":18873.47265625,
        "-28":20052.279296875,
        "-27":17055.890625,
        "-26":19136.453125,
        "-25":19193.560546875,
        "-24":16695.30859375,
        "-23":15722.61328125,
        "-22":17061.88671875,
        "-21":16189.966796875,
        "-20":15010.287109375,
        "-19":14315.908203125,
        "-18":13719.107421875,
        "-17":15922.2041015625,
        "-16":15761.1669921875,
        "-15":16799.185546875,
        "-14":14857.2900390625,
        "-13":17994.828125,
        "-12":16686.78515625,
        "-11":18925.564453125,
        "-10":15202.001953125,
        "-9":15975.0830078125,
        "-8":15977.693359375,
        "-7":15591.2763671875,
        "-6":15273.4775390625,
        "-5":16394.259765625,
        "-4":13036.431640625,
        "-3":15915.037109375,
        "-2":16099.099609375,
        "-1":12634.5263671875,
        "0":15147.3720703125,
        "1":14575.1015625,
        "2":14700.537109375,
        "3":17281.396484375,
        "4":13920.5888671875,
        "5":18250.580078125,
        "6":17068.93359375,
        "7":17629.091796875,
        "8":17510.3828125,
        "9":17984.583984375,
        "10":20059.947265625,
        "11":14722.556640625,
        "12":18943.296875,
        "13":15945.17578125,
        "14":15109.1904296875,
        "15":17453.990234375,
        "16":16018.2763671875,
        "17":18532.44921875,
        "18":15905.654296875,
        "19":19138.98046875,
        "20":20185.736328125,
        "21":18068.158203125,
        "22":19869.271484375,
        "23":17080.662109375,
        "24":18406.826171875,
        "25":17255.08984375,
        "26":13626.71875,
        "27":19050.55859375,
        "28":16991.005859375,
        "29":19413.4140625,
        "30":20964.7265625,
        "31":19825.23828125,
        "32":19755.765625,
        "33":22803.22265625,
        "34":19026.4453125,
        "35":21437.166015625,
        "36":18758.4140625,
        "37":17673.142578125,
        "38":21182.505859375,
        "39":19662.490234375,
        "40":18922.697265625,
        "41":18257.740234375,
        "42":19563.86328125,
        "43":20002.09765625,
        "44":19301.603515625,
        "45":19310.580078125,
        "46":17711.828125,
        "47":20169.54296875,
        "48":17425.486328125,
        "49":20223.24609375
    },
    "std":{
        "-30":5757.794921875,
        "-29":5797.9384765625,
        "-28":6644.4130859375,
        "-27":6503.2963867188,
        "-26":5601.3803710938,
        "-25":5630.6752929688,
        "-24":6243.5004882812,
        "-23":6042.8544921875,
        "-22":6921.5014648438,
        "-21":5784.5405273438,
        "-20":5551.5678710938,
        "-19":5149.21875,
        "-18":4797.44921875,
        "-17":5187.28515625,
        "-16":4560.14453125,
        "-15":5182.4624023438,
        "-14":4530.9282226562,
        "-13":4447.4809570312,
        "-12":4935.150390625,
        "-11":5241.720703125,
        "-10":4260.541015625,
        "-9":4029.9724121094,
        "-8":4402.9233398438,
        "-7":3945.9995117188,
        "-6":4380.2529296875,
        "-5":4557.6938476562,
        "-4":3406.7585449219,
        "-3":4056.4599609375,
        "-2":3501.720703125,
        "-1":3099.5783691406,
        "0":3214.7893066406,
        "1":3188.2595214844,
        "2":3327.1274414062,
        "3":2922.1064453125,
        "4":3750.1511230469,
        "5":3436.408203125,
        "6":3228.166015625,
        "7":4081.4541015625,
        "8":3635.7517089844,
        "9":3190.5810546875,
        "10":3784.1010742188,
        "11":3498.3674316406,
        "12":4002.5280761719,
        "13":3591.2351074219,
        "14":3694.9968261719,
        "15":3406.6369628906,
        "16":4013.6384277344,
        "17":3691.1794433594,
        "18":4096.462890625,
        "19":5048.2211914062,
        "20":4561.5219726562,
        "21":4514.0678710938,
        "22":4130.2211914062,
        "23":4295.5844726562,
        "24":4959.171875,
        "25":4923.341796875,
        "26":4536.7646484375,
        "27":5531.0991210938,
        "28":5459.068359375,
        "29":5451.3168945312,
        "30":6770.9477539062,
        "31":6051.2905273438,
        "32":6025.1489257812,
        "33":6311.6806640625,
        "34":6305.7680664062,
        "35":6172.1518554688,
        "36":5787.1787109375,
        "37":5537.6606445312,
        "38":6084.4165039062,
        "39":6751.4399414062,
        "40":7217.8310546875,
        "41":5881.0854492188,
        "42":7534.7719726562,
        "43":6247.2426757812,
        "44":6171.4262695312,
        "45":6616.0498046875,
        "46":6376.1821289062,
        "47":6004.62109375,
        "48":5750.7348632812,
        "49":5916.0302734375
    }
}