{
    "data":{
        "-30":13387.775390625,
        "-29":14571.767578125,
        "-28":12126.3046875,
        "-27":10736.7880859375,
        "-26":12612.091796875,
        "-25":11458.9267578125,
        "-24":11459.9912109375,
        "-23":12465.9921875,
        "-22":10333.0908203125,
        "-21":11365.0185546875,
        "-20":11748.6123046875,
        "-19":13670.01953125,
        "-18":12780.419921875,
        "-17":11821.8974609375,
        "-16":15805.88671875,
        "-15":16113.2890625,
        "-14":13356.1015625,
        "-13":13189.498046875,
        "-12":12763.119140625,
        "-11":13539.892578125,
        "-10":15714.6455078125,
        "-9":18760.61328125,
        "-8":14578.9794921875,
        "-7":18347.771484375,
        "-6":16448.375,
        "-5":20101.484375,
        "-4":18172.384765625,
        "-3":21188.2109375,
        "-2":21412.958984375,
        "-1":19667.005859375,
        "0":22529.486328125,
        "1":21440.955078125,
        "2":24147.115234375,
        "3":23168.849609375,
        "4":24994.578125,
        "5":26750.556640625,
        "6":26815.755859375,
        "7":24816.330078125,
        "8":25218.17578125,
        "9":23408.595703125,
        "10":25304.328125,
        "11":22677.546875,
        "12":26367.208984375,
        "13":21218.40234375,
        "14":19345.419921875,
        "15":21278.515625,
        "16":20656.046875,
        "17":19945.0078125,
        "18":18630.892578125,
        "19":22543.333984375,
        "20":20447.974609375,
        "21":21278.01953125,
        "22":18977.416015625,
        "23":20731.8515625,
        "24":20146.30078125,
        "25":21308.142578125,
        "26":19711.1015625,
        "27":15129.388671875,
        "28":14797.08203125,
        "29":18131.693359375,
        "30":16412.482421875,
        "31":16532.83984375,
        "32":15587.2529296875,
        "33":19157.83984375,
        "34":15574.2138671875,
        "35":14975.8896484375,
        "36":18184.015625,
        "37":18260.134765625,
        "38":17786.51953125,
        "39":16975.140625,
        "40":15327.201171875,
        "41":15642.017578125,
        "42":15109.107421875,
        "43":14659.0,
        "44":17458.703125,
        "45":14018.9375,
        "46":16836.244140625,
        "47":16621.546875,
        "48":15775.904296875,
        "49":15887.3662109375
    },
    "std":{
        "-30":3208.3020019531,
        "-29":3682.5466308594,
        "-28":3120.7072753906,
        "-27":2944.2109375,
        "-26":3651.8081054688,
        "-25":3233.6875,
        "-24":2640.7062988281,
        "-23":2533.0993652344,
        "-22":3313.7265625,
        "-21":2878.8918457031,
        "-20":2524.1723632812,
        "-19":2460.4321289062,
        "-18":3413.2004394531,
        "-17":2989.0346679688,
        "-16":3080.1828613281,
        "-15":2945.6650390625,
        "-14":3320.5498046875,
        "-13":3536.7673339844,
        "-12":3270.4768066406,
        "-11":4036.3854980469,
        "-10":4515.1118164062,
        "-9":5331.068359375,
        "-8":5271.4477539062,
        "-7":5491.0498046875,
        "-6":5424.1274414062,
        "-5":4951.3510742188,
        "-4":5554.5620117188,
        "-3":7214.1552734375,
        "-2":6345.30859375,
        "-1":8029.2026367188,
        "0":8023.1728515625,
        "1":7950.3100585938,
        "2":8983.9521484375,
        "3":9138.0615234375,
        "4":9493.857421875,
        "5":9822.541015625,
        "6":10399.3544921875,
        "7":8977.3642578125,
        "8":10338.3212890625,
        "9":9765.9970703125,
        "10":9511.35546875,
        "11":9165.029296875,
        "12":9322.4404296875,
        "13":9032.029296875,
        "14":9154.6337890625,
        "15":8421.587890625,
        "16":8790.3876953125,
        "17":7946.4658203125,
        "18":8364.1630859375,
        "19":7804.0009765625,
        "20":7371.0952148438,
        "21":7140.5712890625,
        "22":7244.6938476562,
        "23":7445.6069335938,
        "24":6784.1938476562,
        "25":7044.6030273438,
        "26":7411.1684570312,
        "27":5520.4506835938,
        "28":6287.3334960938,
        "29":5813.3012695312,
        "30":5639.5053710938,
        "31":5736.5600585938,
        "32":5308.5395507812,
        "33":5694.271484375,
        "34":5687.4096679688,
        "35":5055.0834960938,
        "36":5408.6235351562,
        "37":5027.4248046875,
        "38":5616.1186523438,
        "39":4255.0981445312,
        "40":4824.5732421875,
        "41":4127.6040039062,
        "42":4951.8701171875,
        "43":4931.0078125,
        "44":4431.28515625,
        "45":4384.490234375,
        "46":4568.6333007812,
        "47":4473.1923828125,
        "48":3950.7094726562,
        "49":4213.0131835938
    }
}