{
    "data":{
        "-30":11246.076171875,
        "-29":14517.4794921875,
        "-28":13309.3525390625,
        "-27":9780.3212890625,
        "-26":12813.912109375,
        "-25":13860.3203125,
        "-24":12299.7109375,
        "-23":14161.462890625,
        "-22":12235.8291015625,
        "-21":11929.4580078125,
        "-20":14013.5830078125,
        "-19":13682.375,
        "-18":17088.2109375,
        "-17":13513.7470703125,
        "-16":12217.201171875,
        "-15":15975.2666015625,
        "-14":14346.88671875,
        "-13":13543.4541015625,
        "-12":12652.5908203125,
        "-11":13850.0234375,
        "-10":14843.0673828125,
        "-9":12252.8603515625,
        "-8":12656.2919921875,
        "-7":13518.6611328125,
        "-6":12696.798828125,
        "-5":14185.4033203125,
        "-4":12935.4599609375,
        "-3":13968.818359375,
        "-2":11116.2763671875,
        "-1":12559.919921875,
        "0":13402.685546875,
        "1":11812.2421875,
        "2":13871.4140625,
        "3":14835.880859375,
        "4":14283.4765625,
        "5":11177.0234375,
        "6":13231.5908203125,
        "7":13520.0107421875,
        "8":15126.3583984375,
        "9":13930.4794921875,
        "10":12869.169921875,
        "11":13061.431640625,
        "12":15449.9736328125,
        "13":13855.9833984375,
        "14":14394.060546875,
        "15":11292.044921875,
        "16":13669.4208984375,
        "17":14971.2841796875,
        "18":14562.76953125,
        "19":13492.076171875,
        "20":14317.064453125,
        "21":11845.8701171875,
        "22":14415.625,
        "23":10876.3876953125,
        "24":14995.01953125,
        "25":13480.09375,
        "26":12178.623046875,
        "27":16303.029296875,
        "28":13734.3466796875,
        "29":13981.9892578125,
        "30":10669.7451171875,
        "31":12806.9765625,
        "32":14759.2392578125,
        "33":14100.67578125,
        "34":13787.6669921875,
        "35":14577.701171875,
        "36":13890.3837890625,
        "37":12165.64453125,
        "38":11642.94921875,
        "39":12356.255859375,
        "40":11539.634765625,
        "41":12480.3388671875,
        "42":11065.849609375,
        "43":13074.2470703125,
        "44":11690.4951171875,
        "45":10591.5830078125,
        "46":10693.9453125,
        "47":11859.154296875,
        "48":11919.2119140625,
        "49":13330.5087890625
    },
    "std":{
        "-30":4771.611328125,
        "-29":4193.7602539062,
        "-28":4509.8178710938,
        "-27":3999.017578125,
        "-26":4048.0002441406,
        "-25":4008.6271972656,
        "-24":4460.2416992188,
        "-23":5115.2744140625,
        "-22":4623.0219726562,
        "-21":4805.3911132812,
        "-20":4715.8364257812,
        "-19":4828.3071289062,
        "-18":5074.5961914062,
        "-17":4699.8559570312,
        "-16":4068.8872070312,
        "-15":4646.2373046875,
        "-14":4413.9331054688,
        "-13":4614.2958984375,
        "-12":3681.220703125,
        "-11":3414.2768554688,
        "-10":4576.7670898438,
        "-9":4201.2216796875,
        "-8":5064.5659179688,
        "-7":4218.5498046875,
        "-6":4045.9926757812,
        "-5":4332.0092773438,
        "-4":4085.6359863281,
        "-3":4135.8837890625,
        "-2":3769.1833496094,
        "-1":3692.5139160156,
        "0":4489.09375,
        "1":4495.51953125,
        "2":4537.6166992188,
        "3":4628.3623046875,
        "4":4597.9873046875,
        "5":4501.7387695312,
        "6":4398.3818359375,
        "7":4920.5639648438,
        "8":5334.4741210938,
        "9":5312.9399414062,
        "10":5057.435546875,
        "11":4955.1201171875,
        "12":5054.478515625,
        "13":5294.8046875,
        "14":4707.7919921875,
        "15":5134.47265625,
        "16":5166.6997070312,
        "17":5592.130859375,
        "18":5589.4638671875,
        "19":5441.2065429688,
        "20":5148.3642578125,
        "21":5295.0219726562,
        "22":5266.5893554688,
        "23":4422.4790039062,
        "24":5687.3735351562,
        "25":5681.3330078125,
        "26":5437.0068359375,
        "27":5935.2314453125,
        "28":5538.9672851562,
        "29":6334.39453125,
        "30":5817.9331054688,
        "31":5660.615234375,
        "32":5713.6474609375,
        "33":5797.419921875,
        "34":5726.4428710938,
        "35":6148.5708007812,
        "36":4977.890625,
        "37":4585.2387695312,
        "38":4488.50390625,
        "39":4931.7099609375,
        "40":5536.4448242188,
        "41":5159.615234375,
        "42":4948.0239257812,
        "43":3904.0688476562,
        "44":4763.1323242188,
        "45":4401.501953125,
        "46":4094.025390625,
        "47":4731.814453125,
        "48":4364.2377929688,
        "49":4489.6635742188
    }
}