{
    "data":{
        "-30":59101.45703125,
        "-29":60771.43359375,
        "-28":58622.33984375,
        "-27":59271.23828125,
        "-26":58706.76171875,
        "-25":58074.91015625,
        "-24":61012.828125,
        "-23":58813.6015625,
        "-22":60748.03125,
        "-21":60532.2578125,
        "-20":61282.7265625,
        "-19":63148.9296875,
        "-18":63455.46875,
        "-17":63953.23828125,
        "-16":60264.65625,
        "-15":57034.453125,
        "-14":58906.89453125,
        "-13":59288.1796875,
        "-12":61158.953125,
        "-11":60008.38671875,
        "-10":56208.51953125,
        "-9":57718.9453125,
        "-8":60142.7734375,
        "-7":59057.38671875,
        "-6":59219.41015625,
        "-5":58313.5078125,
        "-4":56613.8203125,
        "-3":59259.0703125,
        "-2":56277.296875,
        "-1":61473.0703125,
        "0":57792.421875,
        "1":60014.63671875,
        "2":58822.18359375,
        "3":58404.34375,
        "4":57822.41015625,
        "5":58764.31640625,
        "6":58628.33984375,
        "7":58241.296875,
        "8":55222.75,
        "9":59344.29296875,
        "10":59204.4765625,
        "11":58635.69140625,
        "12":59168.59375,
        "13":60685.3671875,
        "14":58805.421875,
        "15":58854.3515625,
        "16":57867.86328125,
        "17":59342.828125,
        "18":60148.8984375,
        "19":59071.203125,
        "20":60613.36328125,
        "21":59069.91796875,
        "22":59671.73828125,
        "23":60305.26171875,
        "24":59156.51171875,
        "25":59114.33203125,
        "26":60780.45703125,
        "27":58635.03125,
        "28":59257.9765625,
        "29":63130.6328125,
        "30":58289.36328125,
        "31":59884.6171875,
        "32":62023.4765625,
        "33":59477.9765625,
        "34":63005.078125,
        "35":62324.90625,
        "36":59422.5,
        "37":63891.78125,
        "38":59565.7734375,
        "39":58288.6171875,
        "40":61137.16015625,
        "41":61439.35546875,
        "42":61266.703125,
        "43":61179.10546875,
        "44":64520.41015625,
        "45":63519.0078125,
        "46":59108.96875,
        "47":63449.36328125,
        "48":63396.98828125,
        "49":61157.0
    },
    "std":{
        "-30":13060.15234375,
        "-29":13783.1552734375,
        "-28":13478.6025390625,
        "-27":14063.2470703125,
        "-26":13480.388671875,
        "-25":13496.2783203125,
        "-24":14001.1259765625,
        "-23":13752.6669921875,
        "-22":13502.546875,
        "-21":13654.306640625,
        "-20":14272.78515625,
        "-19":13783.390625,
        "-18":13979.376953125,
        "-17":13958.728515625,
        "-16":14042.7578125,
        "-15":12776.5849609375,
        "-14":14225.7607421875,
        "-13":14184.6162109375,
        "-12":13329.873046875,
        "-11":13324.83203125,
        "-10":13563.70703125,
        "-9":13758.583984375,
        "-8":13890.7880859375,
        "-7":13326.361328125,
        "-6":13472.384765625,
        "-5":13134.7529296875,
        "-4":13405.34765625,
        "-3":13472.7880859375,
        "-2":13136.84765625,
        "-1":13816.0732421875,
        "0":14040.591796875,
        "1":13639.43359375,
        "2":13330.68359375,
        "3":12936.5126953125,
        "4":13366.806640625,
        "5":12794.630859375,
        "6":13260.9384765625,
        "7":12847.46484375,
        "8":12900.0439453125,
        "9":13387.396484375,
        "10":12851.8291015625,
        "11":13338.220703125,
        "12":13452.041015625,
        "13":13762.05078125,
        "14":13094.859375,
        "15":12754.9638671875,
        "16":12893.43359375,
        "17":13519.4619140625,
        "18":13482.7060546875,
        "19":14233.259765625,
        "20":12701.15625,
        "21":13301.2353515625,
        "22":13299.7138671875,
        "23":13193.0087890625,
        "24":13560.72265625,
        "25":13094.455078125,
        "26":12867.314453125,
        "27":12621.5439453125,
        "28":13387.8740234375,
        "29":13543.9560546875,
        "30":12544.662109375,
        "31":12866.0048828125,
        "32":13281.78515625,
        "33":13173.6328125,
        "34":13337.5146484375,
        "35":12971.2998046875,
        "36":12850.8857421875,
        "37":13833.0615234375,
        "38":12519.7216796875,
        "39":13035.296875,
        "40":12495.76171875,
        "41":13091.5126953125,
        "42":13283.6259765625,
        "43":13109.9833984375,
        "44":13034.62109375,
        "45":12913.8203125,
        "46":13105.4638671875,
        "47":12731.8046875,
        "48":13419.1494140625,
        "49":13333.6474609375
    }
}