{
    "data":{
        "-30":36773.421875,
        "-29":31940.62890625,
        "-28":35624.9921875,
        "-27":31903.02734375,
        "-26":34947.0390625,
        "-25":35391.16796875,
        "-24":39256.78125,
        "-23":35297.984375,
        "-22":34067.03125,
        "-21":34356.98046875,
        "-20":31584.572265625,
        "-19":34717.66796875,
        "-18":27362.853515625,
        "-17":31335.568359375,
        "-16":35941.8203125,
        "-15":31000.05859375,
        "-14":32963.35546875,
        "-13":36602.35546875,
        "-12":37665.4375,
        "-11":37739.29296875,
        "-10":39520.25,
        "-9":30974.431640625,
        "-8":35320.18359375,
        "-7":37949.06640625,
        "-6":31772.87890625,
        "-5":32232.515625,
        "-4":33140.7734375,
        "-3":30673.34765625,
        "-2":35414.65234375,
        "-1":34829.62890625,
        "0":30261.052734375,
        "1":37193.53515625,
        "2":34101.26953125,
        "3":32221.931640625,
        "4":31736.482421875,
        "5":34531.45703125,
        "6":34447.15625,
        "7":39758.109375,
        "8":38085.6953125,
        "9":32549.345703125,
        "10":31752.80859375,
        "11":37762.078125,
        "12":34064.21875,
        "13":29080.392578125,
        "14":36086.125,
        "15":34008.35546875,
        "16":37338.4375,
        "17":39213.890625,
        "18":37369.7578125,
        "19":40050.5703125,
        "20":36629.01953125,
        "21":32942.375,
        "22":34100.765625,
        "23":33481.35546875,
        "24":35222.421875,
        "25":35961.17578125,
        "26":39964.23828125,
        "27":39374.87890625,
        "28":37293.6640625,
        "29":36953.16796875,
        "30":35080.8046875,
        "31":35569.3203125,
        "32":37862.1015625,
        "33":37339.87890625,
        "34":40148.7265625,
        "35":40365.984375,
        "36":42511.88671875,
        "37":36660.16796875,
        "38":39186.28125,
        "39":41585.39453125,
        "40":42695.8828125,
        "41":40977.16796875,
        "42":41520.828125,
        "43":37412.8046875,
        "44":32754.4375,
        "45":35071.89453125,
        "46":35024.8203125,
        "47":35270.72265625,
        "48":34910.7578125,
        "49":36569.48046875
    },
    "std":{
        "-30":7116.8627929688,
        "-29":7100.0131835938,
        "-28":7298.5698242188,
        "-27":7773.5688476562,
        "-26":7993.8461914062,
        "-25":8401.60546875,
        "-24":8657.6826171875,
        "-23":8388.1982421875,
        "-22":8564.1962890625,
        "-21":6803.1791992188,
        "-20":7432.2490234375,
        "-19":8698.7802734375,
        "-18":7921.4663085938,
        "-17":7705.7006835938,
        "-16":8032.4125976562,
        "-15":7967.9428710938,
        "-14":7461.8422851562,
        "-13":6914.3051757812,
        "-12":7108.5185546875,
        "-11":7572.560546875,
        "-10":7363.1879882812,
        "-9":7186.9326171875,
        "-8":7823.2954101562,
        "-7":7759.720703125,
        "-6":7232.1762695312,
        "-5":7643.064453125,
        "-4":7182.9340820312,
        "-3":6407.6455078125,
        "-2":7553.71875,
        "-1":7645.1528320312,
        "0":7681.1743164062,
        "1":7653.8354492188,
        "2":7659.412109375,
        "3":7243.8422851562,
        "4":7428.60546875,
        "5":8041.5610351562,
        "6":8763.64453125,
        "7":8351.4921875,
        "8":7855.0913085938,
        "9":7300.263671875,
        "10":8689.357421875,
        "11":8571.06640625,
        "12":7645.189453125,
        "13":8049.115234375,
        "14":8969.7646484375,
        "15":8464.302734375,
        "16":10187.5771484375,
        "17":8300.314453125,
        "18":8550.51171875,
        "19":8339.234375,
        "20":8504.826171875,
        "21":8795.9306640625,
        "22":9301.6591796875,
        "23":9615.05859375,
        "24":8385.01171875,
        "25":8995.8056640625,
        "26":9768.1875,
        "27":10684.2724609375,
        "28":10166.1435546875,
        "29":9783.8505859375,
        "30":8805.404296875,
        "31":10162.978515625,
        "32":9860.7255859375,
        "33":9948.6962890625,
        "34":10269.6416015625,
        "35":9437.49609375,
        "36":10864.34375,
        "37":9331.67578125,
        "38":9191.6708984375,
        "39":9753.685546875,
        "40":9237.689453125,
        "41":9745.9462890625,
        "42":9027.4072265625,
        "43":8865.80859375,
        "44":8066.3813476562,
        "45":8829.7158203125,
        "46":9007.5830078125,
        "47":7122.9252929688,
        "48":7536.376953125,
        "49":7628.9775390625
    }
}