{
    "data":{
        "-30":15409.6845703125,
        "-29":15065.8544921875,
        "-28":15142.470703125,
        "-27":16415.193359375,
        "-26":14757.2099609375,
        "-25":17728.765625,
        "-24":14009.7080078125,
        "-23":13525.0517578125,
        "-22":17046.82421875,
        "-21":14966.193359375,
        "-20":17882.078125,
        "-19":15896.3466796875,
        "-18":20699.279296875,
        "-17":14548.095703125,
        "-16":19530.068359375,
        "-15":15955.9912109375,
        "-14":16198.5478515625,
        "-13":13770.9482421875,
        "-12":16758.498046875,
        "-11":18452.03515625,
        "-10":14647.7705078125,
        "-9":15479.076171875,
        "-8":14937.6015625,
        "-7":16383.548828125,
        "-6":11329.5791015625,
        "-5":19241.4296875,
        "-4":19278.6953125,
        "-3":15195.1826171875,
        "-2":12048.8662109375,
        "-1":14673.205078125,
        "0":16696.314453125,
        "1":13165.5263671875,
        "2":12650.8671875,
        "3":16486.0078125,
        "4":15051.869140625,
        "5":14376.564453125,
        "6":14338.982421875,
        "7":17495.35546875,
        "8":13651.7080078125,
        "9":15714.5625,
        "10":14652.818359375,
        "11":12492.45703125,
        "12":14259.63671875,
        "13":16295.220703125,
        "14":16049.2158203125,
        "15":15253.9775390625,
        "16":16387.015625,
        "17":14185.693359375,
        "18":14566.96875,
        "19":12816.130859375,
        "20":13633.533203125,
        "21":14847.2353515625,
        "22":15338.4912109375,
        "23":12824.306640625,
        "24":10620.5576171875,
        "25":12139.9716796875,
        "26":12363.0458984375,
        "27":13430.619140625,
        "28":10731.017578125,
        "29":15920.3466796875,
        "30":14749.0849609375,
        "31":10621.46484375,
        "32":12648.931640625,
        "33":12407.0400390625,
        "34":14262.9716796875,
        "35":16711.400390625,
        "36":13493.4404296875,
        "37":14900.150390625,
        "38":10859.80078125,
        "39":11929.0078125,
        "40":14945.1220703125,
        "41":13831.248046875,
        "42":13507.7978515625,
        "43":11783.05859375,
        "44":13620.63671875,
        "45":12013.5712890625,
        "46":11694.2529296875,
        "47":11866.4267578125,
        "48":13342.3349609375,
        "49":11050.404296875
    },
    "std":{
        "-30":3960.2412109375,
        "-29":3765.4079589844,
        "-28":3909.546875,
        "-27":4532.8061523438,
        "-26":4031.0874023438,
        "-25":3691.4926757812,
        "-24":2755.4758300781,
        "-23":3947.3010253906,
        "-22":4486.072265625,
        "-21":3525.6047363281,
        "-20":4358.3056640625,
        "-19":4335.1889648438,
        "-18":4515.4897460938,
        "-17":4728.24609375,
        "-16":4414.00390625,
        "-15":5182.2338867188,
        "-14":5361.7158203125,
        "-13":4227.1259765625,
        "-12":4332.384765625,
        "-11":4648.958984375,
        "-10":4381.5014648438,
        "-9":3594.1057128906,
        "-8":4640.9736328125,
        "-7":5326.7026367188,
        "-6":3609.3134765625,
        "-5":3840.9038085938,
        "-4":3798.728515625,
        "-3":4398.8032226562,
        "-2":3920.2727050781,
        "-1":4317.193359375,
        "0":4165.8291015625,
        "1":3862.0803222656,
        "2":3471.4299316406,
        "3":4104.9096679688,
        "4":4192.3159179688,
        "5":3502.5417480469,
        "6":3702.5283203125,
        "7":3218.109375,
        "8":4086.6911621094,
        "9":3423.388671875,
        "10":3517.587890625,
        "11":3549.5197753906,
        "12":3844.0654296875,
        "13":3108.435546875,
        "14":3859.7355957031,
        "15":4017.7788085938,
        "16":3170.3330078125,
        "17":4252.0283203125,
        "18":3433.82421875,
        "19":2557.8273925781,
        "20":3096.1220703125,
        "21":3307.5825195312,
        "22":3243.1203613281,
        "23":2543.7990722656,
        "24":2339.5581054688,
        "25":2992.015625,
        "26":3561.1008300781,
        "27":2505.4528808594,
        "28":3010.8063964844,
        "29":3586.0852050781,
        "30":3436.1374511719,
        "31":3289.4287109375,
        "32":3338.4846191406,
        "33":2788.7033691406,
        "34":2967.5207519531,
        "35":3526.9965820312,
        "36":3205.9243164062,
        "37":2776.3708496094,
        "38":3009.7980957031,
        "39":2922.5341796875,
        "40":3635.357421875,
        "41":3253.5688476562,
        "42":3025.9379882812,
        "43":2668.5393066406,
        "44":2816.6240234375,
        "45":2556.4765625,
        "46":2405.5529785156,
        "47":2571.4748535156,
        "48":2781.6647949219,
        "49":2451.5283203125
    }
}