{
    "data":{
        "-30":9455.5400390625,
        "-29":9464.9814453125,
        "-28":10750.908203125,
        "-27":8298.3076171875,
        "-26":9037.326171875,
        "-25":9867.4697265625,
        "-24":10389.6923828125,
        "-23":11317.3828125,
        "-22":9730.4453125,
        "-21":13546.4599609375,
        "-20":12043.208984375,
        "-19":12102.9560546875,
        "-18":10435.6962890625,
        "-17":14904.0234375,
        "-16":10083.4013671875,
        "-15":13101.908203125,
        "-14":12036.2802734375,
        "-13":12319.927734375,
        "-12":14850.033203125,
        "-11":14811.9580078125,
        "-10":11882.9736328125,
        "-9":13399.6591796875,
        "-8":13142.0458984375,
        "-7":14057.5458984375,
        "-6":12330.4609375,
        "-5":14347.4013671875,
        "-4":10372.76171875,
        "-3":12884.0712890625,
        "-2":14026.244140625,
        "-1":11605.5595703125,
        "0":13354.029296875,
        "1":11407.875,
        "2":13559.0,
        "3":13646.5029296875,
        "4":13281.1611328125,
        "5":12592.705078125,
        "6":15658.8837890625,
        "7":14550.669921875,
        "8":11964.3095703125,
        "9":14340.7265625,
        "10":13428.5166015625,
        "11":16609.0703125,
        "12":12844.337890625,
        "13":14513.4296875,
        "14":13315.7607421875,
        "15":17750.08984375,
        "16":12938.6591796875,
        "17":13762.1533203125,
        "18":13615.88671875,
        "19":13812.9296875,
        "20":15887.501953125,
        "21":14053.2705078125,
        "22":11243.2841796875,
        "23":13573.3974609375,
        "24":13097.130859375,
        "25":15027.7294921875,
        "26":15746.6796875,
        "27":13383.1201171875,
        "28":14241.2919921875,
        "29":14967.0771484375,
        "30":15405.3095703125,
        "31":15196.3125,
        "32":10283.21484375,
        "33":12758.5546875,
        "34":13651.8583984375,
        "35":17327.02734375,
        "36":12990.1474609375,
        "37":11125.4111328125,
        "38":10658.12109375,
        "39":12200.0966796875,
        "40":11548.7763671875,
        "41":11259.048828125,
        "42":11282.279296875,
        "43":10682.666015625,
        "44":9344.0791015625,
        "45":8498.5146484375,
        "46":9821.9228515625,
        "47":10251.1982421875,
        "48":8906.1962890625,
        "49":8917.294921875
    },
    "std":{
        "-30":1864.6610107422,
        "-29":1984.9985351562,
        "-28":2148.2492675781,
        "-27":1998.8939208984,
        "-26":1697.5270996094,
        "-25":1705.4311523438,
        "-24":1725.7633056641,
        "-23":2024.7817382812,
        "-22":1723.5841064453,
        "-21":2283.7749023438,
        "-20":3395.046875,
        "-19":2943.3996582031,
        "-18":3976.951171875,
        "-17":4355.0546875,
        "-16":4053.5676269531,
        "-15":4728.1645507812,
        "-14":4301.4174804688,
        "-13":4936.0927734375,
        "-12":4831.8569335938,
        "-11":4898.98828125,
        "-10":4071.4201660156,
        "-9":4714.416015625,
        "-8":4386.0927734375,
        "-7":3785.4541015625,
        "-6":3953.0456542969,
        "-5":4830.8813476562,
        "-4":3464.4084472656,
        "-3":3142.0212402344,
        "-2":3898.6257324219,
        "-1":3120.8972167969,
        "0":3405.2961425781,
        "1":2985.5256347656,
        "2":3177.2644042969,
        "3":2970.6037597656,
        "4":3515.2768554688,
        "5":2915.0251464844,
        "6":3598.0805664062,
        "7":4171.609375,
        "8":4518.3969726562,
        "9":4259.1005859375,
        "10":4537.0102539062,
        "11":4878.3881835938,
        "12":5250.3872070312,
        "13":5007.1420898438,
        "14":5795.7905273438,
        "15":6657.033203125,
        "16":4899.3041992188,
        "17":5626.4223632812,
        "18":6280.5913085938,
        "19":5163.845703125,
        "20":5920.2900390625,
        "21":4850.26953125,
        "22":4968.4038085938,
        "23":5729.212890625,
        "24":5109.3520507812,
        "25":5004.052734375,
        "26":4766.3139648438,
        "27":4908.7290039062,
        "28":4639.4921875,
        "29":5521.1430664062,
        "30":5231.986328125,
        "31":4908.2060546875,
        "32":3350.4738769531,
        "33":4804.2021484375,
        "34":4503.8046875,
        "35":4041.8857421875,
        "36":3708.1186523438,
        "37":2747.3974609375,
        "38":2234.9838867188,
        "39":2968.1391601562,
        "40":2890.7421875,
        "41":2278.3154296875,
        "42":2226.3718261719,
        "43":2106.5317382812,
        "44":2271.8266601562,
        "45":2379.3693847656,
        "46":2276.9357910156,
        "47":2119.6589355469,
        "48":1980.1403808594,
        "49":2121.7341308594
    }
}