{
    "data":{
        "-30":21542.75,
        "-29":21608.833984375,
        "-28":20610.333984375,
        "-27":22473.828125,
        "-26":18078.03515625,
        "-25":19861.66015625,
        "-24":19733.76953125,
        "-23":19583.13671875,
        "-22":22069.908203125,
        "-21":22475.84375,
        "-20":18126.4375,
        "-19":21353.609375,
        "-18":21127.87890625,
        "-17":22036.822265625,
        "-16":19491.4765625,
        "-15":21620.072265625,
        "-14":21810.921875,
        "-13":20835.138671875,
        "-12":19867.08984375,
        "-11":17966.87109375,
        "-10":20969.23828125,
        "-9":20121.181640625,
        "-8":20935.271484375,
        "-7":16330.7265625,
        "-6":17154.052734375,
        "-5":19579.9453125,
        "-4":19646.029296875,
        "-3":23053.369140625,
        "-2":23460.12890625,
        "-1":22095.08203125,
        "0":18094.54296875,
        "1":22603.1484375,
        "2":19387.205078125,
        "3":21310.28515625,
        "4":23557.578125,
        "5":22471.220703125,
        "6":23053.44140625,
        "7":22836.990234375,
        "8":20958.6796875,
        "9":23609.58984375,
        "10":24598.171875,
        "11":22125.677734375,
        "12":24224.708984375,
        "13":21689.609375,
        "14":21724.52734375,
        "15":22930.390625,
        "16":21729.791015625,
        "17":22608.087890625,
        "18":22967.5234375,
        "19":23111.16015625,
        "20":22880.28125,
        "21":23397.73828125,
        "22":25296.171875,
        "23":23039.810546875,
        "24":22479.58984375,
        "25":25341.541015625,
        "26":27027.83984375,
        "27":25759.408203125,
        "28":25107.009765625,
        "29":25802.953125,
        "30":28155.5234375,
        "31":25664.71484375,
        "32":24683.39453125,
        "33":22176.267578125,
        "34":26403.65234375,
        "35":26207.625,
        "36":24795.484375,
        "37":26937.267578125,
        "38":27996.890625,
        "39":29203.927734375,
        "40":29061.658203125,
        "41":28357.666015625,
        "42":25581.83984375,
        "43":27394.67578125,
        "44":26340.166015625,
        "45":28491.068359375,
        "46":26591.30078125,
        "47":27323.697265625,
        "48":27538.453125,
        "49":24622.990234375
    },
    "std":{
        "-30":4742.134765625,
        "-29":5695.6499023438,
        "-28":4211.5649414062,
        "-27":5387.5375976562,
        "-26":4818.3720703125,
        "-25":4647.51171875,
        "-24":4660.685546875,
        "-23":4750.2153320312,
        "-22":4302.78125,
        "-21":4398.1181640625,
        "-20":4981.8408203125,
        "-19":4922.6284179688,
        "-18":4583.9614257812,
        "-17":4685.646484375,
        "-16":4165.4790039062,
        "-15":4831.8876953125,
        "-14":5012.716796875,
        "-13":3990.7016601562,
        "-12":4453.9208984375,
        "-11":4894.4633789062,
        "-10":4936.6586914062,
        "-9":4662.6000976562,
        "-8":4009.62109375,
        "-7":4223.8500976562,
        "-6":4380.5551757812,
        "-5":4201.3432617188,
        "-4":5203.7436523438,
        "-3":4920.8134765625,
        "-2":4932.9458007812,
        "-1":4623.6455078125,
        "0":5070.6435546875,
        "1":4839.4887695312,
        "2":5465.2319335938,
        "3":5522.6328125,
        "4":5584.869140625,
        "5":5843.6987304688,
        "6":5786.3950195312,
        "7":5672.4462890625,
        "8":5739.6069335938,
        "9":5623.326171875,
        "10":5723.1357421875,
        "11":6285.5771484375,
        "12":6031.6372070312,
        "13":5691.7954101562,
        "14":6113.5869140625,
        "15":6197.7729492188,
        "16":7058.0751953125,
        "17":6927.6494140625,
        "18":7400.5698242188,
        "19":7215.5004882812,
        "20":6735.2514648438,
        "21":6999.67578125,
        "22":7366.7407226562,
        "23":6777.9282226562,
        "24":6092.8696289062,
        "25":6956.9165039062,
        "26":7704.0092773438,
        "27":7637.4418945312,
        "28":7643.9526367188,
        "29":7218.5102539062,
        "30":6988.6088867188,
        "31":7136.12109375,
        "32":6738.0424804688,
        "33":7168.052734375,
        "34":7170.4072265625,
        "35":7363.259765625,
        "36":7422.89453125,
        "37":8005.15625,
        "38":7445.994140625,
        "39":7870.7456054688,
        "40":7557.189453125,
        "41":7296.5258789062,
        "42":7441.7270507812,
        "43":7272.5825195312,
        "44":7443.6977539062,
        "45":7159.9545898438,
        "46":6789.310546875,
        "47":6665.283203125,
        "48":7335.6416015625,
        "49":6868.3173828125
    }
}