{
    "data":{
        "-30":12976.0048828125,
        "-29":10517.259765625,
        "-28":10873.7939453125,
        "-27":9973.0908203125,
        "-26":10497.4130859375,
        "-25":11584.3623046875,
        "-24":11918.875,
        "-23":10328.595703125,
        "-22":10464.810546875,
        "-21":11537.6171875,
        "-20":9962.0673828125,
        "-19":10329.408203125,
        "-18":10151.9111328125,
        "-17":9798.4267578125,
        "-16":10329.904296875,
        "-15":10939.5087890625,
        "-14":9133.8603515625,
        "-13":10899.4765625,
        "-12":10192.185546875,
        "-11":10982.9580078125,
        "-10":9028.8671875,
        "-9":11070.80078125,
        "-8":10445.642578125,
        "-7":9288.875,
        "-6":10754.3349609375,
        "-5":9467.2666015625,
        "-4":9505.455078125,
        "-3":10750.95703125,
        "-2":9295.6044921875,
        "-1":11229.2685546875,
        "0":9783.0556640625,
        "1":11557.7421875,
        "2":11939.654296875,
        "3":10358.0634765625,
        "4":11075.7998046875,
        "5":11066.8515625,
        "6":9900.1640625,
        "7":12027.5419921875,
        "8":11727.169921875,
        "9":12350.7900390625,
        "10":11737.0537109375,
        "11":12965.517578125,
        "12":16106.8857421875,
        "13":15047.3173828125,
        "14":15872.130859375,
        "15":18001.7421875,
        "16":19435.92578125,
        "17":20148.3671875,
        "18":18011.115234375,
        "19":18438.341796875,
        "20":17065.240234375,
        "21":17083.982421875,
        "22":18201.03125,
        "23":15783.642578125,
        "24":17186.203125,
        "25":17791.18359375,
        "26":17013.58984375,
        "27":17675.740234375,
        "28":18293.9375,
        "29":18951.046875,
        "30":15560.6796875,
        "31":15471.3798828125,
        "32":14586.1728515625,
        "33":13610.1953125,
        "34":14924.599609375,
        "35":15082.650390625,
        "36":12682.498046875,
        "37":14618.7529296875,
        "38":14786.068359375,
        "39":14207.8837890625,
        "40":15116.919921875,
        "41":14610.314453125,
        "42":15391.3408203125,
        "43":14193.345703125,
        "44":12900.9326171875,
        "45":15009.4150390625,
        "46":13845.2578125,
        "47":13141.3408203125,
        "48":12511.787109375,
        "49":12491.7890625
    },
    "std":{
        "-30":2524.5600585938,
        "-29":2015.0856933594,
        "-28":1784.2180175781,
        "-27":2191.7846679688,
        "-26":1634.8636474609,
        "-25":2238.4064941406,
        "-24":2314.2700195312,
        "-23":1828.1395263672,
        "-22":1493.7481689453,
        "-21":2042.2095947266,
        "-20":1690.5593261719,
        "-19":1714.4173583984,
        "-18":1730.1245117188,
        "-17":1859.4714355469,
        "-16":1793.8646240234,
        "-15":2250.3869628906,
        "-14":2274.7592773438,
        "-13":1949.5311279297,
        "-12":2167.203125,
        "-11":2014.0466308594,
        "-10":1641.8879394531,
        "-9":2105.7783203125,
        "-8":2051.2312011719,
        "-7":2006.8699951172,
        "-6":1926.1951904297,
        "-5":1489.1417236328,
        "-4":1701.7496337891,
        "-3":1779.341796875,
        "-2":1557.7762451172,
        "-1":2252.3757324219,
        "0":1364.0739746094,
        "1":2195.1428222656,
        "2":2050.7475585938,
        "3":1744.2918701172,
        "4":1681.4216308594,
        "5":1666.2808837891,
        "6":1738.5892333984,
        "7":1973.1500244141,
        "8":2050.587890625,
        "9":2714.4426269531,
        "10":2582.513671875,
        "11":3145.8859863281,
        "12":3566.7412109375,
        "13":3524.7844238281,
        "14":3677.7915039062,
        "15":4722.234375,
        "16":5110.3256835938,
        "17":4974.4296875,
        "18":5645.8959960938,
        "19":5848.8608398438,
        "20":5586.7041015625,
        "21":5064.5341796875,
        "22":5414.2314453125,
        "23":5674.2119140625,
        "24":4912.0947265625,
        "25":4988.6313476562,
        "26":4875.48046875,
        "27":4518.8413085938,
        "28":4868.5151367188,
        "29":4824.1918945312,
        "30":4164.3139648438,
        "31":3428.4643554688,
        "32":3542.1733398438,
        "33":4238.5776367188,
        "34":3481.8127441406,
        "35":3695.3510742188,
        "36":3328.6528320312,
        "37":3780.0715332031,
        "38":3975.2893066406,
        "39":3378.9711914062,
        "40":3192.6965332031,
        "41":3232.5476074219,
        "42":3846.9528808594,
        "43":3672.5285644531,
        "44":3155.8635253906,
        "45":3022.6555175781,
        "46":3459.9821777344,
        "47":2891.5766601562,
        "48":2869.48828125,
        "49":2128.4064941406
    }
}