{
    "data":{
        "-30":54508.83203125,
        "-29":57418.44140625,
        "-28":58614.96875,
        "-27":58478.13671875,
        "-26":54976.03125,
        "-25":55664.203125,
        "-24":55011.5546875,
        "-23":57272.76171875,
        "-22":51465.73046875,
        "-21":51633.79296875,
        "-20":51653.28515625,
        "-19":53809.875,
        "-18":55005.65625,
        "-17":54479.59375,
        "-16":53833.33203125,
        "-15":53730.18359375,
        "-14":58461.1484375,
        "-13":56954.8515625,
        "-12":57322.828125,
        "-11":60857.53515625,
        "-10":61517.64453125,
        "-9":63451.75,
        "-8":64337.30859375,
        "-7":62286.83203125,
        "-6":63107.10546875,
        "-5":67029.0078125,
        "-4":66790.9921875,
        "-3":65835.9765625,
        "-2":63253.03515625,
        "-1":61846.95703125,
        "0":61170.703125,
        "1":61070.25,
        "2":62998.125,
        "3":61132.91796875,
        "4":63555.14453125,
        "5":61372.16015625,
        "6":64613.9453125,
        "7":61614.7578125,
        "8":58854.59375,
        "9":59661.6796875,
        "10":57600.0,
        "11":57768.98828125,
        "12":59050.51953125,
        "13":61410.69140625,
        "14":56822.60546875,
        "15":57710.34375,
        "16":57903.83203125,
        "17":56055.48828125,
        "18":58532.90625,
        "19":58055.2734375,
        "20":56197.73046875,
        "21":54067.26171875,
        "22":56491.58203125,
        "23":57897.578125,
        "24":53168.0546875,
        "25":53139.75,
        "26":54535.61328125,
        "27":58259.96875,
        "28":58446.6015625,
        "29":58225.05859375,
        "30":59196.59375,
        "31":60714.3203125,
        "32":62513.93359375,
        "33":63345.6796875,
        "34":65172.98828125,
        "35":64059.6015625,
        "36":67316.7890625,
        "37":66328.8671875,
        "38":67966.8125,
        "39":65386.3515625,
        "40":63467.0546875,
        "41":68668.6015625,
        "42":62746.75,
        "43":70325.8359375,
        "44":64175.68359375,
        "45":65269.58984375,
        "46":64857.703125,
        "47":60512.796875,
        "48":63921.29296875,
        "49":62754.828125
    },
    "std":{
        "-30":15870.572265625,
        "-29":16623.865234375,
        "-28":15967.314453125,
        "-27":15838.8642578125,
        "-26":16281.94921875,
        "-25":15851.009765625,
        "-24":14944.4658203125,
        "-23":15558.6826171875,
        "-22":14580.3798828125,
        "-21":14319.9140625,
        "-20":15035.1171875,
        "-19":15118.4013671875,
        "-18":14790.2353515625,
        "-17":14417.8603515625,
        "-16":14198.693359375,
        "-15":14405.8017578125,
        "-14":15350.982421875,
        "-13":15026.453125,
        "-12":14362.134765625,
        "-11":15213.9169921875,
        "-10":15810.412109375,
        "-9":15980.390625,
        "-8":16777.611328125,
        "-7":17088.52734375,
        "-6":17481.07421875,
        "-5":18444.5078125,
        "-4":17743.71484375,
        "-3":17739.83203125,
        "-2":17819.978515625,
        "-1":17429.642578125,
        "0":17656.048828125,
        "1":17353.03125,
        "2":17661.80078125,
        "3":17267.603515625,
        "4":17634.984375,
        "5":17805.0859375,
        "6":17565.755859375,
        "7":17699.40625,
        "8":17222.99609375,
        "9":17786.271484375,
        "10":16899.666015625,
        "11":16809.01171875,
        "12":17460.748046875,
        "13":17728.24609375,
        "14":16509.54296875,
        "15":17005.830078125,
        "16":17049.224609375,
        "17":16639.015625,
        "18":17495.369140625,
        "19":16491.5234375,
        "20":16105.2626953125,
        "21":16303.4267578125,
        "22":16683.509765625,
        "23":16551.595703125,
        "24":15793.9169921875,
        "25":15886.0712890625,
        "26":15563.5380859375,
        "27":15623.880859375,
        "28":16220.712890625,
        "29":15212.8330078125,
        "30":15432.4150390625,
        "31":15436.5625,
        "32":15543.1005859375,
        "33":15838.4072265625,
        "34":16168.7822265625,
        "35":15771.86328125,
        "36":16423.37109375,
        "37":16496.703125,
        "38":16756.916015625,
        "39":18059.271484375,
        "40":17073.626953125,
        "41":17324.93359375,
        "42":16621.625,
        "43":18556.080078125,
        "44":17359.2890625,
        "45":17339.953125,
        "46":17373.818359375,
        "47":15751.248046875,
        "48":15861.2099609375,
        "49":16310.1845703125
    }
}