{
    "data":{
        "-30":11425.9912109375,
        "-29":9323.2724609375,
        "-28":7532.2133789062,
        "-27":9659.9482421875,
        "-26":8988.2265625,
        "-25":10269.326171875,
        "-24":10085.1826171875,
        "-23":10432.9521484375,
        "-22":10889.53125,
        "-21":9601.1982421875,
        "-20":10670.3251953125,
        "-19":11424.7861328125,
        "-18":10778.0458984375,
        "-17":10367.353515625,
        "-16":8737.8681640625,
        "-15":12586.986328125,
        "-14":10685.021484375,
        "-13":12316.388671875,
        "-12":12763.5048828125,
        "-11":13406.3330078125,
        "-10":11004.6396484375,
        "-9":9704.34375,
        "-8":11697.1455078125,
        "-7":11744.5673828125,
        "-6":11715.95703125,
        "-5":11231.4033203125,
        "-4":10904.875,
        "-3":13131.1767578125,
        "-2":11463.9453125,
        "-1":10495.2958984375,
        "0":12030.1953125,
        "1":10104.650390625,
        "2":11447.1826171875,
        "3":12857.1728515625,
        "4":11887.6494140625,
        "5":11454.0517578125,
        "6":11693.7265625,
        "7":12798.716796875,
        "8":14203.439453125,
        "9":13842.26171875,
        "10":13397.080078125,
        "11":13632.2548828125,
        "12":13717.8359375,
        "13":13851.837890625,
        "14":12259.1435546875,
        "15":12119.3740234375,
        "16":14077.6279296875,
        "17":15016.36328125,
        "18":12803.7421875,
        "19":13042.599609375,
        "20":12495.7890625,
        "21":11745.767578125,
        "22":12926.548828125,
        "23":11184.857421875,
        "24":14751.654296875,
        "25":12121.7080078125,
        "26":12026.8642578125,
        "27":13518.8486328125,
        "28":11515.111328125,
        "29":10555.1982421875,
        "30":10475.9736328125,
        "31":10136.498046875,
        "32":10466.55078125,
        "33":10694.3125,
        "34":10279.7548828125,
        "35":9892.3916015625,
        "36":9972.251953125,
        "37":10670.1845703125,
        "38":11530.2158203125,
        "39":9723.033203125,
        "40":11651.310546875,
        "41":9657.9111328125,
        "42":11350.33203125,
        "43":12540.8984375,
        "44":10730.2783203125,
        "45":11570.4990234375,
        "46":8729.6328125,
        "47":10361.287109375,
        "48":10785.478515625,
        "49":7661.3706054688
    },
    "std":{
        "-30":2836.9455566406,
        "-29":2746.5297851562,
        "-28":2437.9357910156,
        "-27":2956.7670898438,
        "-26":2817.4455566406,
        "-25":2336.240234375,
        "-24":2919.7353515625,
        "-23":2320.7900390625,
        "-22":3186.5646972656,
        "-21":1918.3101806641,
        "-20":2672.3322753906,
        "-19":2328.3620605469,
        "-18":2638.6994628906,
        "-17":3048.0634765625,
        "-16":2347.2587890625,
        "-15":2666.0141601562,
        "-14":2546.0197753906,
        "-13":2456.5861816406,
        "-12":3450.4870605469,
        "-11":3255.6572265625,
        "-10":3148.0588378906,
        "-9":2577.3449707031,
        "-8":3047.0788574219,
        "-7":2782.6328125,
        "-6":3394.8000488281,
        "-5":2853.490234375,
        "-4":2524.6108398438,
        "-3":2771.7360839844,
        "-2":1932.8674316406,
        "-1":2662.5397949219,
        "0":2263.4475097656,
        "1":2218.400390625,
        "2":3016.3046875,
        "3":3057.009765625,
        "4":2802.6669921875,
        "5":2903.6271972656,
        "6":3060.986328125,
        "7":3964.9333496094,
        "8":3732.3107910156,
        "9":4049.3508300781,
        "10":3546.9743652344,
        "11":4380.8735351562,
        "12":4660.2211914062,
        "13":4211.9008789062,
        "14":3776.9931640625,
        "15":4298.6274414062,
        "16":4764.8325195312,
        "17":3945.3005371094,
        "18":3515.7934570312,
        "19":3762.5988769531,
        "20":3554.8562011719,
        "21":3287.5122070312,
        "22":3115.3979492188,
        "23":4119.6469726562,
        "24":3915.4482421875,
        "25":3838.7265625,
        "26":4078.9396972656,
        "27":3764.4174804688,
        "28":2224.607421875,
        "29":3595.9494628906,
        "30":2289.3447265625,
        "31":2870.97265625,
        "32":3236.28515625,
        "33":2455.5705566406,
        "34":2572.4973144531,
        "35":2076.9309082031,
        "36":2234.0732421875,
        "37":3131.7983398438,
        "38":3533.0949707031,
        "39":3331.482421875,
        "40":3188.6772460938,
        "41":3183.55859375,
        "42":3415.6022949219,
        "43":3771.5986328125,
        "44":3095.33984375,
        "45":3170.0734863281,
        "46":2430.5065917969,
        "47":2918.7416992188,
        "48":2614.4968261719,
        "49":2410.0866699219
    }
}