{
    "data":{
        "-30":19633.50390625,
        "-29":20669.3125,
        "-28":19762.58203125,
        "-27":18435.0,
        "-26":17587.677734375,
        "-25":20424.759765625,
        "-24":19322.90625,
        "-23":19350.572265625,
        "-22":19933.0859375,
        "-21":19167.171875,
        "-20":20286.560546875,
        "-19":17524.88671875,
        "-18":18042.033203125,
        "-17":19213.12109375,
        "-16":16521.69140625,
        "-15":18571.947265625,
        "-14":19156.685546875,
        "-13":17183.8359375,
        "-12":16865.01171875,
        "-11":16177.9609375,
        "-10":17678.49609375,
        "-9":17440.287109375,
        "-8":19203.68359375,
        "-7":17744.521484375,
        "-6":18279.5546875,
        "-5":17007.37890625,
        "-4":17917.134765625,
        "-3":15649.6767578125,
        "-2":16438.73046875,
        "-1":19922.08984375,
        "0":16451.923828125,
        "1":15844.474609375,
        "2":16578.521484375,
        "3":18104.708984375,
        "4":18019.384765625,
        "5":18410.74609375,
        "6":14866.0419921875,
        "7":18500.05859375,
        "8":17648.166015625,
        "9":17828.310546875,
        "10":16870.15234375,
        "11":18519.650390625,
        "12":17858.37890625,
        "13":17441.681640625,
        "14":18660.291015625,
        "15":19168.833984375,
        "16":19332.296875,
        "17":17770.958984375,
        "18":19697.751953125,
        "19":18643.478515625,
        "20":16172.283203125,
        "21":15966.236328125,
        "22":18030.296875,
        "23":15781.8037109375,
        "24":16905.234375,
        "25":17468.8515625,
        "26":16919.490234375,
        "27":18148.810546875,
        "28":19468.908203125,
        "29":17902.490234375,
        "30":16715.24609375,
        "31":19545.255859375,
        "32":17869.3125,
        "33":18575.166015625,
        "34":17990.72265625,
        "35":20726.77734375,
        "36":18133.37109375,
        "37":19662.759765625,
        "38":21813.021484375,
        "39":21499.12109375,
        "40":19166.83984375,
        "41":19943.00390625,
        "42":21462.423828125,
        "43":19635.697265625,
        "44":16817.0078125,
        "45":19453.267578125,
        "46":18360.35546875,
        "47":20075.251953125,
        "48":17959.171875,
        "49":21370.078125
    },
    "std":{
        "-30":5249.2924804688,
        "-29":5397.9189453125,
        "-28":5718.8452148438,
        "-27":4779.9213867188,
        "-26":5110.8095703125,
        "-25":5003.1938476562,
        "-24":4727.8486328125,
        "-23":4866.3291015625,
        "-22":4966.9282226562,
        "-21":5004.787109375,
        "-20":5399.341796875,
        "-19":4211.8837890625,
        "-18":4761.8291015625,
        "-17":4594.6752929688,
        "-16":5252.2265625,
        "-15":4347.6796875,
        "-14":5033.5322265625,
        "-13":4889.7963867188,
        "-12":3912.8869628906,
        "-11":4690.6225585938,
        "-10":4340.0634765625,
        "-9":4639.5083007812,
        "-8":5129.2807617188,
        "-7":4142.4697265625,
        "-6":5004.16015625,
        "-5":4552.01953125,
        "-4":4623.87109375,
        "-3":4397.1323242188,
        "-2":4089.4794921875,
        "-1":4975.2729492188,
        "0":4433.267578125,
        "1":4121.0014648438,
        "2":4710.501953125,
        "3":4620.4438476562,
        "4":4555.9345703125,
        "5":4851.4995117188,
        "6":4173.4111328125,
        "7":5129.9350585938,
        "8":5014.1567382812,
        "9":5457.2060546875,
        "10":5269.6962890625,
        "11":5342.9814453125,
        "12":5570.9208984375,
        "13":5296.6577148438,
        "14":4462.5278320312,
        "15":5212.2807617188,
        "16":4852.5791015625,
        "17":5061.0986328125,
        "18":4906.109375,
        "19":5056.0766601562,
        "20":4825.5322265625,
        "21":4587.62890625,
        "22":5365.3901367188,
        "23":4948.7607421875,
        "24":4602.0649414062,
        "25":4406.12109375,
        "26":4812.8090820312,
        "27":6180.1435546875,
        "28":5093.1264648438,
        "29":5554.205078125,
        "30":5356.9067382812,
        "31":5697.41796875,
        "32":5110.5771484375,
        "33":5440.6733398438,
        "34":4635.14453125,
        "35":5381.3017578125,
        "36":5282.3393554688,
        "37":5324.8696289062,
        "38":5358.7622070312,
        "39":5382.6811523438,
        "40":4841.5087890625,
        "41":5252.5083007812,
        "42":5365.4487304688,
        "43":5473.3618164062,
        "44":4961.1508789062,
        "45":4624.2724609375,
        "46":4755.8999023438,
        "47":5214.875,
        "48":5148.001953125,
        "49":5964.3999023438
    }
}