{
    "data":{
        "-30":38935.5703125,
        "-29":39952.96484375,
        "-28":37486.8046875,
        "-27":42628.8671875,
        "-26":42406.390625,
        "-25":39606.89453125,
        "-24":40928.6640625,
        "-23":41704.3828125,
        "-22":41447.71484375,
        "-21":41604.1171875,
        "-20":46945.5234375,
        "-19":39465.51953125,
        "-18":45295.91796875,
        "-17":42322.6171875,
        "-16":42878.12109375,
        "-15":42415.24609375,
        "-14":42861.88671875,
        "-13":41679.75,
        "-12":34231.4921875,
        "-11":39825.1953125,
        "-10":37116.4765625,
        "-9":39691.86328125,
        "-8":36848.45703125,
        "-7":37493.39453125,
        "-6":39332.9921875,
        "-5":35189.18359375,
        "-4":40425.515625,
        "-3":36702.37109375,
        "-2":37475.85546875,
        "-1":43103.0,
        "0":39900.05078125,
        "1":35931.57421875,
        "2":35051.1328125,
        "3":39862.18359375,
        "4":35313.59765625,
        "5":39207.31640625,
        "6":36922.98046875,
        "7":35345.62890625,
        "8":34432.91015625,
        "9":35365.6796875,
        "10":33007.84375,
        "11":38126.60546875,
        "12":35641.40625,
        "13":34365.8515625,
        "14":33231.89453125,
        "15":34223.875,
        "16":36554.8125,
        "17":36251.40625,
        "18":36106.234375,
        "19":33499.16796875,
        "20":32367.166015625,
        "21":34993.04296875,
        "22":34521.671875,
        "23":36105.35546875,
        "24":35317.09375,
        "25":33611.11328125,
        "26":33680.08203125,
        "27":34026.4921875,
        "28":38528.88671875,
        "29":37553.33203125,
        "30":35927.08203125,
        "31":38011.73046875,
        "32":39729.921875,
        "33":38930.046875,
        "34":39455.1875,
        "35":38389.5078125,
        "36":38550.06640625,
        "37":38115.7890625,
        "38":40475.70703125,
        "39":42198.0078125,
        "40":39562.08203125,
        "41":41410.44140625,
        "42":41241.18359375,
        "43":41847.5,
        "44":43472.62109375,
        "45":43489.29296875,
        "46":42802.1015625,
        "47":43956.5703125,
        "48":43291.96484375,
        "49":41975.0078125
    },
    "std":{
        "-30":8226.9091796875,
        "-29":8065.857421875,
        "-28":8701.4462890625,
        "-27":8962.9384765625,
        "-26":9389.7919921875,
        "-25":8603.8916015625,
        "-24":9830.6689453125,
        "-23":9552.2880859375,
        "-22":9993.71875,
        "-21":8770.1005859375,
        "-20":10622.57421875,
        "-19":9470.849609375,
        "-18":9976.8642578125,
        "-17":9562.40625,
        "-16":9618.884765625,
        "-15":9843.275390625,
        "-14":9447.0849609375,
        "-13":10352.251953125,
        "-12":9044.7763671875,
        "-11":8903.3916015625,
        "-10":9104.7451171875,
        "-9":9042.603515625,
        "-8":9008.62890625,
        "-7":8552.453125,
        "-6":9844.5625,
        "-5":9740.81640625,
        "-4":9626.9716796875,
        "-3":9520.26171875,
        "-2":9545.9541015625,
        "-1":9614.509765625,
        "0":9850.1201171875,
        "1":9417.8916015625,
        "2":8664.478515625,
        "3":10152.0888671875,
        "4":9521.64453125,
        "5":9036.2783203125,
        "6":9227.80859375,
        "7":8918.599609375,
        "8":8150.3681640625,
        "9":9345.3662109375,
        "10":8751.4716796875,
        "11":8652.2919921875,
        "12":9078.5751953125,
        "13":9612.6669921875,
        "14":8842.140625,
        "15":9376.29296875,
        "16":8195.064453125,
        "17":8263.5888671875,
        "18":8517.58203125,
        "19":7701.6684570312,
        "20":8507.3408203125,
        "21":8233.7021484375,
        "22":8600.234375,
        "23":7555.6997070312,
        "24":7998.6528320312,
        "25":7988.6772460938,
        "26":7486.638671875,
        "27":7954.3916015625,
        "28":7235.8740234375,
        "29":7592.783203125,
        "30":6424.8784179688,
        "31":7511.1875,
        "32":7043.423828125,
        "33":7628.8017578125,
        "34":7703.8295898438,
        "35":7863.474609375,
        "36":7848.091796875,
        "37":8107.6137695312,
        "38":8553.0751953125,
        "39":7781.0546875,
        "40":7242.1459960938,
        "41":8219.9423828125,
        "42":7174.0102539062,
        "43":8552.916015625,
        "44":8282.0625,
        "45":8698.564453125,
        "46":8037.5126953125,
        "47":8306.4345703125,
        "48":7979.7856445312,
        "49":8683.8759765625
    }
}