{
    "data":{
        "-30":14703.4140625,
        "-29":16575.55859375,
        "-28":14145.4208984375,
        "-27":12500.435546875,
        "-26":15355.400390625,
        "-25":14129.85546875,
        "-24":13198.7041015625,
        "-23":14015.8974609375,
        "-22":14246.908203125,
        "-21":14619.26953125,
        "-20":16043.130859375,
        "-19":11710.8583984375,
        "-18":17980.84765625,
        "-17":17825.92578125,
        "-16":17744.33203125,
        "-15":17490.603515625,
        "-14":12371.53125,
        "-13":13935.2333984375,
        "-12":12771.6083984375,
        "-11":11862.1220703125,
        "-10":13939.76171875,
        "-9":12489.181640625,
        "-8":12325.8154296875,
        "-7":11797.6904296875,
        "-6":16048.4775390625,
        "-5":15607.1279296875,
        "-4":16036.970703125,
        "-3":16629.908203125,
        "-2":15995.462890625,
        "-1":13816.71875,
        "0":13514.2451171875,
        "1":12292.1962890625,
        "2":13382.0107421875,
        "3":16232.67578125,
        "4":13394.787109375,
        "5":13374.337890625,
        "6":13103.3408203125,
        "7":13651.9287109375,
        "8":13252.6162109375,
        "9":11726.2275390625,
        "10":15580.8544921875,
        "11":14540.70703125,
        "12":16507.326171875,
        "13":20130.935546875,
        "14":15440.474609375,
        "15":15506.369140625,
        "16":12775.5,
        "17":13383.91796875,
        "18":15907.03125,
        "19":15519.0234375,
        "20":20696.46484375,
        "21":15669.0390625,
        "22":16337.423828125,
        "23":16260.2666015625,
        "24":17836.181640625,
        "25":16928.63671875,
        "26":15018.4716796875,
        "27":13492.1923828125,
        "28":15723.7861328125,
        "29":13931.5732421875,
        "30":14698.6533203125,
        "31":16739.73828125,
        "32":16085.048828125,
        "33":12381.1494140625,
        "34":11877.046875,
        "35":13334.580078125,
        "36":18467.00390625,
        "37":13456.044921875,
        "38":12628.2333984375,
        "39":11541.53125,
        "40":11484.3388671875,
        "41":15305.255859375,
        "42":15199.0908203125,
        "43":12048.6728515625,
        "44":16394.666015625,
        "45":18034.513671875,
        "46":14505.091796875,
        "47":15927.4521484375,
        "48":19047.603515625,
        "49":13426.4912109375
    },
    "std":{
        "-30":2861.1240234375,
        "-29":2161.8190917969,
        "-28":1993.5333251953,
        "-27":2036.6179199219,
        "-26":2689.5319824219,
        "-25":2115.8049316406,
        "-24":2512.6511230469,
        "-23":3231.2761230469,
        "-22":2424.1711425781,
        "-21":2569.3583984375,
        "-20":2165.6357421875,
        "-19":2322.9916992188,
        "-18":2560.9233398438,
        "-17":2368.3591308594,
        "-16":2401.5749511719,
        "-15":2326.7741699219,
        "-14":2498.4138183594,
        "-13":2338.1237792969,
        "-12":2384.0400390625,
        "-11":2128.8557128906,
        "-10":2441.0615234375,
        "-9":2521.4533691406,
        "-8":2137.1791992188,
        "-7":2106.5554199219,
        "-6":1796.2805175781,
        "-5":2324.9404296875,
        "-4":2404.7561035156,
        "-3":2272.251953125,
        "-2":2245.7937011719,
        "-1":2603.6188964844,
        "0":2206.8881835938,
        "1":2405.8515625,
        "2":2444.0505371094,
        "3":2416.3354492188,
        "4":2307.2145996094,
        "5":2620.6320800781,
        "6":2735.376953125,
        "7":1978.3712158203,
        "8":1875.845703125,
        "9":1847.8472900391,
        "10":2053.2058105469,
        "11":2050.2958984375,
        "12":3256.3559570312,
        "13":2317.0122070312,
        "14":1697.4708251953,
        "15":2287.4770507812,
        "16":1967.8177490234,
        "17":2165.96484375,
        "18":2629.4387207031,
        "19":2374.5356445312,
        "20":2697.2622070312,
        "21":2474.8444824219,
        "22":2578.5698242188,
        "23":1947.8842773438,
        "24":2282.5859375,
        "25":2306.4665527344,
        "26":2712.4128417969,
        "27":2575.2287597656,
        "28":2290.4489746094,
        "29":2857.5249023438,
        "30":2468.6938476562,
        "31":1946.6380615234,
        "32":1959.2684326172,
        "33":2290.900390625,
        "34":1756.1594238281,
        "35":2350.0161132812,
        "36":2193.2641601562,
        "37":2308.0480957031,
        "38":1667.2768554688,
        "39":2596.8303222656,
        "40":2031.5710449219,
        "41":2131.3464355469,
        "42":2260.1955566406,
        "43":2116.8947753906,
        "44":2791.7248535156,
        "45":3056.4572753906,
        "46":2058.97265625,
        "47":2838.2048339844,
        "48":2257.79296875,
        "49":2356.5812988281
    }
}