{
    "data":{
        "-30":14651.611328125,
        "-29":16283.841796875,
        "-28":13918.2333984375,
        "-27":14381.1025390625,
        "-26":15506.326171875,
        "-25":11473.96484375,
        "-24":13847.470703125,
        "-23":13618.966796875,
        "-22":15265.037109375,
        "-21":15707.86328125,
        "-20":13433.89453125,
        "-19":13345.98828125,
        "-18":14829.9970703125,
        "-17":14143.2578125,
        "-16":11275.3115234375,
        "-15":16423.560546875,
        "-14":13452.25,
        "-13":14822.357421875,
        "-12":14487.4658203125,
        "-11":14000.0830078125,
        "-10":12881.1533203125,
        "-9":12416.51953125,
        "-8":13054.4970703125,
        "-7":16201.7900390625,
        "-6":14564.087890625,
        "-5":15820.9716796875,
        "-4":14286.658203125,
        "-3":16877.67578125,
        "-2":20886.15234375,
        "-1":17613.740234375,
        "0":18395.603515625,
        "1":17985.328125,
        "2":17730.91015625,
        "3":16084.388671875,
        "4":14672.595703125,
        "5":13425.1142578125,
        "6":16067.220703125,
        "7":17512.11328125,
        "8":16064.5966796875,
        "9":14906.8779296875,
        "10":13778.779296875,
        "11":14148.189453125,
        "12":13081.0595703125,
        "13":15741.5859375,
        "14":15029.7109375,
        "15":15844.76953125,
        "16":13219.1923828125,
        "17":14876.4580078125,
        "18":13829.994140625,
        "19":12676.79296875,
        "20":12723.35546875,
        "21":12871.701171875,
        "22":13147.388671875,
        "23":11222.4404296875,
        "24":15188.5,
        "25":15777.130859375,
        "26":11202.2080078125,
        "27":15651.3486328125,
        "28":17475.5390625,
        "29":14025.095703125,
        "30":17602.38671875,
        "31":14366.318359375,
        "32":16387.607421875,
        "33":17188.453125,
        "34":17224.259765625,
        "35":15695.2978515625,
        "36":17932.34375,
        "37":14730.6220703125,
        "38":17417.97265625,
        "39":18230.76953125,
        "40":17598.22265625,
        "41":22089.427734375,
        "42":16469.232421875,
        "43":18590.84765625,
        "44":18135.341796875,
        "45":14149.158203125,
        "46":17005.732421875,
        "47":14298.8720703125,
        "48":19122.251953125,
        "49":14646.970703125
    },
    "std":{
        "-30":4384.4799804688,
        "-29":4581.6909179688,
        "-28":5371.1010742188,
        "-27":3560.7734375,
        "-26":4501.98046875,
        "-25":2664.4392089844,
        "-24":3139.263671875,
        "-23":3376.6433105469,
        "-22":3372.0244140625,
        "-21":3904.474609375,
        "-20":2790.6828613281,
        "-19":3245.7175292969,
        "-18":2750.4140625,
        "-17":2778.2314453125,
        "-16":2764.4694824219,
        "-15":2563.8779296875,
        "-14":2889.9018554688,
        "-13":3017.6875,
        "-12":3774.1374511719,
        "-11":4147.658203125,
        "-10":3828.2631835938,
        "-9":3217.3046875,
        "-8":4406.2568359375,
        "-7":4322.8984375,
        "-6":5025.9780273438,
        "-5":4366.4223632812,
        "-4":4672.0063476562,
        "-3":4687.6010742188,
        "-2":6186.1469726562,
        "-1":6437.404296875,
        "0":5360.6572265625,
        "1":4412.681640625,
        "2":4574.0727539062,
        "3":5094.736328125,
        "4":5432.4228515625,
        "5":5506.2495117188,
        "6":4881.3447265625,
        "7":4612.6918945312,
        "8":4959.7294921875,
        "9":5555.4443359375,
        "10":4761.2163085938,
        "11":3916.6547851562,
        "12":4727.3857421875,
        "13":3982.388671875,
        "14":5611.546875,
        "15":4099.23828125,
        "16":4219.2885742188,
        "17":5384.28515625,
        "18":4655.6323242188,
        "19":5454.3393554688,
        "20":3752.533203125,
        "21":4173.240234375,
        "22":3669.5441894531,
        "23":2936.703125,
        "24":3963.654296875,
        "25":3171.6567382812,
        "26":3661.8479003906,
        "27":3420.9357910156,
        "28":4014.1909179688,
        "29":4063.0603027344,
        "30":4205.0766601562,
        "31":4820.1171875,
        "32":4265.9086914062,
        "33":4149.6083984375,
        "34":4291.2690429688,
        "35":4231.02734375,
        "36":4902.4560546875,
        "37":3938.6081542969,
        "38":4968.615234375,
        "39":4779.1157226562,
        "40":4245.3701171875,
        "41":5919.7583007812,
        "42":4633.4125976562,
        "43":4276.5126953125,
        "44":4363.76171875,
        "45":4052.5346679688,
        "46":3848.8137207031,
        "47":3390.412109375,
        "48":5179.2592773438,
        "49":4978.912109375
    }
}