{
    "data":{
        "-30":13926.89453125,
        "-29":10927.689453125,
        "-28":13151.4521484375,
        "-27":13187.6640625,
        "-26":11315.7880859375,
        "-25":10732.625,
        "-24":12069.541015625,
        "-23":12059.9306640625,
        "-22":12004.5810546875,
        "-21":13406.70703125,
        "-20":12560.806640625,
        "-19":12588.0830078125,
        "-18":10931.3388671875,
        "-17":10753.662109375,
        "-16":10205.6455078125,
        "-15":10339.4189453125,
        "-14":10750.1396484375,
        "-13":8358.8271484375,
        "-12":9429.7607421875,
        "-11":9271.5546875,
        "-10":9862.9853515625,
        "-9":9873.4462890625,
        "-8":11089.66796875,
        "-7":11394.6357421875,
        "-6":11257.9970703125,
        "-5":7256.0283203125,
        "-4":9488.1328125,
        "-3":11658.806640625,
        "-2":12889.6357421875,
        "-1":9820.3955078125,
        "0":11227.2412109375,
        "1":10459.2548828125,
        "2":10425.822265625,
        "3":11333.921875,
        "4":10956.763671875,
        "5":10230.890625,
        "6":9304.779296875,
        "7":10438.7861328125,
        "8":11185.3603515625,
        "9":10555.4638671875,
        "10":13802.90625,
        "11":12857.6162109375,
        "12":11339.2353515625,
        "13":11933.783203125,
        "14":11757.8359375,
        "15":13374.3076171875,
        "16":13890.2724609375,
        "17":12441.44921875,
        "18":13074.1591796875,
        "19":12799.14453125,
        "20":12232.2958984375,
        "21":12508.66796875,
        "22":13422.1640625,
        "23":9928.0029296875,
        "24":13053.810546875,
        "25":12643.8076171875,
        "26":11249.9931640625,
        "27":11571.7216796875,
        "28":13156.419921875,
        "29":14025.1767578125,
        "30":14280.6201171875,
        "31":13757.8857421875,
        "32":11687.8564453125,
        "33":14028.5517578125,
        "34":13785.662109375,
        "35":13291.279296875,
        "36":13090.267578125,
        "37":12504.658203125,
        "38":13472.466796875,
        "39":13236.0341796875,
        "40":12523.2138671875,
        "41":12693.2548828125,
        "42":12802.845703125,
        "43":11800.56640625,
        "44":14030.9296875,
        "45":11477.1787109375,
        "46":12177.380859375,
        "47":13860.0703125,
        "48":10604.810546875,
        "49":12548.779296875
    },
    "std":{
        "-30":3959.4958496094,
        "-29":4690.4755859375,
        "-28":3876.3742675781,
        "-27":3771.4084472656,
        "-26":2799.9006347656,
        "-25":3366.1652832031,
        "-24":3799.2578125,
        "-23":3370.8688964844,
        "-22":3329.1179199219,
        "-21":4324.9453125,
        "-20":3636.3806152344,
        "-19":3229.1486816406,
        "-18":3534.5231933594,
        "-17":3001.0749511719,
        "-16":3243.6633300781,
        "-15":2195.7907714844,
        "-14":3144.4802246094,
        "-13":2614.1323242188,
        "-12":2461.9560546875,
        "-11":3469.4516601562,
        "-10":2108.7141113281,
        "-9":2094.5361328125,
        "-8":2486.212890625,
        "-7":2462.265625,
        "-6":2888.2175292969,
        "-5":2018.3913574219,
        "-4":2067.0610351562,
        "-3":2025.2111816406,
        "-2":2193.4904785156,
        "-1":2130.1032714844,
        "0":2433.9953613281,
        "1":2485.8212890625,
        "2":2316.98046875,
        "3":2665.431640625,
        "4":2719.3234863281,
        "5":2652.9470214844,
        "6":2567.1726074219,
        "7":2194.8955078125,
        "8":2934.8188476562,
        "9":2863.0346679688,
        "10":3575.6218261719,
        "11":4030.4655761719,
        "12":3666.4028320312,
        "13":4010.5607910156,
        "14":4674.3745117188,
        "15":4396.2065429688,
        "16":4366.1665039062,
        "17":4420.1630859375,
        "18":4849.0512695312,
        "19":4219.4018554688,
        "20":5025.208984375,
        "21":4274.9482421875,
        "22":4532.8134765625,
        "23":4764.9663085938,
        "24":5610.3515625,
        "25":5072.7177734375,
        "26":5012.0659179688,
        "27":5434.6313476562,
        "28":5987.251953125,
        "29":5849.3212890625,
        "30":5049.6484375,
        "31":6122.2744140625,
        "32":5343.7504882812,
        "33":5692.0454101562,
        "34":5997.3559570312,
        "35":6523.7299804688,
        "36":6334.3500976562,
        "37":5693.3530273438,
        "38":5790.5258789062,
        "39":5376.8095703125,
        "40":5646.7885742188,
        "41":5376.4208984375,
        "42":5166.1313476562,
        "43":5170.673828125,
        "44":5497.6796875,
        "45":4847.716796875,
        "46":5035.5532226562,
        "47":3992.6276855469,
        "48":4767.2426757812,
        "49":3858.8359375
    }
}