{
    "data":{
        "-30":17707.400390625,
        "-29":20849.853515625,
        "-28":18227.14453125,
        "-27":17260.49609375,
        "-26":19860.453125,
        "-25":22997.29296875,
        "-24":20508.9609375,
        "-23":18956.072265625,
        "-22":18766.419921875,
        "-21":19640.03515625,
        "-20":16469.337890625,
        "-19":17763.59765625,
        "-18":18555.771484375,
        "-17":16289.619140625,
        "-16":17968.935546875,
        "-15":18252.89453125,
        "-14":18619.673828125,
        "-13":14948.1728515625,
        "-12":16544.51953125,
        "-11":16753.994140625,
        "-10":16149.0078125,
        "-9":14804.67578125,
        "-8":17557.009765625,
        "-7":15940.181640625,
        "-6":16327.9951171875,
        "-5":15493.7958984375,
        "-4":16150.8955078125,
        "-3":14730.1728515625,
        "-2":15540.8515625,
        "-1":15237.9580078125,
        "0":14318.6455078125,
        "1":14729.5087890625,
        "2":17270.91015625,
        "3":14258.7919921875,
        "4":13742.8583984375,
        "5":14882.9091796875,
        "6":14405.14453125,
        "7":12821.220703125,
        "8":14563.732421875,
        "9":15602.0625,
        "10":17164.197265625,
        "11":13481.763671875,
        "12":14322.419921875,
        "13":13855.3466796875,
        "14":16017.9521484375,
        "15":16746.46484375,
        "16":15174.150390625,
        "17":13557.4091796875,
        "18":18147.1171875,
        "19":15746.9580078125,
        "20":17146.94140625,
        "21":14114.8232421875,
        "22":13701.349609375,
        "23":13284.3955078125,
        "24":14539.6826171875,
        "25":14579.236328125,
        "26":15489.5078125,
        "27":16698.38671875,
        "28":18519.154296875,
        "29":19045.828125,
        "30":17360.140625,
        "31":17753.87109375,
        "32":13672.375,
        "33":14034.0419921875,
        "34":14277.0576171875,
        "35":15729.3203125,
        "36":16762.791015625,
        "37":18029.140625,
        "38":20012.927734375,
        "39":16609.10546875,
        "40":17394.146484375,
        "41":18509.826171875,
        "42":18880.859375,
        "43":17583.654296875,
        "44":18258.73828125,
        "45":16743.41015625,
        "46":16563.466796875,
        "47":16487.66796875,
        "48":18738.646484375,
        "49":18015.638671875
    },
    "std":{
        "-30":5112.5034179688,
        "-29":4549.0302734375,
        "-28":5340.2368164062,
        "-27":4438.01171875,
        "-26":5135.8510742188,
        "-25":5635.8911132812,
        "-24":5596.1484375,
        "-23":4059.3474121094,
        "-22":4845.1547851562,
        "-21":5353.6513671875,
        "-20":4338.1752929688,
        "-19":4920.7661132812,
        "-18":4595.2495117188,
        "-17":4161.1879882812,
        "-16":5010.1987304688,
        "-15":4795.5517578125,
        "-14":3523.5415039062,
        "-13":3258.6848144531,
        "-12":4528.2485351562,
        "-11":3626.0434570312,
        "-10":3877.1467285156,
        "-9":3064.8537597656,
        "-8":3237.6657714844,
        "-7":3519.3801269531,
        "-6":2900.5842285156,
        "-5":3264.1879882812,
        "-4":3478.3254394531,
        "-3":3460.3537597656,
        "-2":3283.9489746094,
        "-1":2567.1437988281,
        "0":2617.8723144531,
        "1":2734.4538574219,
        "2":3479.4392089844,
        "3":2912.8940429688,
        "4":2469.9499511719,
        "5":2714.4177246094,
        "6":2406.8210449219,
        "7":2786.5615234375,
        "8":1840.0931396484,
        "9":1932.7398681641,
        "10":2536.8454589844,
        "11":2815.6235351562,
        "12":2099.6672363281,
        "13":2188.8459472656,
        "14":2266.8430175781,
        "15":2330.8295898438,
        "16":2455.8959960938,
        "17":2567.9919433594,
        "18":2640.0334472656,
        "19":2473.267578125,
        "20":2751.7502441406,
        "21":2791.3581542969,
        "22":2397.4138183594,
        "23":3044.0212402344,
        "24":2427.841796875,
        "25":2216.7136230469,
        "26":2693.365234375,
        "27":2427.3237304688,
        "28":2886.7766113281,
        "29":2021.6333007812,
        "30":2533.3759765625,
        "31":2944.3276367188,
        "32":3038.6337890625,
        "33":2593.7583007812,
        "34":2935.0524902344,
        "35":2748.3110351562,
        "36":3725.6782226562,
        "37":4657.7543945312,
        "38":4529.142578125,
        "39":4674.400390625,
        "40":4482.3427734375,
        "41":4550.5405273438,
        "42":4590.18359375,
        "43":3918.974609375,
        "44":4217.5883789062,
        "45":4293.2778320312,
        "46":5143.203125,
        "47":5205.5551757812,
        "48":4398.36328125,
        "49":5308.0625
    }
}