{
    "data":{
        "-30":17784.947265625,
        "-29":15410.2578125,
        "-28":14135.4736328125,
        "-27":12741.0849609375,
        "-26":13197.982421875,
        "-25":13117.7646484375,
        "-24":13134.4150390625,
        "-23":12916.216796875,
        "-22":14129.13671875,
        "-21":13515.55078125,
        "-20":15127.095703125,
        "-19":11773.693359375,
        "-18":15482.2392578125,
        "-17":17745.751953125,
        "-16":11473.7080078125,
        "-15":14016.029296875,
        "-14":13943.9970703125,
        "-13":13153.7470703125,
        "-12":13059.9775390625,
        "-11":10430.05078125,
        "-10":12278.609375,
        "-9":9207.439453125,
        "-8":10320.5517578125,
        "-7":13521.2138671875,
        "-6":11898.98046875,
        "-5":9771.23828125,
        "-4":14031.2294921875,
        "-3":12907.7890625,
        "-2":10321.9892578125,
        "-1":12026.5927734375,
        "0":11714.4326171875,
        "1":13162.564453125,
        "2":14216.068359375,
        "3":11701.111328125,
        "4":13644.29296875,
        "5":11276.1572265625,
        "6":12484.9921875,
        "7":12676.326171875,
        "8":11507.9990234375,
        "9":16101.693359375,
        "10":10638.283203125,
        "11":13783.5166015625,
        "12":10947.3623046875,
        "13":15566.474609375,
        "14":10987.5302734375,
        "15":14824.6669921875,
        "16":14898.2021484375,
        "17":10627.283203125,
        "18":15065.9296875,
        "19":16253.90625,
        "20":13637.1513671875,
        "21":13695.60546875,
        "22":14560.96875,
        "23":15449.28125,
        "24":13584.5263671875,
        "25":12685.9580078125,
        "26":15038.1533203125,
        "27":14821.962890625,
        "28":14234.1826171875,
        "29":13447.5283203125,
        "30":14075.505859375,
        "31":12178.30859375,
        "32":13097.2109375,
        "33":14464.5830078125,
        "34":13161.880859375,
        "35":12304.541015625,
        "36":12898.2158203125,
        "37":14616.294921875,
        "38":13432.48828125,
        "39":14218.69921875,
        "40":14544.537109375,
        "41":12070.505859375,
        "42":14736.4228515625,
        "43":9905.501953125,
        "44":12333.248046875,
        "45":12889.6337890625,
        "46":13573.7646484375,
        "47":14634.5732421875,
        "48":14719.279296875,
        "49":13762.8515625
    },
    "std":{
        "-30":4209.3364257812,
        "-29":3780.5144042969,
        "-28":3792.1550292969,
        "-27":3340.5661621094,
        "-26":3907.4870605469,
        "-25":3832.4340820312,
        "-24":3894.6948242188,
        "-23":3520.34375,
        "-22":3404.5107421875,
        "-21":3325.6606445312,
        "-20":3766.9245605469,
        "-19":3157.125,
        "-18":3920.6086425781,
        "-17":3629.318359375,
        "-16":2977.2900390625,
        "-15":3784.4670410156,
        "-14":3598.9853515625,
        "-13":2829.373046875,
        "-12":2640.6530761719,
        "-11":2614.2868652344,
        "-10":3543.6962890625,
        "-9":2499.4702148438,
        "-8":3253.5310058594,
        "-7":2800.8098144531,
        "-6":3165.3889160156,
        "-5":2685.0588378906,
        "-4":3230.9816894531,
        "-3":3028.9655761719,
        "-2":2770.9831542969,
        "-1":2892.9230957031,
        "0":2816.7705078125,
        "1":2551.9653320312,
        "2":3662.9309082031,
        "3":2827.919921875,
        "4":2711.0102539062,
        "5":2578.6018066406,
        "6":3064.6022949219,
        "7":2959.91015625,
        "8":2532.8452148438,
        "9":3015.5068359375,
        "10":2119.783203125,
        "11":2801.0095214844,
        "12":2087.2309570312,
        "13":2656.1650390625,
        "14":2839.3933105469,
        "15":2801.8811035156,
        "16":2994.21484375,
        "17":2548.1538085938,
        "18":3021.9704589844,
        "19":3589.8125,
        "20":3064.1860351562,
        "21":3694.9401855469,
        "22":3484.1882324219,
        "23":3104.0578613281,
        "24":3011.7065429688,
        "25":3522.0903320312,
        "26":4113.6611328125,
        "27":3675.943359375,
        "28":3484.8796386719,
        "29":3849.37109375,
        "30":3565.728515625,
        "31":3675.6228027344,
        "32":3615.8325195312,
        "33":4108.4340820312,
        "34":4072.2824707031,
        "35":3682.4868164062,
        "36":3695.8098144531,
        "37":3245.1657714844,
        "38":3405.3706054688,
        "39":4163.6831054688,
        "40":3795.5183105469,
        "41":4298.107421875,
        "42":3986.9421386719,
        "43":3242.4538574219,
        "44":3602.4780273438,
        "45":3738.9140625,
        "46":3920.9035644531,
        "47":4328.2661132812,
        "48":3757.7426757812,
        "49":3786.3986816406
    }
}