{
    "data":{
        "-30":12151.9296875,
        "-29":11442.5009765625,
        "-28":13043.474609375,
        "-27":10816.1201171875,
        "-26":14608.974609375,
        "-25":13466.83203125,
        "-24":10781.203125,
        "-23":13021.2294921875,
        "-22":13908.1162109375,
        "-21":13673.6298828125,
        "-20":11183.802734375,
        "-19":12529.599609375,
        "-18":14409.2763671875,
        "-17":10548.6416015625,
        "-16":9901.89453125,
        "-15":11842.4189453125,
        "-14":11270.9033203125,
        "-13":13219.560546875,
        "-12":12994.1142578125,
        "-11":12229.8857421875,
        "-10":11547.708984375,
        "-9":13488.8701171875,
        "-8":11248.87109375,
        "-7":11126.6279296875,
        "-6":12362.994140625,
        "-5":13524.6513671875,
        "-4":13862.408203125,
        "-3":12421.169921875,
        "-2":14122.8173828125,
        "-1":10218.3564453125,
        "0":12446.322265625,
        "1":11279.0048828125,
        "2":10266.294921875,
        "3":11681.017578125,
        "4":11257.8701171875,
        "5":10635.587890625,
        "6":9532.640625,
        "7":9599.6123046875,
        "8":12879.9111328125,
        "9":7929.2216796875,
        "10":10312.935546875,
        "11":11764.466796875,
        "12":8932.4296875,
        "13":10512.03125,
        "14":8259.7529296875,
        "15":11743.00390625,
        "16":8836.93359375,
        "17":9031.9072265625,
        "18":13342.2109375,
        "19":10573.2041015625,
        "20":10563.193359375,
        "21":9009.8193359375,
        "22":9790.2236328125,
        "23":6382.462890625,
        "24":8124.6650390625,
        "25":9273.830078125,
        "26":10007.5859375,
        "27":11046.9326171875,
        "28":9382.900390625,
        "29":8358.408203125,
        "30":9382.109375,
        "31":10026.7119140625,
        "32":8316.337890625,
        "33":10495.7080078125,
        "34":10227.6640625,
        "35":10762.451171875,
        "36":8877.2080078125,
        "37":10752.4296875,
        "38":11731.84765625,
        "39":10540.8642578125,
        "40":10423.330078125,
        "41":11725.5087890625,
        "42":8012.4833984375,
        "43":15247.4638671875,
        "44":11344.810546875,
        "45":11551.2138671875,
        "46":11748.279296875,
        "47":10892.78125,
        "48":13376.0625,
        "49":12036.12109375
    },
    "std":{
        "-30":3709.4982910156,
        "-29":2728.2587890625,
        "-28":3145.3835449219,
        "-27":3445.16015625,
        "-26":3187.5654296875,
        "-25":3828.0109863281,
        "-24":3427.5385742188,
        "-23":3882.1704101562,
        "-22":3813.2053222656,
        "-21":4347.6455078125,
        "-20":4752.4404296875,
        "-19":3921.6157226562,
        "-18":3599.591796875,
        "-17":3815.7890625,
        "-16":3536.6528320312,
        "-15":3357.244140625,
        "-14":3272.2292480469,
        "-13":3201.740234375,
        "-12":3826.0266113281,
        "-11":3314.4790039062,
        "-10":3213.8247070312,
        "-9":3707.9821777344,
        "-8":2900.609375,
        "-7":3241.2160644531,
        "-6":3736.5788574219,
        "-5":3353.3979492188,
        "-4":4060.4091796875,
        "-3":3766.6196289062,
        "-2":3018.7998046875,
        "-1":2516.634765625,
        "0":3436.9184570312,
        "1":3006.5979003906,
        "2":3745.6379394531,
        "3":2891.7065429688,
        "4":2894.6291503906,
        "5":3047.5869140625,
        "6":2206.2358398438,
        "7":3075.6257324219,
        "8":2905.4091796875,
        "9":1714.9604492188,
        "10":2523.4411621094,
        "11":2573.3879394531,
        "12":2570.6860351562,
        "13":2198.9360351562,
        "14":2001.5112304688,
        "15":2376.6545410156,
        "16":1706.2921142578,
        "17":2215.2016601562,
        "18":2446.4033203125,
        "19":2426.7451171875,
        "20":2549.7912597656,
        "21":2197.9680175781,
        "22":2271.4152832031,
        "23":1570.1954345703,
        "24":2119.6357421875,
        "25":1858.6164550781,
        "26":2032.0380859375,
        "27":1916.4693603516,
        "28":1833.4875488281,
        "29":2114.7045898438,
        "30":1947.5356445312,
        "31":1929.64453125,
        "32":1711.0053710938,
        "33":1762.7551269531,
        "34":1552.3980712891,
        "35":2067.9067382812,
        "36":1547.9810791016,
        "37":1908.0002441406,
        "38":2347.7473144531,
        "39":2129.9404296875,
        "40":1562.0285644531,
        "41":2137.0793457031,
        "42":2574.6359863281,
        "43":3196.2565917969,
        "44":2635.1384277344,
        "45":2234.9401855469,
        "46":2512.2392578125,
        "47":2118.1516113281,
        "48":3488.3283691406,
        "49":2901.5017089844
    }
}