{
    "data":{
        "-30":11973.8291015625,
        "-29":9517.2568359375,
        "-28":11492.0517578125,
        "-27":10658.0634765625,
        "-26":12202.8544921875,
        "-25":9536.3876953125,
        "-24":8709.52734375,
        "-23":11163.5849609375,
        "-22":8030.9946289062,
        "-21":11840.892578125,
        "-20":13249.23828125,
        "-19":11560.38671875,
        "-18":8109.08203125,
        "-17":9027.4267578125,
        "-16":7626.7641601562,
        "-15":9274.5859375,
        "-14":9164.69140625,
        "-13":8673.6650390625,
        "-12":7719.1376953125,
        "-11":11213.455078125,
        "-10":7793.4331054688,
        "-9":11008.72265625,
        "-8":10943.6513671875,
        "-7":9672.3388671875,
        "-6":10564.05859375,
        "-5":9217.8857421875,
        "-4":11111.0244140625,
        "-3":7648.9614257812,
        "-2":10239.15625,
        "-1":13343.9716796875,
        "0":10381.9443359375,
        "1":11348.5859375,
        "2":11366.3212890625,
        "3":11152.185546875,
        "4":6464.7275390625,
        "5":8610.763671875,
        "6":11477.970703125,
        "7":9041.1279296875,
        "8":10073.7587890625,
        "9":11054.3349609375,
        "10":13829.26171875,
        "11":11325.330078125,
        "12":9051.6767578125,
        "13":12324.7236328125,
        "14":9769.3046875,
        "15":12374.41015625,
        "16":9465.7138671875,
        "17":9352.4853515625,
        "18":13223.607421875,
        "19":12083.1142578125,
        "20":10355.5400390625,
        "21":8999.4599609375,
        "22":8593.55078125,
        "23":9732.0673828125,
        "24":11466.748046875,
        "25":8864.951171875,
        "26":7523.369140625,
        "27":9164.080078125,
        "28":13745.09375,
        "29":10736.3974609375,
        "30":9293.2265625,
        "31":11167.998046875,
        "32":10433.1953125,
        "33":7487.0795898438,
        "34":9436.8330078125,
        "35":10354.0625,
        "36":9639.7509765625,
        "37":7303.322265625,
        "38":8502.0703125,
        "39":11600.5888671875,
        "40":9363.138671875,
        "41":8795.7978515625,
        "42":7217.0961914062,
        "43":8634.7431640625,
        "44":10396.4931640625,
        "45":10902.4033203125,
        "46":11418.8291015625,
        "47":12593.4208984375,
        "48":10326.0048828125,
        "49":12003.1953125
    },
    "std":{
        "-30":2099.3146972656,
        "-29":1585.6904296875,
        "-28":1392.5367431641,
        "-27":1685.5925292969,
        "-26":1671.0834960938,
        "-25":1647.4663085938,
        "-24":1589.7253417969,
        "-23":1326.6282958984,
        "-22":1461.08984375,
        "-21":1904.9497070312,
        "-20":2163.1694335938,
        "-19":1511.1444091797,
        "-18":1461.1302490234,
        "-17":1669.5999755859,
        "-16":1389.4575195312,
        "-15":1562.9346923828,
        "-14":1346.3118896484,
        "-13":1940.4505615234,
        "-12":1243.5119628906,
        "-11":1534.8341064453,
        "-10":1385.5046386719,
        "-9":1690.7045898438,
        "-8":1901.1864013672,
        "-7":1706.2742919922,
        "-6":1504.0463867188,
        "-5":1611.8110351562,
        "-4":1498.3192138672,
        "-3":1828.3176269531,
        "-2":1551.4188232422,
        "-1":1731.4564208984,
        "0":1884.5093994141,
        "1":1793.4055175781,
        "2":1822.5129394531,
        "3":1575.6936035156,
        "4":1391.2983398438,
        "5":1549.8233642578,
        "6":1948.2021484375,
        "7":1547.5349121094,
        "8":1303.5904541016,
        "9":1723.9848632812,
        "10":1754.2214355469,
        "11":1821.6373291016,
        "12":1746.1002197266,
        "13":1425.0556640625,
        "14":1777.8863525391,
        "15":1197.6617431641,
        "16":1997.8643798828,
        "17":1751.9614257812,
        "18":1733.8011474609,
        "19":2374.1076660156,
        "20":1994.6945800781,
        "21":1345.9383544922,
        "22":1507.96875,
        "23":1771.2020263672,
        "24":1864.2703857422,
        "25":1488.7596435547,
        "26":1360.3625488281,
        "27":1925.6081542969,
        "28":1679.8280029297,
        "29":1921.1744384766,
        "30":1573.2489013672,
        "31":1274.1605224609,
        "32":1349.9289550781,
        "33":1460.9678955078,
        "34":1445.3857421875,
        "35":1542.1080322266,
        "36":1255.6060791016,
        "37":1224.951171875,
        "38":1177.8669433594,
        "39":1628.5592041016,
        "40":1517.6027832031,
        "41":1753.0307617188,
        "42":1454.0997314453,
        "43":1678.3458251953,
        "44":1361.7619628906,
        "45":1564.9417724609,
        "46":1467.1735839844,
        "47":2378.1616210938,
        "48":1700.1796875,
        "49":1347.4771728516
    }
}