{
    "data":{
        "-30":37320.109375,
        "-29":39319.98046875,
        "-28":39988.859375,
        "-27":39037.90234375,
        "-26":38207.828125,
        "-25":40420.53515625,
        "-24":38424.23828125,
        "-23":38040.1953125,
        "-22":33807.66796875,
        "-21":35635.32421875,
        "-20":35893.26171875,
        "-19":35645.7421875,
        "-18":36760.4765625,
        "-17":36927.0078125,
        "-16":41452.80078125,
        "-15":37084.51953125,
        "-14":39114.48046875,
        "-13":39810.05078125,
        "-12":39345.54296875,
        "-11":40611.23828125,
        "-10":43324.41015625,
        "-9":38965.26953125,
        "-8":44287.1328125,
        "-7":42903.3671875,
        "-6":43640.51953125,
        "-5":40325.8984375,
        "-4":39416.24609375,
        "-3":38696.83203125,
        "-2":36320.5546875,
        "-1":36445.33984375,
        "0":39088.9296875,
        "1":39463.83203125,
        "2":34405.9375,
        "3":42165.9765625,
        "4":38284.98046875,
        "5":38038.0546875,
        "6":43311.4375,
        "7":40388.54296875,
        "8":40873.203125,
        "9":40856.5234375,
        "10":37892.1171875,
        "11":37812.4921875,
        "12":39033.4375,
        "13":40710.29296875,
        "14":41010.328125,
        "15":41584.921875,
        "16":37745.6953125,
        "17":35751.4140625,
        "18":35856.03515625,
        "19":41137.40625,
        "20":37834.26171875,
        "21":36565.1875,
        "22":37704.61328125,
        "23":39729.3984375,
        "24":40028.3671875,
        "25":40820.4609375,
        "26":39804.2109375,
        "27":38507.03125,
        "28":36186.31640625,
        "29":36661.90625,
        "30":40089.87890625,
        "31":35222.7578125,
        "32":37003.67578125,
        "33":39289.5546875,
        "34":40642.18359375,
        "35":38818.46875,
        "36":33906.76171875,
        "37":39121.90234375,
        "38":40624.25390625,
        "39":40149.56640625,
        "40":37054.0703125,
        "41":37368.39453125,
        "42":43507.6640625,
        "43":36213.83203125,
        "44":39576.8984375,
        "45":34009.03515625,
        "46":34184.3203125,
        "47":35192.45703125,
        "48":38749.75390625,
        "49":40904.17578125
    },
    "std":{
        "-30":12139.1943359375,
        "-29":12269.453125,
        "-28":12557.7978515625,
        "-27":13462.427734375,
        "-26":12095.14453125,
        "-25":11374.9423828125,
        "-24":12995.361328125,
        "-23":12085.0126953125,
        "-22":12173.78125,
        "-21":12378.5537109375,
        "-20":11160.2255859375,
        "-19":12425.623046875,
        "-18":12412.4833984375,
        "-17":11680.333984375,
        "-16":12972.404296875,
        "-15":11601.875,
        "-14":12157.7724609375,
        "-13":12513.3017578125,
        "-12":11699.24609375,
        "-11":12297.05078125,
        "-10":11210.1044921875,
        "-9":11451.7470703125,
        "-8":12024.8369140625,
        "-7":11848.017578125,
        "-6":11976.40234375,
        "-5":11524.6201171875,
        "-4":12149.0478515625,
        "-3":12502.6416015625,
        "-2":10616.3857421875,
        "-1":11651.099609375,
        "0":12301.98828125,
        "1":11886.91015625,
        "2":10762.1357421875,
        "3":12185.890625,
        "4":12477.890625,
        "5":12640.47265625,
        "6":12105.2802734375,
        "7":11196.81640625,
        "8":12475.6015625,
        "9":11975.2900390625,
        "10":11681.013671875,
        "11":10886.4150390625,
        "12":10652.166015625,
        "13":12085.982421875,
        "14":12023.7265625,
        "15":11636.6572265625,
        "16":11602.689453125,
        "17":10218.7529296875,
        "18":12144.20703125,
        "19":12391.7138671875,
        "20":11575.5078125,
        "21":11483.19921875,
        "22":11516.3564453125,
        "23":12353.865234375,
        "24":12814.837890625,
        "25":12009.0146484375,
        "26":11702.8720703125,
        "27":11532.455078125,
        "28":12460.2080078125,
        "29":11938.3271484375,
        "30":12249.4609375,
        "31":12492.892578125,
        "32":11587.4248046875,
        "33":12826.294921875,
        "34":11992.7568359375,
        "35":11077.609375,
        "36":12154.1787109375,
        "37":11176.025390625,
        "38":12930.6083984375,
        "39":13443.7646484375,
        "40":11779.7666015625,
        "41":12715.9873046875,
        "42":11978.259765625,
        "43":12055.080078125,
        "44":12512.966796875,
        "45":11325.759765625,
        "46":12493.7265625,
        "47":11673.9326171875,
        "48":12035.8076171875,
        "49":12520.423828125
    }
}