{
    "data":{
        "-30":9952.1201171875,
        "-29":8896.9931640625,
        "-28":7114.70703125,
        "-27":8148.56640625,
        "-26":11064.1669921875,
        "-25":11993.3642578125,
        "-24":10672.998046875,
        "-23":11315.904296875,
        "-22":12162.2919921875,
        "-21":11565.1484375,
        "-20":13009.1923828125,
        "-19":14945.51171875,
        "-18":12331.5576171875,
        "-17":12801.126953125,
        "-16":14415.8291015625,
        "-15":15892.951171875,
        "-14":13817.0400390625,
        "-13":13156.974609375,
        "-12":12538.474609375,
        "-11":12598.4609375,
        "-10":13990.630859375,
        "-9":15115.138671875,
        "-8":12183.0986328125,
        "-7":13210.931640625,
        "-6":13416.26953125,
        "-5":14113.26171875,
        "-4":12499.4580078125,
        "-3":12414.2001953125,
        "-2":13338.4326171875,
        "-1":12153.12109375,
        "0":12876.650390625,
        "1":9828.6005859375,
        "2":10097.013671875,
        "3":12475.8740234375,
        "4":11822.1328125,
        "5":9619.71875,
        "6":10347.6630859375,
        "7":9438.0458984375,
        "8":8983.0869140625,
        "9":8365.1591796875,
        "10":8524.3828125,
        "11":8800.0,
        "12":9948.7958984375,
        "13":10288.4228515625,
        "14":9548.451171875,
        "15":9854.169921875,
        "16":9178.056640625,
        "17":6899.2587890625,
        "18":8929.0048828125,
        "19":7718.296875,
        "20":6928.7915039062,
        "21":8891.0078125,
        "22":10246.3115234375,
        "23":9387.8798828125,
        "24":9733.392578125,
        "25":9534.8212890625,
        "26":10048.01171875,
        "27":8030.8271484375,
        "28":10014.373046875,
        "29":9303.830078125,
        "30":9083.33203125,
        "31":8588.26953125,
        "32":8321.2998046875,
        "33":10110.033203125,
        "34":9791.4287109375,
        "35":8558.8330078125,
        "36":10294.0068359375,
        "37":9170.689453125,
        "38":9369.1474609375,
        "39":7040.697265625,
        "40":10138.84375,
        "41":9722.529296875,
        "42":8789.9765625,
        "43":9675.552734375,
        "44":8801.966796875,
        "45":10884.013671875,
        "46":8864.212890625,
        "47":9803.4501953125,
        "48":9203.166015625,
        "49":6656.1430664062
    },
    "std":{
        "-30":1353.6124267578,
        "-29":1452.9748535156,
        "-28":1431.7651367188,
        "-27":1621.9794921875,
        "-26":2131.5939941406,
        "-25":2406.5461425781,
        "-24":2190.2546386719,
        "-23":2582.8610839844,
        "-22":2889.4111328125,
        "-21":3120.6567382812,
        "-20":3140.3134765625,
        "-19":3904.3059082031,
        "-18":3349.9404296875,
        "-17":3831.3642578125,
        "-16":4071.2097167969,
        "-15":3597.4765625,
        "-14":3785.1188964844,
        "-13":3677.7712402344,
        "-12":4085.208984375,
        "-11":4053.7919921875,
        "-10":3899.6904296875,
        "-9":4187.7622070312,
        "-8":4089.3315429688,
        "-7":4296.6586914062,
        "-6":3713.2453613281,
        "-5":4726.103515625,
        "-4":3437.1274414062,
        "-3":4140.51953125,
        "-2":3606.7631835938,
        "-1":2883.2263183594,
        "0":3611.5546875,
        "1":3072.1384277344,
        "2":2869.4750976562,
        "3":2526.1467285156,
        "4":2719.5151367188,
        "5":2322.7673339844,
        "6":1975.1575927734,
        "7":2630.1579589844,
        "8":2020.447265625,
        "9":1735.4907226562,
        "10":1796.7139892578,
        "11":1992.5623779297,
        "12":1819.5480957031,
        "13":1669.4898681641,
        "14":1827.087890625,
        "15":1661.0600585938,
        "16":1168.0208740234,
        "17":1410.5322265625,
        "18":970.3637084961,
        "19":1261.8260498047,
        "20":1413.4620361328,
        "21":1303.5677490234,
        "22":1618.2103271484,
        "23":2408.9777832031,
        "24":1982.1929931641,
        "25":1929.6943359375,
        "26":2314.5539550781,
        "27":2041.48046875,
        "28":2560.0397949219,
        "29":2464.5803222656,
        "30":2510.9211425781,
        "31":2525.6291503906,
        "32":2536.4118652344,
        "33":2438.689453125,
        "34":2635.4812011719,
        "35":2164.0739746094,
        "36":2144.517578125,
        "37":2266.9636230469,
        "38":2339.1262207031,
        "39":1963.2584228516,
        "40":2101.5576171875,
        "41":1797.8961181641,
        "42":1494.6461181641,
        "43":1823.1147460938,
        "44":1261.3513183594,
        "45":1217.2381591797,
        "46":1177.1839599609,
        "47":1229.6058349609,
        "48":1611.1352539062,
        "49":1254.1121826172
    }
}