{
    "data":{
        "-30":12555.267578125,
        "-29":12881.841796875,
        "-28":10748.1826171875,
        "-27":10669.560546875,
        "-26":10576.4609375,
        "-25":12633.8408203125,
        "-24":14626.0595703125,
        "-23":14533.751953125,
        "-22":11511.6142578125,
        "-21":11769.5537109375,
        "-20":13958.2216796875,
        "-19":12258.9072265625,
        "-18":12726.3701171875,
        "-17":11923.2265625,
        "-16":13123.51953125,
        "-15":12324.169921875,
        "-14":10849.126953125,
        "-13":13598.3173828125,
        "-12":11797.501953125,
        "-11":11480.7021484375,
        "-10":10772.615234375,
        "-9":14327.5654296875,
        "-8":14370.611328125,
        "-7":12786.7607421875,
        "-6":13892.658203125,
        "-5":13738.2099609375,
        "-4":14137.2216796875,
        "-3":11229.91015625,
        "-2":13908.4951171875,
        "-1":11753.736328125,
        "0":12094.568359375,
        "1":13220.2705078125,
        "2":13889.375,
        "3":14662.08203125,
        "4":11883.9736328125,
        "5":15916.5263671875,
        "6":14562.267578125,
        "7":12412.0078125,
        "8":13115.392578125,
        "9":15698.5908203125,
        "10":11604.380859375,
        "11":11923.2685546875,
        "12":15524.119140625,
        "13":14397.763671875,
        "14":13450.611328125,
        "15":11639.7373046875,
        "16":14194.9453125,
        "17":12757.994140625,
        "18":14358.6103515625,
        "19":14636.9658203125,
        "20":14463.095703125,
        "21":13746.423828125,
        "22":14584.8232421875,
        "23":11483.54296875,
        "24":14632.013671875,
        "25":14128.267578125,
        "26":15284.423828125,
        "27":14750.1650390625,
        "28":11773.048828125,
        "29":14872.685546875,
        "30":11595.080078125,
        "31":12222.4140625,
        "32":12390.1962890625,
        "33":10719.7880859375,
        "34":14603.7265625,
        "35":13880.205078125,
        "36":12873.232421875,
        "37":15544.767578125,
        "38":13359.2470703125,
        "39":10329.60546875,
        "40":14202.4345703125,
        "41":12739.2080078125,
        "42":14320.2578125,
        "43":11115.4033203125,
        "44":13351.3349609375,
        "45":12366.306640625,
        "46":15090.994140625,
        "47":12706.6396484375,
        "48":12554.69921875,
        "49":10887.357421875
    },
    "std":{
        "-30":4103.60546875,
        "-29":3599.0185546875,
        "-28":3399.7541503906,
        "-27":3966.3125,
        "-26":4508.9404296875,
        "-25":3779.3122558594,
        "-24":4257.1606445312,
        "-23":4071.1926269531,
        "-22":3678.45703125,
        "-21":3880.0993652344,
        "-20":4110.5654296875,
        "-19":4234.6772460938,
        "-18":3943.3676757812,
        "-17":3500.2260742188,
        "-16":4257.6958007812,
        "-15":3970.0063476562,
        "-14":3341.9489746094,
        "-13":3489.609375,
        "-12":3469.4064941406,
        "-11":2879.0456542969,
        "-10":3303.8342285156,
        "-9":3500.6015625,
        "-8":3565.9270019531,
        "-7":2983.5654296875,
        "-6":3367.5886230469,
        "-5":3515.7485351562,
        "-4":2939.2678222656,
        "-3":2491.2453613281,
        "-2":3573.4123535156,
        "-1":2494.3359375,
        "0":3058.5573730469,
        "1":2439.6918945312,
        "2":2356.810546875,
        "3":2973.5087890625,
        "4":2292.6337890625,
        "5":2319.462890625,
        "6":2910.5231933594,
        "7":2570.2404785156,
        "8":3074.2180175781,
        "9":3459.9248046875,
        "10":3657.0061035156,
        "11":2639.7307128906,
        "12":3362.0886230469,
        "13":2899.8522949219,
        "14":2688.9787597656,
        "15":2907.4887695312,
        "16":3280.251953125,
        "17":3098.0559082031,
        "18":3721.4401855469,
        "19":3206.7236328125,
        "20":2894.8715820312,
        "21":3724.3151855469,
        "22":4498.4506835938,
        "23":3950.3063964844,
        "24":3822.4702148438,
        "25":3398.9936523438,
        "26":4069.9621582031,
        "27":3241.6904296875,
        "28":4070.9057617188,
        "29":3408.3718261719,
        "30":3756.4035644531,
        "31":3750.0278320312,
        "32":3825.2661132812,
        "33":3150.5864257812,
        "34":3395.74609375,
        "35":3439.1457519531,
        "36":3580.9213867188,
        "37":3588.3334960938,
        "38":3590.9565429688,
        "39":3845.7160644531,
        "40":3699.6271972656,
        "41":3708.7658691406,
        "42":3969.4501953125,
        "43":3919.326171875,
        "44":4163.2124023438,
        "45":3450.7094726562,
        "46":3670.2551269531,
        "47":4100.8432617188,
        "48":3417.7373046875,
        "49":3439.8393554688
    }
}