{
    "data":{
        "-30":15656.48828125,
        "-29":17033.341796875,
        "-28":12900.080078125,
        "-27":15669.9765625,
        "-26":15173.95703125,
        "-25":15376.7646484375,
        "-24":14566.173828125,
        "-23":15995.6083984375,
        "-22":16254.861328125,
        "-21":14931.3662109375,
        "-20":15963.5419921875,
        "-19":16702.947265625,
        "-18":17362.951171875,
        "-17":13332.6728515625,
        "-16":15805.76171875,
        "-15":15406.498046875,
        "-14":14599.625,
        "-13":15790.1015625,
        "-12":16435.62890625,
        "-11":13747.935546875,
        "-10":16866.880859375,
        "-9":16672.275390625,
        "-8":17210.57421875,
        "-7":13395.994140625,
        "-6":15086.91796875,
        "-5":15382.595703125,
        "-4":13860.19921875,
        "-3":13257.9326171875,
        "-2":15975.107421875,
        "-1":14783.64453125,
        "0":13222.94921875,
        "1":14763.2041015625,
        "2":15102.619140625,
        "3":11852.8544921875,
        "4":15306.2099609375,
        "5":13486.9296875,
        "6":13246.375,
        "7":13735.962890625,
        "8":13954.193359375,
        "9":12916.64453125,
        "10":11605.3955078125,
        "11":11285.8359375,
        "12":12026.6875,
        "13":13247.142578125,
        "14":11472.0615234375,
        "15":11976.5546875,
        "16":10317.9296875,
        "17":11101.8779296875,
        "18":14246.767578125,
        "19":10508.66796875,
        "20":11214.58203125,
        "21":12102.0517578125,
        "22":13201.33203125,
        "23":10108.505859375,
        "24":12888.5986328125,
        "25":14828.63671875,
        "26":11318.939453125,
        "27":12790.3662109375,
        "28":12287.5673828125,
        "29":14166.5576171875,
        "30":14422.861328125,
        "31":13014.8974609375,
        "32":14231.5673828125,
        "33":10649.4384765625,
        "34":13329.919921875,
        "35":14205.279296875,
        "36":13883.6279296875,
        "37":14721.900390625,
        "38":12996.33203125,
        "39":13996.875,
        "40":13660.0048828125,
        "41":15292.1728515625,
        "42":16023.29296875,
        "43":11451.6181640625,
        "44":12851.6083984375,
        "45":13784.6796875,
        "46":16050.8125,
        "47":16768.66015625,
        "48":15277.8330078125,
        "49":14452.6728515625
    },
    "std":{
        "-30":3339.3039550781,
        "-29":4199.87890625,
        "-28":3865.4262695312,
        "-27":3702.0361328125,
        "-26":3687.0634765625,
        "-25":3492.2548828125,
        "-24":3114.83984375,
        "-23":3287.32421875,
        "-22":3545.7631835938,
        "-21":3679.4736328125,
        "-20":3428.9990234375,
        "-19":3695.0034179688,
        "-18":3446.734375,
        "-17":2629.3195800781,
        "-16":3305.5102539062,
        "-15":2937.9047851562,
        "-14":2414.6455078125,
        "-13":2843.3120117188,
        "-12":2431.4104003906,
        "-11":2870.4311523438,
        "-10":2931.0964355469,
        "-9":3383.6586914062,
        "-8":2552.9848632812,
        "-7":2115.0246582031,
        "-6":2666.4294433594,
        "-5":2346.720703125,
        "-4":2615.9328613281,
        "-3":2613.9282226562,
        "-2":2844.443359375,
        "-1":2761.2556152344,
        "0":2899.9912109375,
        "1":2674.4501953125,
        "2":3108.0087890625,
        "3":2432.7517089844,
        "4":2489.4604492188,
        "5":2412.9934082031,
        "6":1663.1832275391,
        "7":2856.8884277344,
        "8":2381.0681152344,
        "9":2124.9130859375,
        "10":2105.9372558594,
        "11":1720.3856201172,
        "12":2395.2094726562,
        "13":1921.4630126953,
        "14":2368.4421386719,
        "15":1930.751953125,
        "16":1696.8698730469,
        "17":2057.9790039062,
        "18":2031.3244628906,
        "19":2115.1865234375,
        "20":2206.0642089844,
        "21":1985.4566650391,
        "22":2510.3764648438,
        "23":1904.4207763672,
        "24":2427.3400878906,
        "25":1839.5454101562,
        "26":2481.078125,
        "27":2020.8205566406,
        "28":1887.4135742188,
        "29":2545.9929199219,
        "30":2562.5876464844,
        "31":2537.091796875,
        "32":1825.0192871094,
        "33":2417.80078125,
        "34":2451.7702636719,
        "35":2402.107421875,
        "36":2310.1059570312,
        "37":2823.2016601562,
        "38":2587.5393066406,
        "39":2548.5725097656,
        "40":1840.0048828125,
        "41":1808.91015625,
        "42":2257.6645507812,
        "43":2115.4873046875,
        "44":2523.5598144531,
        "45":2869.4689941406,
        "46":4011.1574707031,
        "47":3704.8364257812,
        "48":4266.9692382812,
        "49":3851.4016113281
    }
}