{
    "data":{
        "-30":11864.1669921875,
        "-29":13376.001953125,
        "-28":11204.3740234375,
        "-27":9264.0400390625,
        "-26":12979.3212890625,
        "-25":10336.0615234375,
        "-24":10405.92578125,
        "-23":12300.3310546875,
        "-22":11673.099609375,
        "-21":13409.193359375,
        "-20":14623.6142578125,
        "-19":11170.2578125,
        "-18":9964.7568359375,
        "-17":11682.9794921875,
        "-16":11381.5546875,
        "-15":13700.0732421875,
        "-14":13132.2783203125,
        "-13":12645.4296875,
        "-12":9945.9443359375,
        "-11":10132.6650390625,
        "-10":12285.7451171875,
        "-9":8944.916015625,
        "-8":11124.7353515625,
        "-7":9876.64453125,
        "-6":11137.7861328125,
        "-5":13892.1640625,
        "-4":11508.3486328125,
        "-3":12304.53515625,
        "-2":12395.05859375,
        "-1":9208.908203125,
        "0":10703.0947265625,
        "1":15156.8330078125,
        "2":11544.2080078125,
        "3":11717.115234375,
        "4":13263.443359375,
        "5":10224.4453125,
        "6":12250.4208984375,
        "7":14980.0478515625,
        "8":14035.3037109375,
        "9":12679.994140625,
        "10":11930.455078125,
        "11":10592.3037109375,
        "12":12715.1904296875,
        "13":12317.9384765625,
        "14":13515.923828125,
        "15":13682.025390625,
        "16":10889.8388671875,
        "17":10662.4423828125,
        "18":12415.919921875,
        "19":10916.3916015625,
        "20":12073.48828125,
        "21":12320.236328125,
        "22":14696.7421875,
        "23":11679.0537109375,
        "24":10246.365234375,
        "25":9347.875,
        "26":12034.0625,
        "27":10439.05859375,
        "28":9980.572265625,
        "29":12695.3583984375,
        "30":10174.27734375,
        "31":10413.6298828125,
        "32":9983.515625,
        "33":12021.7412109375,
        "34":9216.205078125,
        "35":11509.3740234375,
        "36":11255.0927734375,
        "37":11441.431640625,
        "38":11341.09765625,
        "39":11747.71875,
        "40":13335.4267578125,
        "41":10898.4326171875,
        "42":11720.671875,
        "43":9823.3369140625,
        "44":10371.064453125,
        "45":13116.2958984375,
        "46":9276.8544921875,
        "47":11948.48828125,
        "48":10379.90625,
        "49":12162.052734375
    },
    "std":{
        "-30":2318.8530273438,
        "-29":2228.0107421875,
        "-28":2592.0974121094,
        "-27":2505.5114746094,
        "-26":2359.5202636719,
        "-25":2179.6076660156,
        "-24":2232.8129882812,
        "-23":2435.1359863281,
        "-22":2725.3898925781,
        "-21":2364.9331054688,
        "-20":2513.958984375,
        "-19":2627.5832519531,
        "-18":2419.0583496094,
        "-17":2167.4645996094,
        "-16":1799.6812744141,
        "-15":2227.7355957031,
        "-14":2066.2780761719,
        "-13":2261.4919433594,
        "-12":2256.7160644531,
        "-11":2054.5373535156,
        "-10":2274.4763183594,
        "-9":1675.9624023438,
        "-8":2203.3840332031,
        "-7":1936.9505615234,
        "-6":2505.9194335938,
        "-5":1641.8343505859,
        "-4":2133.8229980469,
        "-3":2375.3088378906,
        "-2":2127.5900878906,
        "-1":1860.6569824219,
        "0":2471.6782226562,
        "1":2669.6125488281,
        "2":2363.02734375,
        "3":2305.5795898438,
        "4":2139.6857910156,
        "5":2709.0078125,
        "6":2559.5561523438,
        "7":2310.7841796875,
        "8":2611.4409179688,
        "9":3022.1491699219,
        "10":2687.2604980469,
        "11":2369.8654785156,
        "12":2954.4729003906,
        "13":2994.6970214844,
        "14":2489.2028808594,
        "15":2412.4108886719,
        "16":2727.3266601562,
        "17":2655.5607910156,
        "18":2692.0805664062,
        "19":2610.7570800781,
        "20":2416.8208007812,
        "21":2414.6467285156,
        "22":2394.9094238281,
        "23":2389.4790039062,
        "24":2130.6743164062,
        "25":2105.8425292969,
        "26":2959.2673339844,
        "27":2949.1665039062,
        "28":2197.3327636719,
        "29":3121.4409179688,
        "30":2300.9572753906,
        "31":2312.8525390625,
        "32":1980.8353271484,
        "33":2406.6350097656,
        "34":2867.9572753906,
        "35":2648.7863769531,
        "36":2396.041015625,
        "37":2902.1560058594,
        "38":2246.6538085938,
        "39":1925.1507568359,
        "40":2771.4890136719,
        "41":2394.896484375,
        "42":2939.8491210938,
        "43":2164.0700683594,
        "44":2978.4323730469,
        "45":2973.7509765625,
        "46":2195.2136230469,
        "47":2165.4345703125,
        "48":2084.345703125,
        "49":2539.5346679688
    }
}