{
    "data":{
        "-30":15891.8486328125,
        "-29":14043.216796875,
        "-28":13970.7958984375,
        "-27":12678.46875,
        "-26":16248.501953125,
        "-25":15004.5712890625,
        "-24":17442.453125,
        "-23":15253.630859375,
        "-22":15074.5537109375,
        "-21":17622.90234375,
        "-20":16068.0966796875,
        "-19":17739.41015625,
        "-18":14158.2138671875,
        "-17":14795.1640625,
        "-16":16168.7236328125,
        "-15":16147.0859375,
        "-14":15663.5107421875,
        "-13":15770.8330078125,
        "-12":16495.01171875,
        "-11":17359.77734375,
        "-10":12215.64453125,
        "-9":15445.6513671875,
        "-8":17457.28515625,
        "-7":14441.98046875,
        "-6":14766.3330078125,
        "-5":15481.0341796875,
        "-4":17740.73828125,
        "-3":15703.07421875,
        "-2":17276.83984375,
        "-1":17571.00390625,
        "0":15009.529296875,
        "1":16576.6328125,
        "2":16345.6875,
        "3":17123.87890625,
        "4":15354.150390625,
        "5":17208.5625,
        "6":15730.32421875,
        "7":18039.126953125,
        "8":17141.392578125,
        "9":16907.84375,
        "10":13780.5966796875,
        "11":15755.2890625,
        "12":15229.0419921875,
        "13":15033.701171875,
        "14":13556.2705078125,
        "15":17527.509765625,
        "16":14847.9091796875,
        "17":16316.83203125,
        "18":12307.37890625,
        "19":14240.517578125,
        "20":17414.943359375,
        "21":13064.162109375,
        "22":15447.7724609375,
        "23":17103.001953125,
        "24":16389.37890625,
        "25":20250.265625,
        "26":11372.9765625,
        "27":15811.07421875,
        "28":16673.568359375,
        "29":15144.154296875,
        "30":14534.880859375,
        "31":13236.923828125,
        "32":16261.5107421875,
        "33":15999.2724609375,
        "34":17909.36328125,
        "35":13494.2529296875,
        "36":14673.9541015625,
        "37":16585.974609375,
        "38":15891.8583984375,
        "39":16622.220703125,
        "40":17856.048828125,
        "41":14841.1640625,
        "42":15511.763671875,
        "43":16468.80078125,
        "44":18485.283203125,
        "45":18308.642578125,
        "46":14150.9169921875,
        "47":14545.119140625,
        "48":11785.1748046875,
        "49":15849.2392578125
    },
    "std":{
        "-30":4917.2534179688,
        "-29":4326.7421875,
        "-28":4585.9916992188,
        "-27":4255.1801757812,
        "-26":4108.3891601562,
        "-25":4848.9125976562,
        "-24":4631.1206054688,
        "-23":5258.1157226562,
        "-22":3010.6452636719,
        "-21":4921.8833007812,
        "-20":4673.8032226562,
        "-19":4625.1450195312,
        "-18":4821.171875,
        "-17":4943.2065429688,
        "-16":4031.6027832031,
        "-15":4339.6333007812,
        "-14":4301.0771484375,
        "-13":4687.2001953125,
        "-12":4692.4306640625,
        "-11":4932.1162109375,
        "-10":2033.2502441406,
        "-9":4062.8049316406,
        "-8":4096.6162109375,
        "-7":3606.5739746094,
        "-6":3625.2055664062,
        "-5":4485.9951171875,
        "-4":4280.5634765625,
        "-3":4112.6684570312,
        "-2":4380.6586914062,
        "-1":4457.197265625,
        "0":3294.0808105469,
        "1":4578.4819335938,
        "2":3635.8811035156,
        "3":3439.1140136719,
        "4":3936.5073242188,
        "5":3949.607421875,
        "6":3508.4289550781,
        "7":3202.8605957031,
        "8":3995.7758789062,
        "9":3054.7021484375,
        "10":3552.9692382812,
        "11":3718.8564453125,
        "12":3659.7934570312,
        "13":3405.9692382812,
        "14":3601.5864257812,
        "15":4379.7895507812,
        "16":4136.0747070312,
        "17":4377.2421875,
        "18":3198.6657714844,
        "19":4143.1435546875,
        "20":4218.2646484375,
        "21":3882.0922851562,
        "22":3727.744140625,
        "23":4539.466796875,
        "24":4728.4291992188,
        "25":4383.6704101562,
        "26":3846.7722167969,
        "27":4064.931640625,
        "28":3393.5859375,
        "29":3958.4614257812,
        "30":4595.0458984375,
        "31":4446.8813476562,
        "32":4463.6171875,
        "33":4861.1806640625,
        "34":4693.71484375,
        "35":4344.8471679688,
        "36":4420.974609375,
        "37":4509.75390625,
        "38":4049.2377929688,
        "39":3825.4682617188,
        "40":4648.689453125,
        "41":3723.6813964844,
        "42":4732.8798828125,
        "43":4521.6811523438,
        "44":4549.5288085938,
        "45":4524.3017578125,
        "46":4556.140625,
        "47":4851.6372070312,
        "48":4196.158203125,
        "49":4704.2202148438
    }
}