{
    "data":{
        "-30":10712.65625,
        "-29":9489.3408203125,
        "-28":12493.294921875,
        "-27":8495.369140625,
        "-26":8592.5859375,
        "-25":10551.955078125,
        "-24":11641.201171875,
        "-23":12068.0400390625,
        "-22":8596.814453125,
        "-21":9102.9462890625,
        "-20":10141.1845703125,
        "-19":11705.8291015625,
        "-18":11600.314453125,
        "-17":12126.1474609375,
        "-16":8809.904296875,
        "-15":10230.294921875,
        "-14":11712.9638671875,
        "-13":11088.2890625,
        "-12":10894.3193359375,
        "-11":11863.4296875,
        "-10":11886.2080078125,
        "-9":13565.6708984375,
        "-8":15019.1201171875,
        "-7":11191.67578125,
        "-6":11448.970703125,
        "-5":11440.7734375,
        "-4":9741.205078125,
        "-3":10745.052734375,
        "-2":10750.16796875,
        "-1":9941.8779296875,
        "0":11427.353515625,
        "1":12423.2138671875,
        "2":11820.544921875,
        "3":12419.103515625,
        "4":10919.6669921875,
        "5":10760.7265625,
        "6":9059.9169921875,
        "7":11731.109375,
        "8":11988.763671875,
        "9":10746.150390625,
        "10":11293.7138671875,
        "11":10114.2021484375,
        "12":8596.876953125,
        "13":9904.6484375,
        "14":8368.1103515625,
        "15":13613.849609375,
        "16":10890.4521484375,
        "17":11690.4453125,
        "18":10328.4638671875,
        "19":10652.580078125,
        "20":11276.7265625,
        "21":11129.3583984375,
        "22":10005.646484375,
        "23":10917.232421875,
        "24":11284.7958984375,
        "25":10769.6181640625,
        "26":9626.4580078125,
        "27":12636.560546875,
        "28":10157.951171875,
        "29":11503.697265625,
        "30":10543.5966796875,
        "31":10457.310546875,
        "32":10649.232421875,
        "33":12784.3095703125,
        "34":13517.748046875,
        "35":11061.5986328125,
        "36":9900.876953125,
        "37":9647.1328125,
        "38":9459.5146484375,
        "39":9466.5546875,
        "40":12320.2900390625,
        "41":11230.38671875,
        "42":10976.3291015625,
        "43":10776.904296875,
        "44":9942.361328125,
        "45":8945.4853515625,
        "46":13286.845703125,
        "47":10502.05078125,
        "48":10262.1044921875,
        "49":10806.2685546875
    },
    "std":{
        "-30":2444.099609375,
        "-29":2386.1247558594,
        "-28":2961.7919921875,
        "-27":3024.4274902344,
        "-26":2680.5673828125,
        "-25":2884.6140136719,
        "-24":3474.0942382812,
        "-23":2551.1801757812,
        "-22":2584.6066894531,
        "-21":1875.1462402344,
        "-20":2611.0952148438,
        "-19":3172.587890625,
        "-18":3128.3095703125,
        "-17":2018.8447265625,
        "-16":2910.5581054688,
        "-15":1691.7717285156,
        "-14":1918.0498046875,
        "-13":2745.6652832031,
        "-12":2569.6374511719,
        "-11":3264.0903320312,
        "-10":2704.3706054688,
        "-9":2900.0944824219,
        "-8":3157.6081542969,
        "-7":2549.708984375,
        "-6":2152.8276367188,
        "-5":2240.052734375,
        "-4":2177.8120117188,
        "-3":1829.6872558594,
        "-2":2468.2033691406,
        "-1":2991.8420410156,
        "0":2034.6713867188,
        "1":2355.8295898438,
        "2":2001.2902832031,
        "3":2244.2231445312,
        "4":2251.1032714844,
        "5":2757.4948730469,
        "6":2432.1379394531,
        "7":2565.7272949219,
        "8":2551.1755371094,
        "9":1857.9442138672,
        "10":2385.1201171875,
        "11":2056.7138671875,
        "12":2047.5513916016,
        "13":2400.9301757812,
        "14":2141.6687011719,
        "15":2797.6535644531,
        "16":2724.8503417969,
        "17":2381.8010253906,
        "18":1920.1494140625,
        "19":2390.0034179688,
        "20":3077.8217773438,
        "21":2983.6193847656,
        "22":2332.4580078125,
        "23":2713.162109375,
        "24":2261.068359375,
        "25":2098.2019042969,
        "26":2352.3041992188,
        "27":2285.0012207031,
        "28":2739.1103515625,
        "29":1940.6303710938,
        "30":1862.5184326172,
        "31":2145.6518554688,
        "32":2884.6379394531,
        "33":3006.7866210938,
        "34":3347.3994140625,
        "35":2978.208984375,
        "36":2788.1499023438,
        "37":2205.8957519531,
        "38":2108.4677734375,
        "39":2643.5170898438,
        "40":3384.4650878906,
        "41":2525.9357910156,
        "42":2988.6442871094,
        "43":2573.3647460938,
        "44":2176.7275390625,
        "45":2199.6716308594,
        "46":3328.67578125,
        "47":2282.3276367188,
        "48":2365.87109375,
        "49":2474.4753417969
    }
}