{
    "data":{
        "-30":23094.294921875,
        "-29":22335.646484375,
        "-28":20533.625,
        "-27":24380.94140625,
        "-26":22391.923828125,
        "-25":22298.90234375,
        "-24":21993.53515625,
        "-23":22331.740234375,
        "-22":23211.046875,
        "-21":22255.865234375,
        "-20":22338.658203125,
        "-19":22480.142578125,
        "-18":21940.966796875,
        "-17":21461.49609375,
        "-16":23599.630859375,
        "-15":20395.453125,
        "-14":22652.19140625,
        "-13":22378.029296875,
        "-12":20305.603515625,
        "-11":22286.796875,
        "-10":21526.029296875,
        "-9":22129.953125,
        "-8":22786.91015625,
        "-7":19491.916015625,
        "-6":22440.337890625,
        "-5":21334.66015625,
        "-4":23680.53515625,
        "-3":23853.802734375,
        "-2":21021.19921875,
        "-1":24303.58984375,
        "0":23974.1328125,
        "1":20089.50390625,
        "2":21098.146484375,
        "3":23971.349609375,
        "4":23972.265625,
        "5":24195.025390625,
        "6":19660.537109375,
        "7":21477.197265625,
        "8":24068.833984375,
        "9":19601.310546875,
        "10":22426.88671875,
        "11":23823.515625,
        "12":24020.099609375,
        "13":23047.0703125,
        "14":20794.37890625,
        "15":21097.474609375,
        "16":22274.28125,
        "17":21361.302734375,
        "18":24345.166015625,
        "19":21476.552734375,
        "20":23417.232421875,
        "21":24172.822265625,
        "22":25841.69921875,
        "23":20805.296875,
        "24":25565.509765625,
        "25":19227.4140625,
        "26":21398.166015625,
        "27":25943.05859375,
        "28":22676.671875,
        "29":24100.224609375,
        "30":22347.033203125,
        "31":23097.650390625,
        "32":23708.58203125,
        "33":23618.00390625,
        "34":22593.107421875,
        "35":23319.203125,
        "36":21150.244140625,
        "37":24337.166015625,
        "38":22690.490234375,
        "39":21329.703125,
        "40":20549.953125,
        "41":21073.13671875,
        "42":23588.140625,
        "43":20218.62890625,
        "44":22465.89453125,
        "45":24166.53515625,
        "46":22173.556640625,
        "47":21981.8515625,
        "48":25455.33984375,
        "49":20292.8828125
    },
    "std":{
        "-30":5493.9150390625,
        "-29":6260.6259765625,
        "-28":6197.30078125,
        "-27":6254.9877929688,
        "-26":6174.966796875,
        "-25":5713.4731445312,
        "-24":5455.19140625,
        "-23":6250.0263671875,
        "-22":6445.81640625,
        "-21":5435.5537109375,
        "-20":6083.9409179688,
        "-19":6706.1958007812,
        "-18":6340.9384765625,
        "-17":5982.8881835938,
        "-16":6158.9682617188,
        "-15":6084.0419921875,
        "-14":6059.8784179688,
        "-13":5995.0341796875,
        "-12":6212.099609375,
        "-11":6319.22265625,
        "-10":5506.1162109375,
        "-9":6778.59375,
        "-8":5935.6435546875,
        "-7":5453.958984375,
        "-6":5808.7314453125,
        "-5":5956.19140625,
        "-4":7016.1782226562,
        "-3":6585.0166015625,
        "-2":5948.2119140625,
        "-1":6626.6591796875,
        "0":7524.8208007812,
        "1":5880.4873046875,
        "2":6117.7080078125,
        "3":6135.3256835938,
        "4":7109.3920898438,
        "5":6451.8735351562,
        "6":5983.4873046875,
        "7":6073.07421875,
        "8":6971.853515625,
        "9":5886.9506835938,
        "10":6193.4155273438,
        "11":6142.134765625,
        "12":6301.5654296875,
        "13":6312.21484375,
        "14":5577.802734375,
        "15":5896.6733398438,
        "16":5601.921875,
        "17":5170.568359375,
        "18":7103.6440429688,
        "19":5993.53515625,
        "20":5638.4428710938,
        "21":6756.4956054688,
        "22":6328.5981445312,
        "23":5953.4174804688,
        "24":6062.1684570312,
        "25":5299.7866210938,
        "26":6201.4711914062,
        "27":6583.33203125,
        "28":5748.6518554688,
        "29":6004.2890625,
        "30":5649.6391601562,
        "31":5544.8989257812,
        "32":6033.44921875,
        "33":6260.8198242188,
        "34":5577.1904296875,
        "35":5884.3637695312,
        "36":6090.8286132812,
        "37":6557.8828125,
        "38":5863.2998046875,
        "39":4876.9990234375,
        "40":6230.98828125,
        "41":5752.5610351562,
        "42":5448.404296875,
        "43":5101.69921875,
        "44":5873.97265625,
        "45":6366.3818359375,
        "46":5624.3725585938,
        "47":5510.5053710938,
        "48":6262.970703125,
        "49":5951.9477539062
    }
}