{
    "data":{
        "-30":13124.2353515625,
        "-29":11859.5703125,
        "-28":12948.173828125,
        "-27":11768.7841796875,
        "-26":12788.482421875,
        "-25":10622.998046875,
        "-24":12340.5947265625,
        "-23":10740.41015625,
        "-22":11454.5283203125,
        "-21":11285.0478515625,
        "-20":9985.1513671875,
        "-19":9705.5263671875,
        "-18":10661.30078125,
        "-17":10530.1298828125,
        "-16":9732.57421875,
        "-15":10626.7607421875,
        "-14":11816.5888671875,
        "-13":11662.6982421875,
        "-12":10359.2138671875,
        "-11":12423.2890625,
        "-10":10389.8798828125,
        "-9":9258.033203125,
        "-8":11209.5322265625,
        "-7":9996.6611328125,
        "-6":11636.6455078125,
        "-5":12123.8076171875,
        "-4":13139.388671875,
        "-3":15288.2705078125,
        "-2":11080.703125,
        "-1":13170.9833984375,
        "0":11530.5703125,
        "1":11501.5576171875,
        "2":12686.283203125,
        "3":12351.2099609375,
        "4":13745.693359375,
        "5":13139.669921875,
        "6":13276.439453125,
        "7":12468.2275390625,
        "8":12850.5478515625,
        "9":13395.6044921875,
        "10":12777.6484375,
        "11":12818.3076171875,
        "12":11920.8740234375,
        "13":12407.4951171875,
        "14":11840.5361328125,
        "15":13954.21875,
        "16":12463.6357421875,
        "17":14046.904296875,
        "18":15052.5576171875,
        "19":13280.2021484375,
        "20":12967.0,
        "21":11120.9765625,
        "22":12408.8037109375,
        "23":10263.6025390625,
        "24":10858.412109375,
        "25":10436.9267578125,
        "26":10767.814453125,
        "27":11043.931640625,
        "28":11384.3046875,
        "29":12384.953125,
        "30":10606.232421875,
        "31":10405.982421875,
        "32":11585.0302734375,
        "33":10264.0703125,
        "34":9831.017578125,
        "35":12208.62109375,
        "36":9928.205078125,
        "37":7002.1943359375,
        "38":11824.2900390625,
        "39":11673.529296875,
        "40":12320.0556640625,
        "41":10608.5361328125,
        "42":9051.857421875,
        "43":12274.306640625,
        "44":10226.302734375,
        "45":11808.4658203125,
        "46":8675.3447265625,
        "47":8880.0732421875,
        "48":10586.9345703125,
        "49":10368.2607421875
    },
    "std":{
        "-30":2887.1735839844,
        "-29":2234.9365234375,
        "-28":3229.6022949219,
        "-27":2085.7390136719,
        "-26":2397.01171875,
        "-25":2582.0217285156,
        "-24":2705.8322753906,
        "-23":2019.2453613281,
        "-22":1776.0177001953,
        "-21":2432.275390625,
        "-20":2315.8845214844,
        "-19":1721.7122802734,
        "-18":1977.3709716797,
        "-17":1835.4197998047,
        "-16":2120.1904296875,
        "-15":2324.4560546875,
        "-14":2223.1728515625,
        "-13":2029.517578125,
        "-12":2677.0688476562,
        "-11":2332.4770507812,
        "-10":2437.3664550781,
        "-9":2112.9455566406,
        "-8":2291.4973144531,
        "-7":2490.6655273438,
        "-6":1970.8934326172,
        "-5":2530.3286132812,
        "-4":2789.2307128906,
        "-3":2745.2336425781,
        "-2":2305.1303710938,
        "-1":2515.9287109375,
        "0":2363.2451171875,
        "1":2843.1013183594,
        "2":2125.2294921875,
        "3":2367.7700195312,
        "4":2678.9306640625,
        "5":2768.3266601562,
        "6":3134.7663574219,
        "7":2243.9367675781,
        "8":2444.9680175781,
        "9":2779.0424804688,
        "10":2492.0705566406,
        "11":2381.6179199219,
        "12":2712.6574707031,
        "13":2259.0197753906,
        "14":2440.9467773438,
        "15":1984.1984863281,
        "16":2046.4892578125,
        "17":2457.1806640625,
        "18":2456.4406738281,
        "19":2168.1206054688,
        "20":2324.0100097656,
        "21":2371.4809570312,
        "22":2526.2824707031,
        "23":2050.1171875,
        "24":2366.3625488281,
        "25":1940.8833007812,
        "26":2559.3896484375,
        "27":1455.3492431641,
        "28":2067.4240722656,
        "29":1817.0261230469,
        "30":1902.9682617188,
        "31":1647.6761474609,
        "32":1655.8452148438,
        "33":2157.1203613281,
        "34":1976.9110107422,
        "35":1756.7932128906,
        "36":1783.6878662109,
        "37":1283.8897705078,
        "38":2302.2097167969,
        "39":2057.7736816406,
        "40":1597.8109130859,
        "41":1958.0902099609,
        "42":1397.505859375,
        "43":1698.6804199219,
        "44":1730.6145019531,
        "45":1633.8233642578,
        "46":1658.0726318359,
        "47":1901.9020996094,
        "48":1457.3763427734,
        "49":1727.2495117188
    }
}