{
    "data":{
        "-30":10165.814453125,
        "-29":9144.0166015625,
        "-28":12049.1416015625,
        "-27":11333.310546875,
        "-26":11236.8271484375,
        "-25":13169.732421875,
        "-24":11040.529296875,
        "-23":9155.1923828125,
        "-22":11330.568359375,
        "-21":10318.3701171875,
        "-20":11855.55859375,
        "-19":8993.07421875,
        "-18":9655.7490234375,
        "-17":9059.412109375,
        "-16":11079.0390625,
        "-15":12299.0830078125,
        "-14":13685.2861328125,
        "-13":9794.369140625,
        "-12":11169.423828125,
        "-11":11827.099609375,
        "-10":11918.34375,
        "-9":10853.5234375,
        "-8":9031.6884765625,
        "-7":11091.064453125,
        "-6":10973.220703125,
        "-5":12305.3740234375,
        "-4":10600.091796875,
        "-3":9871.3095703125,
        "-2":10157.2236328125,
        "-1":10025.1611328125,
        "0":10711.37890625,
        "1":10400.4609375,
        "2":10972.2880859375,
        "3":9592.95703125,
        "4":10375.974609375,
        "5":11444.6611328125,
        "6":11272.599609375,
        "7":12041.0166015625,
        "8":11821.466796875,
        "9":12661.3076171875,
        "10":13777.8896484375,
        "11":11937.056640625,
        "12":13129.4541015625,
        "13":10190.5732421875,
        "14":11313.1484375,
        "15":11795.3359375,
        "16":10448.1650390625,
        "17":12248.4736328125,
        "18":9353.31640625,
        "19":11828.0498046875,
        "20":11473.896484375,
        "21":10260.5654296875,
        "22":8727.001953125,
        "23":12187.189453125,
        "24":10399.5693359375,
        "25":10769.7529296875,
        "26":12712.1904296875,
        "27":8440.9990234375,
        "28":10803.1064453125,
        "29":12756.71875,
        "30":9806.79296875,
        "31":12692.20703125,
        "32":9952.0517578125,
        "33":10203.6640625,
        "34":10174.0498046875,
        "35":10915.9423828125,
        "36":11851.7529296875,
        "37":13494.912109375,
        "38":10764.8662109375,
        "39":11427.1845703125,
        "40":11543.4052734375,
        "41":11720.1953125,
        "42":12545.025390625,
        "43":10082.3857421875,
        "44":9705.66796875,
        "45":15807.7734375,
        "46":11196.6171875,
        "47":10057.11328125,
        "48":9043.9619140625,
        "49":10983.623046875
    },
    "std":{
        "-30":2502.3923339844,
        "-29":2671.1696777344,
        "-28":2763.8076171875,
        "-27":3389.65625,
        "-26":3023.6501464844,
        "-25":2748.1936035156,
        "-24":2220.1892089844,
        "-23":1933.9578857422,
        "-22":2156.8168945312,
        "-21":2732.1291503906,
        "-20":2434.001953125,
        "-19":2294.6208496094,
        "-18":3056.6752929688,
        "-17":3121.6391601562,
        "-16":3359.6745605469,
        "-15":2647.2119140625,
        "-14":2739.333984375,
        "-13":2753.2429199219,
        "-12":2724.3759765625,
        "-11":3011.1518554688,
        "-10":3196.6376953125,
        "-9":2623.0017089844,
        "-8":3208.7761230469,
        "-7":2420.3107910156,
        "-6":3173.3168945312,
        "-5":3004.3527832031,
        "-4":2617.7958984375,
        "-3":2626.4128417969,
        "-2":2339.3767089844,
        "-1":2654.1999511719,
        "0":2483.6352539062,
        "1":2781.4787597656,
        "2":2237.4692382812,
        "3":3534.875,
        "4":3310.978515625,
        "5":2659.8571777344,
        "6":3016.419921875,
        "7":2696.0439453125,
        "8":3385.2170410156,
        "9":3161.9616699219,
        "10":3110.9545898438,
        "11":3254.8588867188,
        "12":3248.3571777344,
        "13":2976.0803222656,
        "14":3151.1337890625,
        "15":3163.619140625,
        "16":2818.6254882812,
        "17":3395.8649902344,
        "18":1931.83984375,
        "19":3381.8676757812,
        "20":3318.306640625,
        "21":3337.5610351562,
        "22":2761.9736328125,
        "23":3571.3083496094,
        "24":2829.115234375,
        "25":3030.080078125,
        "26":2836.3764648438,
        "27":3183.5166015625,
        "28":2896.7824707031,
        "29":3472.3303222656,
        "30":2966.9982910156,
        "31":3133.4943847656,
        "32":3507.3400878906,
        "33":3081.2971191406,
        "34":2631.201171875,
        "35":3188.9501953125,
        "36":3276.8269042969,
        "37":3659.6123046875,
        "38":2992.458984375,
        "39":3177.1687011719,
        "40":2876.3952636719,
        "41":2890.806640625,
        "42":3351.7067871094,
        "43":3239.5671386719,
        "44":2390.0529785156,
        "45":3091.9299316406,
        "46":2663.4008789062,
        "47":2475.2587890625,
        "48":2686.3041992188,
        "49":2832.0161132812
    }
}