{
    "data":{
        "-30":20435.474609375,
        "-29":21103.119140625,
        "-28":17980.728515625,
        "-27":20594.14453125,
        "-26":18165.6953125,
        "-25":18333.3203125,
        "-24":18390.5859375,
        "-23":18382.900390625,
        "-22":19796.4765625,
        "-21":19031.171875,
        "-20":19471.884765625,
        "-19":18787.634765625,
        "-18":21323.05859375,
        "-17":19830.15234375,
        "-16":19717.203125,
        "-15":19663.91015625,
        "-14":18624.41796875,
        "-13":15193.9716796875,
        "-12":17488.740234375,
        "-11":17489.43359375,
        "-10":20537.19140625,
        "-9":18568.69140625,
        "-8":19335.453125,
        "-7":18757.798828125,
        "-6":18370.037109375,
        "-5":17495.48046875,
        "-4":19047.31640625,
        "-3":17906.7421875,
        "-2":20865.595703125,
        "-1":18056.6015625,
        "0":17716.015625,
        "1":18034.03515625,
        "2":20825.77734375,
        "3":16392.765625,
        "4":20022.64453125,
        "5":19579.90625,
        "6":18695.703125,
        "7":16641.8828125,
        "8":18385.71484375,
        "9":17203.818359375,
        "10":17948.841796875,
        "11":16786.326171875,
        "12":16353.2275390625,
        "13":16753.919921875,
        "14":17716.103515625,
        "15":16525.083984375,
        "16":15836.3212890625,
        "17":16209.455078125,
        "18":19716.654296875,
        "19":19043.021484375,
        "20":19380.818359375,
        "21":18022.908203125,
        "22":16692.01953125,
        "23":18579.052734375,
        "24":18717.861328125,
        "25":15435.2236328125,
        "26":17468.873046875,
        "27":18663.265625,
        "28":19063.9453125,
        "29":18148.62890625,
        "30":16178.28125,
        "31":18806.291015625,
        "32":19785.90234375,
        "33":16291.201171875,
        "34":20056.365234375,
        "35":15916.6025390625,
        "36":18894.896484375,
        "37":19519.056640625,
        "38":18369.376953125,
        "39":17749.765625,
        "40":17067.99609375,
        "41":19423.345703125,
        "42":17270.01953125,
        "43":17724.70703125,
        "44":19973.7109375,
        "45":16619.724609375,
        "46":18627.513671875,
        "47":18963.203125,
        "48":17235.49609375,
        "49":16646.896484375
    },
    "std":{
        "-30":4390.962890625,
        "-29":5122.7055664062,
        "-28":4392.671875,
        "-27":4702.7631835938,
        "-26":3656.3837890625,
        "-25":3635.2299804688,
        "-24":4088.3364257812,
        "-23":3640.41015625,
        "-22":4168.50390625,
        "-21":3543.5227050781,
        "-20":4286.38671875,
        "-19":3744.3581542969,
        "-18":4312.7041015625,
        "-17":4429.9375,
        "-16":4017.392578125,
        "-15":4053.0541992188,
        "-14":3747.4233398438,
        "-13":3531.9345703125,
        "-12":4004.5795898438,
        "-11":3624.3654785156,
        "-10":4244.1005859375,
        "-9":4291.3881835938,
        "-8":4269.9995117188,
        "-7":4312.3256835938,
        "-6":3935.5419921875,
        "-5":4020.0998535156,
        "-4":3409.6530761719,
        "-3":3600.0656738281,
        "-2":4420.0913085938,
        "-1":4455.2890625,
        "0":4026.3010253906,
        "1":3959.2004394531,
        "2":4550.8857421875,
        "3":3971.4943847656,
        "4":4209.6772460938,
        "5":4482.27734375,
        "6":4191.92578125,
        "7":3657.1147460938,
        "8":3688.83984375,
        "9":3593.7416992188,
        "10":3331.9860839844,
        "11":3892.7858886719,
        "12":3650.6301269531,
        "13":3647.6770019531,
        "14":3791.3664550781,
        "15":4063.8298339844,
        "16":3769.1662597656,
        "17":3652.4372558594,
        "18":3704.4243164062,
        "19":4218.720703125,
        "20":3885.9636230469,
        "21":4134.8823242188,
        "22":4105.837890625,
        "23":4211.6533203125,
        "24":3660.5615234375,
        "25":3951.2409667969,
        "26":4061.2150878906,
        "27":4241.4829101562,
        "28":4492.4985351562,
        "29":4562.6547851562,
        "30":3392.2958984375,
        "31":4067.8647460938,
        "32":5135.7651367188,
        "33":4123.3271484375,
        "34":4072.6118164062,
        "35":3653.1940917969,
        "36":3769.5229492188,
        "37":4032.9926757812,
        "38":4008.1450195312,
        "39":3663.0769042969,
        "40":3629.3713378906,
        "41":4007.5778808594,
        "42":3576.4526367188,
        "43":3836.6164550781,
        "44":3501.3090820312,
        "45":4184.6528320312,
        "46":3162.2885742188,
        "47":4110.4365234375,
        "48":3933.2678222656,
        "49":4139.9223632812
    }
}