{
    "data":{
        "-30":47285.08203125,
        "-29":47985.80859375,
        "-28":46790.1796875,
        "-27":46650.3359375,
        "-26":45901.4921875,
        "-25":50392.7265625,
        "-24":45862.06640625,
        "-23":43899.20703125,
        "-22":47649.14453125,
        "-21":43537.875,
        "-20":41394.73828125,
        "-19":46052.96875,
        "-18":42622.25,
        "-17":41968.0,
        "-16":47887.76171875,
        "-15":45342.015625,
        "-14":50097.83203125,
        "-13":49028.578125,
        "-12":49633.39453125,
        "-11":48974.65625,
        "-10":49429.80078125,
        "-9":47601.3359375,
        "-8":41929.265625,
        "-7":44481.47265625,
        "-6":44787.73046875,
        "-5":40861.5078125,
        "-4":46089.3984375,
        "-3":41665.58203125,
        "-2":44604.84375,
        "-1":41337.35546875,
        "0":46232.10546875,
        "1":43421.7421875,
        "2":43181.375,
        "3":42622.6796875,
        "4":40941.48046875,
        "5":40582.1015625,
        "6":40146.9921875,
        "7":42338.640625,
        "8":41498.03125,
        "9":41000.83984375,
        "10":40128.5390625,
        "11":43709.73046875,
        "12":43315.69921875,
        "13":39171.10546875,
        "14":43655.63671875,
        "15":40985.6484375,
        "16":40235.64453125,
        "17":46808.7890625,
        "18":39382.59765625,
        "19":47241.90234375,
        "20":45827.67578125,
        "21":43712.51953125,
        "22":46265.2578125,
        "23":47082.6171875,
        "24":47125.24609375,
        "25":44703.21875,
        "26":46457.66015625,
        "27":48394.57421875,
        "28":45016.9921875,
        "29":43540.15234375,
        "30":46886.23046875,
        "31":43383.01953125,
        "32":46934.6953125,
        "33":46344.51953125,
        "34":48216.83203125,
        "35":46473.21484375,
        "36":43671.89453125,
        "37":45927.75,
        "38":42513.11328125,
        "39":46570.82421875,
        "40":47872.625,
        "41":43349.6953125,
        "42":49375.015625,
        "43":44472.4765625,
        "44":45523.1328125,
        "45":46450.625,
        "46":43801.4296875,
        "47":46086.8203125,
        "48":47467.57421875,
        "49":46676.01171875
    },
    "std":{
        "-30":15266.7451171875,
        "-29":15239.046875,
        "-28":15313.146484375,
        "-27":14401.615234375,
        "-26":15115.400390625,
        "-25":14725.2080078125,
        "-24":13838.77734375,
        "-23":14302.658203125,
        "-22":13804.11328125,
        "-21":15303.7451171875,
        "-20":13518.427734375,
        "-19":13708.505859375,
        "-18":14681.041015625,
        "-17":13978.791015625,
        "-16":14350.1875,
        "-15":14321.5595703125,
        "-14":14221.494140625,
        "-13":14716.1279296875,
        "-12":15026.69140625,
        "-11":14794.2314453125,
        "-10":15271.951171875,
        "-9":14685.5517578125,
        "-8":12112.005859375,
        "-7":14277.0107421875,
        "-6":13390.6328125,
        "-5":12440.3076171875,
        "-4":14994.4189453125,
        "-3":12576.13671875,
        "-2":13536.01953125,
        "-1":13455.6552734375,
        "0":13257.1884765625,
        "1":12534.2119140625,
        "2":13275.119140625,
        "3":12927.0673828125,
        "4":12616.2587890625,
        "5":12368.4599609375,
        "6":12506.640625,
        "7":12231.771484375,
        "8":12099.84765625,
        "9":12774.6552734375,
        "10":11359.17578125,
        "11":13493.3291015625,
        "12":12605.7265625,
        "13":12626.2529296875,
        "14":14071.7236328125,
        "15":12137.16015625,
        "16":13323.74609375,
        "17":14327.61328125,
        "18":12799.9814453125,
        "19":14347.7646484375,
        "20":13823.3955078125,
        "21":14086.4990234375,
        "22":15302.2119140625,
        "23":14995.255859375,
        "24":14182.2607421875,
        "25":15706.9345703125,
        "26":14395.353515625,
        "27":15053.259765625,
        "28":15061.931640625,
        "29":14064.2060546875,
        "30":15176.630859375,
        "31":14883.5283203125,
        "32":14683.7568359375,
        "33":14950.740234375,
        "34":15411.3876953125,
        "35":15670.107421875,
        "36":14638.759765625,
        "37":15685.5615234375,
        "38":14434.001953125,
        "39":15577.6591796875,
        "40":15981.783203125,
        "41":15105.693359375,
        "42":15383.1044921875,
        "43":14610.357421875,
        "44":15187.96484375,
        "45":15534.482421875,
        "46":15800.4599609375,
        "47":15410.912109375,
        "48":15594.1298828125,
        "49":15188.556640625
    }
}