{
    "data":{
        "-30":10494.638671875,
        "-29":9660.4697265625,
        "-28":11841.720703125,
        "-27":10487.2236328125,
        "-26":11228.8203125,
        "-25":12154.0439453125,
        "-24":9838.1650390625,
        "-23":9741.1845703125,
        "-22":11499.763671875,
        "-21":9713.1923828125,
        "-20":9471.9111328125,
        "-19":10986.001953125,
        "-18":13341.818359375,
        "-17":12201.6123046875,
        "-16":10676.3408203125,
        "-15":10081.0078125,
        "-14":9639.7001953125,
        "-13":11108.2177734375,
        "-12":14997.4208984375,
        "-11":10008.166015625,
        "-10":10093.2255859375,
        "-9":13183.9267578125,
        "-8":11802.9130859375,
        "-7":9729.08203125,
        "-6":12008.5390625,
        "-5":12482.1455078125,
        "-4":11979.8388671875,
        "-3":11990.52734375,
        "-2":9295.4189453125,
        "-1":10220.7607421875,
        "0":13117.0791015625,
        "1":8613.9990234375,
        "2":14778.0224609375,
        "3":11294.080078125,
        "4":11917.7421875,
        "5":12331.68359375,
        "6":11628.03515625,
        "7":10559.951171875,
        "8":10277.3740234375,
        "9":9754.6201171875,
        "10":11510.2900390625,
        "11":11404.583984375,
        "12":10914.052734375,
        "13":10137.3232421875,
        "14":11962.5830078125,
        "15":10846.7685546875,
        "16":9357.9169921875,
        "17":10608.7587890625,
        "18":9159.92578125,
        "19":10877.7421875,
        "20":11543.50390625,
        "21":9680.955078125,
        "22":10677.4697265625,
        "23":10640.0302734375,
        "24":13185.5478515625,
        "25":10946.4208984375,
        "26":10552.845703125,
        "27":9589.0732421875,
        "28":7980.91015625,
        "29":8708.3935546875,
        "30":12305.1953125,
        "31":11836.201171875,
        "32":12044.63671875,
        "33":9962.662109375,
        "34":10124.68359375,
        "35":10676.439453125,
        "36":9204.5263671875,
        "37":8274.9638671875,
        "38":10319.26953125,
        "39":9944.69921875,
        "40":8756.017578125,
        "41":10548.65625,
        "42":9996.8701171875,
        "43":9211.419921875,
        "44":9478.763671875,
        "45":9380.111328125,
        "46":11483.888671875,
        "47":10872.615234375,
        "48":10727.1376953125,
        "49":9870.4326171875
    },
    "std":{
        "-30":3161.9025878906,
        "-29":2807.7907714844,
        "-28":3487.4560546875,
        "-27":3038.0593261719,
        "-26":3123.4990234375,
        "-25":2638.7919921875,
        "-24":2599.3041992188,
        "-23":2093.3908691406,
        "-22":2937.2436523438,
        "-21":2864.8317871094,
        "-20":2458.9880371094,
        "-19":2350.568359375,
        "-18":3136.9323730469,
        "-17":2834.72265625,
        "-16":2476.5434570312,
        "-15":2761.0925292969,
        "-14":2165.6943359375,
        "-13":2953.7482910156,
        "-12":2693.1120605469,
        "-11":2471.6584472656,
        "-10":2365.2587890625,
        "-9":3023.5659179688,
        "-8":2625.2153320312,
        "-7":2410.2912597656,
        "-6":2617.5803222656,
        "-5":2257.7626953125,
        "-4":2272.8698730469,
        "-3":3342.8005371094,
        "-2":2174.2722167969,
        "-1":1882.8813476562,
        "0":2219.2724609375,
        "1":2328.8588867188,
        "2":2928.0258789062,
        "3":2188.4907226562,
        "4":2358.1459960938,
        "5":2378.5432128906,
        "6":2185.7524414062,
        "7":1931.9060058594,
        "8":2282.5187988281,
        "9":2382.9475097656,
        "10":2615.9685058594,
        "11":2200.0266113281,
        "12":2508.0368652344,
        "13":2321.2458496094,
        "14":2407.0751953125,
        "15":2315.2390136719,
        "16":1921.0137939453,
        "17":2078.6921386719,
        "18":2628.9582519531,
        "19":2239.37890625,
        "20":2398.9521484375,
        "21":2493.2290039062,
        "22":2270.6916503906,
        "23":2120.8520507812,
        "24":2873.58203125,
        "25":2670.4931640625,
        "26":2676.6606445312,
        "27":2823.0373535156,
        "28":2581.5302734375,
        "29":1670.7430419922,
        "30":2675.8664550781,
        "31":2124.6606445312,
        "32":3001.7817382812,
        "33":2359.7143554688,
        "34":2695.2006835938,
        "35":2275.4995117188,
        "36":2160.1533203125,
        "37":2283.2126464844,
        "38":2600.1743164062,
        "39":2922.4545898438,
        "40":2210.8500976562,
        "41":3322.5629882812,
        "42":3278.8100585938,
        "43":2627.8686523438,
        "44":2632.9760742188,
        "45":2893.5705566406,
        "46":2609.4650878906,
        "47":3381.3000488281,
        "48":3312.1872558594,
        "49":2855.8225097656
    }
}