{
    "data":{
        "-30":15322.517578125,
        "-29":14039.1904296875,
        "-28":17809.9609375,
        "-27":16849.091796875,
        "-26":15558.642578125,
        "-25":16761.41796875,
        "-24":17484.478515625,
        "-23":14630.7333984375,
        "-22":15327.6328125,
        "-21":16812.56640625,
        "-20":16631.091796875,
        "-19":15495.8203125,
        "-18":13147.2109375,
        "-17":14970.8095703125,
        "-16":16488.296875,
        "-15":14677.0576171875,
        "-14":17733.646484375,
        "-13":17114.3515625,
        "-12":16952.27734375,
        "-11":13524.5537109375,
        "-10":19320.09765625,
        "-9":16394.384765625,
        "-8":14327.8984375,
        "-7":14323.1640625,
        "-6":15283.3701171875,
        "-5":15840.7958984375,
        "-4":12246.802734375,
        "-3":12587.5087890625,
        "-2":16583.5390625,
        "-1":12230.9580078125,
        "0":11793.716796875,
        "1":14155.4150390625,
        "2":13749.068359375,
        "3":13855.45703125,
        "4":15976.7978515625,
        "5":12040.220703125,
        "6":14299.310546875,
        "7":15071.142578125,
        "8":13110.8359375,
        "9":15491.119140625,
        "10":13111.1328125,
        "11":12121.9326171875,
        "12":13703.955078125,
        "13":12374.6953125,
        "14":14433.9892578125,
        "15":15293.0166015625,
        "16":13544.2666015625,
        "17":13710.173828125,
        "18":13788.408203125,
        "19":16385.388671875,
        "20":18599.166015625,
        "21":15197.943359375,
        "22":14594.0166015625,
        "23":15483.2275390625,
        "24":13387.9912109375,
        "25":10542.1298828125,
        "26":15019.08203125,
        "27":17233.544921875,
        "28":17911.27734375,
        "29":15643.7734375,
        "30":16695.55078125,
        "31":17301.693359375,
        "32":15075.0048828125,
        "33":16188.138671875,
        "34":15929.42578125,
        "35":16328.185546875,
        "36":16650.447265625,
        "37":15370.849609375,
        "38":15576.1533203125,
        "39":17734.314453125,
        "40":13626.298828125,
        "41":15104.1513671875,
        "42":16174.0830078125,
        "43":14058.158203125,
        "44":15371.419921875,
        "45":12535.7470703125,
        "46":15656.65625,
        "47":14697.57421875,
        "48":17331.171875,
        "49":18154.201171875
    },
    "std":{
        "-30":4378.7329101562,
        "-29":4555.3686523438,
        "-28":4742.685546875,
        "-27":4398.19140625,
        "-26":4539.7490234375,
        "-25":4387.201171875,
        "-24":3963.7922363281,
        "-23":3698.2309570312,
        "-22":4626.8212890625,
        "-21":4235.6909179688,
        "-20":4270.5375976562,
        "-19":3144.9060058594,
        "-18":3543.7438964844,
        "-17":4370.1450195312,
        "-16":3728.8598632812,
        "-15":4732.373046875,
        "-14":3646.3356933594,
        "-13":3460.2241210938,
        "-12":3440.908203125,
        "-11":3686.5844726562,
        "-10":3981.2817382812,
        "-9":3596.4204101562,
        "-8":3834.630859375,
        "-7":3520.5046386719,
        "-6":3473.1528320312,
        "-5":3102.1887207031,
        "-4":2927.7307128906,
        "-3":3200.9602050781,
        "-2":3236.6831054688,
        "-1":2980.9763183594,
        "0":3272.3388671875,
        "1":3250.0791015625,
        "2":3207.7507324219,
        "3":3079.5534667969,
        "4":3691.3366699219,
        "5":2737.7104492188,
        "6":2620.5490722656,
        "7":2865.8796386719,
        "8":2778.310546875,
        "9":2655.0256347656,
        "10":3059.9013671875,
        "11":2709.3828125,
        "12":2447.2666015625,
        "13":2235.0249023438,
        "14":3069.0036621094,
        "15":3208.7895507812,
        "16":3107.3486328125,
        "17":2796.2133789062,
        "18":2392.0747070312,
        "19":3151.6652832031,
        "20":3080.5952148438,
        "21":4320.3251953125,
        "22":3315.8854980469,
        "23":3650.1787109375,
        "24":3742.0012207031,
        "25":2649.88671875,
        "26":3792.1474609375,
        "27":4151.6611328125,
        "28":4150.6821289062,
        "29":3747.6645507812,
        "30":4365.892578125,
        "31":4002.130859375,
        "32":3979.9379882812,
        "33":4004.9221191406,
        "34":3924.9836425781,
        "35":4403.6767578125,
        "36":4718.94921875,
        "37":4883.021484375,
        "38":4503.52734375,
        "39":4614.6142578125,
        "40":3957.0595703125,
        "41":4178.0625,
        "42":4470.0234375,
        "43":4572.3681640625,
        "44":4423.4477539062,
        "45":3661.1843261719,
        "46":3896.2180175781,
        "47":4461.1860351562,
        "48":4470.1303710938,
        "49":4138.3662109375
    }
}