{
    "data":{
        "-30":15824.9140625,
        "-29":17600.029296875,
        "-28":15962.84375,
        "-27":17239.802734375,
        "-26":13963.806640625,
        "-25":15130.9482421875,
        "-24":16292.158203125,
        "-23":15568.17578125,
        "-22":15786.474609375,
        "-21":18182.109375,
        "-20":17109.9296875,
        "-19":16414.291015625,
        "-18":19175.384765625,
        "-17":17524.73046875,
        "-16":16388.728515625,
        "-15":16829.5703125,
        "-14":16709.365234375,
        "-13":16525.091796875,
        "-12":19906.271484375,
        "-11":18416.099609375,
        "-10":14364.46875,
        "-9":15373.775390625,
        "-8":18885.8203125,
        "-7":18301.322265625,
        "-6":14238.5,
        "-5":17693.646484375,
        "-4":16293.5205078125,
        "-3":16390.66796875,
        "-2":15006.1787109375,
        "-1":14803.6044921875,
        "0":16253.3701171875,
        "1":17056.109375,
        "2":16654.021484375,
        "3":18061.22265625,
        "4":17070.11328125,
        "5":17463.02734375,
        "6":19616.365234375,
        "7":18809.220703125,
        "8":14816.7548828125,
        "9":17428.75390625,
        "10":16244.9345703125,
        "11":17114.328125,
        "12":18358.3671875,
        "13":19127.640625,
        "14":20166.68359375,
        "15":18623.423828125,
        "16":18423.947265625,
        "17":17654.96484375,
        "18":16693.865234375,
        "19":17368.234375,
        "20":17093.865234375,
        "21":14275.587890625,
        "22":20368.732421875,
        "23":18706.525390625,
        "24":16646.62890625,
        "25":19337.7109375,
        "26":18506.96484375,
        "27":18096.9765625,
        "28":15686.09375,
        "29":15096.701171875,
        "30":17758.3828125,
        "31":20620.046875,
        "32":16293.548828125,
        "33":16260.5283203125,
        "34":17800.84765625,
        "35":15160.3916015625,
        "36":14510.9921875,
        "37":20319.60546875,
        "38":15406.5966796875,
        "39":17984.25390625,
        "40":17454.775390625,
        "41":16592.755859375,
        "42":16801.345703125,
        "43":17913.8046875,
        "44":16933.154296875,
        "45":18547.6328125,
        "46":17094.37109375,
        "47":15403.3828125,
        "48":19482.173828125,
        "49":17397.060546875
    },
    "std":{
        "-30":4091.9643554688,
        "-29":4182.24609375,
        "-28":4310.2314453125,
        "-27":3803.4255371094,
        "-26":4509.9741210938,
        "-25":4288.4643554688,
        "-24":4104.7651367188,
        "-23":4372.6865234375,
        "-22":4007.1372070312,
        "-21":4488.0239257812,
        "-20":4626.4604492188,
        "-19":3854.5922851562,
        "-18":4026.9182128906,
        "-17":4392.3735351562,
        "-16":4039.9064941406,
        "-15":4158.0048828125,
        "-14":4396.5258789062,
        "-13":4520.1376953125,
        "-12":5015.2290039062,
        "-11":4570.2036132812,
        "-10":4191.7045898438,
        "-9":4440.1616210938,
        "-8":4215.4951171875,
        "-7":4020.9428710938,
        "-6":3393.8342285156,
        "-5":4192.4799804688,
        "-4":4077.2890625,
        "-3":3781.2019042969,
        "-2":3291.2705078125,
        "-1":4621.798828125,
        "0":3391.1569824219,
        "1":3900.2795410156,
        "2":3944.962890625,
        "3":3445.4929199219,
        "4":3349.9719238281,
        "5":4640.9887695312,
        "6":4578.5131835938,
        "7":3589.9189453125,
        "8":3579.3793945312,
        "9":4098.943359375,
        "10":3375.8579101562,
        "11":4051.2641601562,
        "12":4022.6032714844,
        "13":3935.7939453125,
        "14":3579.2336425781,
        "15":3995.9536132812,
        "16":4029.732421875,
        "17":3498.1520996094,
        "18":4133.4838867188,
        "19":3675.6811523438,
        "20":3422.0927734375,
        "21":3438.9938964844,
        "22":4199.5458984375,
        "23":4006.9760742188,
        "24":3182.0783691406,
        "25":4124.3798828125,
        "26":3774.380859375,
        "27":3859.5383300781,
        "28":3787.9001464844,
        "29":3761.1352539062,
        "30":3223.1342773438,
        "31":3857.802734375,
        "32":4099.1967773438,
        "33":3706.2619628906,
        "34":4311.8427734375,
        "35":4028.6931152344,
        "36":4087.1728515625,
        "37":4312.3876953125,
        "38":3922.19921875,
        "39":3910.6047363281,
        "40":3869.5747070312,
        "41":4073.8291015625,
        "42":4007.8916015625,
        "43":3919.6633300781,
        "44":4126.4125976562,
        "45":4410.8955078125,
        "46":3778.8693847656,
        "47":4133.1884765625,
        "48":4301.8657226562,
        "49":4184.7583007812
    }
}