{
    "data":{
        "-30":23945.171875,
        "-29":20281.091796875,
        "-28":22185.755859375,
        "-27":19969.818359375,
        "-26":22221.708984375,
        "-25":24487.78515625,
        "-24":22429.623046875,
        "-23":26283.328125,
        "-22":23377.15234375,
        "-21":24852.181640625,
        "-20":26456.171875,
        "-19":24726.203125,
        "-18":23729.01171875,
        "-17":23902.421875,
        "-16":21478.08203125,
        "-15":26617.32421875,
        "-14":27305.083984375,
        "-13":30078.171875,
        "-12":23753.96875,
        "-11":24304.96484375,
        "-10":25706.884765625,
        "-9":21306.771484375,
        "-8":21425.546875,
        "-7":21521.974609375,
        "-6":23645.515625,
        "-5":24252.431640625,
        "-4":25427.51171875,
        "-3":23302.779296875,
        "-2":23166.45703125,
        "-1":20953.216796875,
        "0":23392.435546875,
        "1":24302.27734375,
        "2":22991.984375,
        "3":24355.5390625,
        "4":23103.865234375,
        "5":24045.8125,
        "6":22148.93359375,
        "7":23672.703125,
        "8":24803.478515625,
        "9":24384.06640625,
        "10":25184.408203125,
        "11":21536.291015625,
        "12":22360.876953125,
        "13":23823.177734375,
        "14":21719.927734375,
        "15":24706.384765625,
        "16":23227.34375,
        "17":23465.0546875,
        "18":20283.3515625,
        "19":21536.751953125,
        "20":27602.591796875,
        "21":24249.552734375,
        "22":25238.515625,
        "23":21854.72265625,
        "24":20835.3046875,
        "25":22693.25390625,
        "26":24166.091796875,
        "27":23677.599609375,
        "28":22897.658203125,
        "29":21463.56640625,
        "30":22746.734375,
        "31":21619.947265625,
        "32":24778.6796875,
        "33":22826.58203125,
        "34":22905.1328125,
        "35":26263.99609375,
        "36":25352.6875,
        "37":19493.87109375,
        "38":25377.88671875,
        "39":22609.94921875,
        "40":21014.3046875,
        "41":23726.853515625,
        "42":21201.822265625,
        "43":23379.630859375,
        "44":21998.88671875,
        "45":23856.650390625,
        "46":21300.822265625,
        "47":22775.912109375,
        "48":23541.23046875,
        "49":20664.974609375
    },
    "std":{
        "-30":6305.5131835938,
        "-29":4901.4360351562,
        "-28":6309.1337890625,
        "-27":5165.2568359375,
        "-26":5752.69921875,
        "-25":6335.0688476562,
        "-24":6291.298828125,
        "-23":7057.21484375,
        "-22":6152.099609375,
        "-21":6164.1713867188,
        "-20":7413.8979492188,
        "-19":6381.0258789062,
        "-18":6153.8505859375,
        "-17":6124.865234375,
        "-16":6210.0268554688,
        "-15":7269.7275390625,
        "-14":7596.0249023438,
        "-13":7358.33203125,
        "-12":6524.08203125,
        "-11":6083.7885742188,
        "-10":6831.1323242188,
        "-9":5500.4931640625,
        "-8":5518.1850585938,
        "-7":5857.5180664062,
        "-6":5990.1484375,
        "-5":6716.3706054688,
        "-4":7468.0751953125,
        "-3":6269.8120117188,
        "-2":6600.1162109375,
        "-1":5159.8842773438,
        "0":6408.2915039062,
        "1":6935.3452148438,
        "2":5602.3842773438,
        "3":7000.3725585938,
        "4":6233.3217773438,
        "5":6625.25,
        "6":6092.4462890625,
        "7":6560.5688476562,
        "8":6956.9501953125,
        "9":5991.3911132812,
        "10":6956.037109375,
        "11":5866.1059570312,
        "12":6126.9028320312,
        "13":6135.427734375,
        "14":6135.7475585938,
        "15":6724.0971679688,
        "16":5552.9599609375,
        "17":6519.1171875,
        "18":5377.3745117188,
        "19":5376.3022460938,
        "20":7252.6879882812,
        "21":6373.2583007812,
        "22":7126.50390625,
        "23":6002.1982421875,
        "24":5472.6909179688,
        "25":5599.6826171875,
        "26":6682.9536132812,
        "27":6402.0004882812,
        "28":6446.751953125,
        "29":5672.6440429688,
        "30":5728.8110351562,
        "31":6049.974609375,
        "32":6663.9018554688,
        "33":6707.9916992188,
        "34":5302.1137695312,
        "35":6408.1025390625,
        "36":6261.95703125,
        "37":5282.5024414062,
        "38":6135.853515625,
        "39":5686.2958984375,
        "40":5698.9125976562,
        "41":6714.8100585938,
        "42":5718.6352539062,
        "43":5753.2275390625,
        "44":4526.4047851562,
        "45":5925.8227539062,
        "46":6074.8896484375,
        "47":6178.0541992188,
        "48":5470.7651367188,
        "49":5454.2456054688
    }
}