{
    "data":{
        "-30":20179.41015625,
        "-29":16595.140625,
        "-28":19786.228515625,
        "-27":18691.990234375,
        "-26":19452.552734375,
        "-25":18656.666015625,
        "-24":18657.439453125,
        "-23":18296.93359375,
        "-22":19746.99609375,
        "-21":18575.98828125,
        "-20":14962.2294921875,
        "-19":18515.662109375,
        "-18":16575.64453125,
        "-17":20466.439453125,
        "-16":19659.908203125,
        "-15":17832.6484375,
        "-14":18628.943359375,
        "-13":17166.330078125,
        "-12":16195.2919921875,
        "-11":16783.294921875,
        "-10":18105.171875,
        "-9":16228.6357421875,
        "-8":18534.353515625,
        "-7":15961.998046875,
        "-6":17885.2578125,
        "-5":16846.072265625,
        "-4":16216.9453125,
        "-3":16313.3515625,
        "-2":14612.2861328125,
        "-1":17857.107421875,
        "0":18530.615234375,
        "1":16785.708984375,
        "2":18140.333984375,
        "3":17646.44140625,
        "4":17478.322265625,
        "5":15657.7080078125,
        "6":18117.583984375,
        "7":17565.0625,
        "8":19534.255859375,
        "9":18764.275390625,
        "10":18513.873046875,
        "11":18665.98046875,
        "12":18726.9609375,
        "13":17769.76171875,
        "14":15148.1640625,
        "15":19349.958984375,
        "16":16928.46484375,
        "17":17398.75,
        "18":14447.29296875,
        "19":16974.861328125,
        "20":17719.923828125,
        "21":19377.271484375,
        "22":15250.1904296875,
        "23":19001.740234375,
        "24":15762.0830078125,
        "25":16148.169921875,
        "26":18365.728515625,
        "27":17055.998046875,
        "28":16687.02734375,
        "29":18320.564453125,
        "30":19502.58984375,
        "31":19297.515625,
        "32":17594.953125,
        "33":18842.896484375,
        "34":18745.578125,
        "35":17863.22265625,
        "36":19495.212890625,
        "37":17802.390625,
        "38":18907.921875,
        "39":21164.50390625,
        "40":17002.291015625,
        "41":17745.939453125,
        "42":23048.3671875,
        "43":21606.826171875,
        "44":21213.166015625,
        "45":17051.990234375,
        "46":23511.90234375,
        "47":18485.6171875,
        "48":16060.5908203125,
        "49":19324.17578125
    },
    "std":{
        "-30":4614.2456054688,
        "-29":3705.9077148438,
        "-28":4171.4487304688,
        "-27":4790.9438476562,
        "-26":3831.4985351562,
        "-25":4362.1552734375,
        "-24":3665.9418945312,
        "-23":3460.0834960938,
        "-22":3982.6169433594,
        "-21":3875.1110839844,
        "-20":3748.8493652344,
        "-19":3563.2790527344,
        "-18":3739.0764160156,
        "-17":4347.53515625,
        "-16":3776.7583007812,
        "-15":4518.6538085938,
        "-14":4206.7578125,
        "-13":4218.5747070312,
        "-12":4030.9340820312,
        "-11":3776.8549804688,
        "-10":4038.5478515625,
        "-9":4468.3022460938,
        "-8":3976.7307128906,
        "-7":3993.4448242188,
        "-6":4612.2373046875,
        "-5":3775.9152832031,
        "-4":3693.5729980469,
        "-3":4358.2314453125,
        "-2":3990.2426757812,
        "-1":4078.4714355469,
        "0":4013.9548339844,
        "1":4212.1010742188,
        "2":4566.9096679688,
        "3":3709.9802246094,
        "4":4622.2534179688,
        "5":4305.5278320312,
        "6":3696.2758789062,
        "7":4398.625,
        "8":3528.3005371094,
        "9":4722.0302734375,
        "10":3906.9509277344,
        "11":4058.052734375,
        "12":4285.2055664062,
        "13":3747.4660644531,
        "14":4025.4904785156,
        "15":3774.978515625,
        "16":3839.1643066406,
        "17":4466.896484375,
        "18":4643.791015625,
        "19":4419.3979492188,
        "20":4063.6484375,
        "21":4426.5727539062,
        "22":3748.1149902344,
        "23":4775.5102539062,
        "24":4143.3979492188,
        "25":4841.1000976562,
        "26":4574.599609375,
        "27":4391.2314453125,
        "28":4811.8774414062,
        "29":4506.4736328125,
        "30":4935.3139648438,
        "31":4504.2578125,
        "32":4588.4599609375,
        "33":4707.8095703125,
        "34":4380.4765625,
        "35":5053.5864257812,
        "36":4226.0244140625,
        "37":4566.974609375,
        "38":4193.3623046875,
        "39":4873.5400390625,
        "40":4451.4814453125,
        "41":4870.3754882812,
        "42":4324.2983398438,
        "43":4421.4448242188,
        "44":4373.4467773438,
        "45":4311.982421875,
        "46":5327.9326171875,
        "47":4795.9536132812,
        "48":3768.2077636719,
        "49":4278.908203125
    }
}