{
    "data":{
        "-30":10623.3955078125,
        "-29":11622.2177734375,
        "-28":9382.939453125,
        "-27":8678.642578125,
        "-26":10892.59765625,
        "-25":6632.0849609375,
        "-24":9940.416015625,
        "-23":8387.9951171875,
        "-22":11219.9326171875,
        "-21":11120.8740234375,
        "-20":9135.12109375,
        "-19":9778.591796875,
        "-18":10621.2041015625,
        "-17":8946.2451171875,
        "-16":11081.884765625,
        "-15":11061.6396484375,
        "-14":8239.4638671875,
        "-13":11071.97265625,
        "-12":8558.080078125,
        "-11":11112.9765625,
        "-10":9992.419921875,
        "-9":9232.4296875,
        "-8":8072.70703125,
        "-7":11943.76953125,
        "-6":12189.4140625,
        "-5":11133.578125,
        "-4":11642.6796875,
        "-3":10862.38671875,
        "-2":9280.533203125,
        "-1":11219.876953125,
        "0":10831.2958984375,
        "1":11026.732421875,
        "2":10994.2431640625,
        "3":11949.3515625,
        "4":12522.314453125,
        "5":12281.466796875,
        "6":10457.1904296875,
        "7":12981.599609375,
        "8":11173.392578125,
        "9":10659.939453125,
        "10":13370.505859375,
        "11":12232.025390625,
        "12":9877.4541015625,
        "13":11555.9736328125,
        "14":11895.439453125,
        "15":11965.064453125,
        "16":13628.201171875,
        "17":11035.939453125,
        "18":14485.2021484375,
        "19":9279.373046875,
        "20":10771.623046875,
        "21":11947.6240234375,
        "22":12144.560546875,
        "23":12683.501953125,
        "24":13370.2109375,
        "25":10765.36328125,
        "26":11832.390625,
        "27":9358.4736328125,
        "28":10944.900390625,
        "29":10963.33984375,
        "30":11687.9453125,
        "31":10596.4599609375,
        "32":13216.314453125,
        "33":9528.7685546875,
        "34":10694.83203125,
        "35":11184.619140625,
        "36":12820.4111328125,
        "37":12232.623046875,
        "38":9665.0419921875,
        "39":11705.263671875,
        "40":10145.7607421875,
        "41":11718.3271484375,
        "42":10980.0078125,
        "43":10565.7236328125,
        "44":9528.982421875,
        "45":9665.4169921875,
        "46":9669.2783203125,
        "47":10262.8046875,
        "48":9333.595703125,
        "49":9710.423828125
    },
    "std":{
        "-30":1397.8193359375,
        "-29":1612.9365234375,
        "-28":1583.3933105469,
        "-27":1286.9212646484,
        "-26":2027.0617675781,
        "-25":1383.9982910156,
        "-24":1616.2171630859,
        "-23":1671.4243164062,
        "-22":2038.9216308594,
        "-21":1829.6375732422,
        "-20":1494.8386230469,
        "-19":1836.9443359375,
        "-18":1229.1314697266,
        "-17":1668.03515625,
        "-16":1660.7565917969,
        "-15":1701.1557617188,
        "-14":1507.1275634766,
        "-13":2180.1311035156,
        "-12":1876.8615722656,
        "-11":1950.4482421875,
        "-10":1797.3791503906,
        "-9":1857.6785888672,
        "-8":2588.0766601562,
        "-7":1889.7979736328,
        "-6":2494.7004394531,
        "-5":2380.4313964844,
        "-4":2672.1557617188,
        "-3":2766.5893554688,
        "-2":3043.955078125,
        "-1":2682.5771484375,
        "0":2402.1665039062,
        "1":2518.3005371094,
        "2":3012.4301757812,
        "3":2704.2607421875,
        "4":3113.0151367188,
        "5":2914.6572265625,
        "6":2950.1325683594,
        "7":2771.3774414062,
        "8":2792.5576171875,
        "9":2473.9055175781,
        "10":2466.8225097656,
        "11":2906.2084960938,
        "12":2643.048828125,
        "13":2831.9641113281,
        "14":2581.740234375,
        "15":2601.9914550781,
        "16":2943.8698730469,
        "17":2510.5202636719,
        "18":2887.1079101562,
        "19":1810.4416503906,
        "20":2245.6967773438,
        "21":2125.4899902344,
        "22":2984.4228515625,
        "23":2302.4692382812,
        "24":1742.7272949219,
        "25":2498.0202636719,
        "26":2446.9584960938,
        "27":2223.8024902344,
        "28":2459.7534179688,
        "29":2203.265625,
        "30":2511.1271972656,
        "31":2449.7685546875,
        "32":2261.2954101562,
        "33":2741.6340332031,
        "34":2161.7961425781,
        "35":2221.5971679688,
        "36":2324.6625976562,
        "37":2797.4792480469,
        "38":2514.0051269531,
        "39":2791.9321289062,
        "40":2093.1303710938,
        "41":2361.52734375,
        "42":2064.2326660156,
        "43":2035.5411376953,
        "44":1672.0439453125,
        "45":1610.7349853516,
        "46":1801.5367431641,
        "47":1477.1240234375,
        "48":1437.6507568359,
        "49":1481.3980712891
    }
}