{
    "data":{
        "-30":10518.6123046875,
        "-29":11162.9912109375,
        "-28":11888.986328125,
        "-27":11052.6953125,
        "-26":8589.439453125,
        "-25":13157.310546875,
        "-24":12438.1806640625,
        "-23":11687.783203125,
        "-22":13107.6953125,
        "-21":11344.3134765625,
        "-20":10981.6708984375,
        "-19":14108.5400390625,
        "-18":13331.494140625,
        "-17":12015.1826171875,
        "-16":12958.087890625,
        "-15":14640.85546875,
        "-14":10200.220703125,
        "-13":13832.29296875,
        "-12":11046.3173828125,
        "-11":10166.41796875,
        "-10":12769.068359375,
        "-9":11978.2275390625,
        "-8":10505.1611328125,
        "-7":10290.935546875,
        "-6":11929.5732421875,
        "-5":11018.4921875,
        "-4":11704.361328125,
        "-3":11444.22265625,
        "-2":10514.3349609375,
        "-1":10371.9638671875,
        "0":8946.8544921875,
        "1":8609.9599609375,
        "2":9502.291015625,
        "3":9545.0048828125,
        "4":10575.6640625,
        "5":8464.3857421875,
        "6":12574.5478515625,
        "7":7749.4633789062,
        "8":7938.8989257812,
        "9":8919.4921875,
        "10":9463.87890625,
        "11":10431.6669921875,
        "12":8496.4921875,
        "13":12929.1044921875,
        "14":9588.77734375,
        "15":12160.126953125,
        "16":9076.93359375,
        "17":10709.1103515625,
        "18":11989.8955078125,
        "19":9044.6796875,
        "20":8730.939453125,
        "21":9854.1123046875,
        "22":10084.5771484375,
        "23":9924.19140625,
        "24":11462.310546875,
        "25":11218.0703125,
        "26":11067.248046875,
        "27":8930.9794921875,
        "28":11029.998046875,
        "29":9714.7470703125,
        "30":10279.98046875,
        "31":10722.1904296875,
        "32":11556.2294921875,
        "33":8771.2177734375,
        "34":12880.4462890625,
        "35":8746.794921875,
        "36":8096.16796875,
        "37":10209.1787109375,
        "38":8572.98828125,
        "39":7686.3994140625,
        "40":9504.4423828125,
        "41":8550.1142578125,
        "42":7590.8081054688,
        "43":9296.408203125,
        "44":8701.291015625,
        "45":9621.515625,
        "46":7859.28125,
        "47":10684.19140625,
        "48":9976.60546875,
        "49":10318.248046875
    },
    "std":{
        "-30":3030.7478027344,
        "-29":2859.1579589844,
        "-28":2702.2297363281,
        "-27":3072.111328125,
        "-26":2847.1782226562,
        "-25":3628.3762207031,
        "-24":3519.8486328125,
        "-23":3367.5810546875,
        "-22":5372.6586914062,
        "-21":3695.75,
        "-20":3639.5524902344,
        "-19":4847.8720703125,
        "-18":3573.8356933594,
        "-17":3283.3449707031,
        "-16":4457.86328125,
        "-15":3578.3825683594,
        "-14":4373.9682617188,
        "-13":4108.1489257812,
        "-12":2883.3605957031,
        "-11":4053.3498535156,
        "-10":2904.7019042969,
        "-9":3009.0959472656,
        "-8":1771.4185791016,
        "-7":2389.7087402344,
        "-6":2353.9086914062,
        "-5":2140.283203125,
        "-4":2881.6069335938,
        "-3":2543.8891601562,
        "-2":2944.6306152344,
        "-1":1963.0747070312,
        "0":1675.5123291016,
        "1":2045.041015625,
        "2":1817.4987792969,
        "3":1793.2725830078,
        "4":2178.4206542969,
        "5":1756.0867919922,
        "6":3040.07421875,
        "7":1992.4053955078,
        "8":2760.0500488281,
        "9":1787.8137207031,
        "10":1529.888671875,
        "11":2632.5854492188,
        "12":2506.2788085938,
        "13":2339.7346191406,
        "14":1988.5242919922,
        "15":2535.8703613281,
        "16":2214.0886230469,
        "17":2461.9260253906,
        "18":2450.5085449219,
        "19":2618.2961425781,
        "20":1948.9934082031,
        "21":2355.2536621094,
        "22":2217.0024414062,
        "23":3338.7004394531,
        "24":3132.6203613281,
        "25":3676.1018066406,
        "26":3666.552734375,
        "27":3820.4287109375,
        "28":3093.2504882812,
        "29":3744.546875,
        "30":3366.3947753906,
        "31":2623.5073242188,
        "32":3942.3469238281,
        "33":2686.4555664062,
        "34":3112.0012207031,
        "35":3107.5185546875,
        "36":3469.1755371094,
        "37":3278.7985839844,
        "38":3111.3166503906,
        "39":2909.5705566406,
        "40":2399.9738769531,
        "41":2571.1091308594,
        "42":2656.4777832031,
        "43":2791.7268066406,
        "44":2899.48828125,
        "45":2658.0229492188,
        "46":2496.6762695312,
        "47":3078.01171875,
        "48":2875.6342773438,
        "49":2480.4143066406
    }
}