{
    "data":{
        "-30":12657.3232421875,
        "-29":10891.296875,
        "-28":11201.5859375,
        "-27":11536.345703125,
        "-26":11961.9140625,
        "-25":12281.90234375,
        "-24":10916.685546875,
        "-23":9814.2080078125,
        "-22":11900.4619140625,
        "-21":11689.0390625,
        "-20":12786.806640625,
        "-19":7916.4755859375,
        "-18":13029.091796875,
        "-17":10923.9150390625,
        "-16":9986.4814453125,
        "-15":11908.6708984375,
        "-14":9403.044921875,
        "-13":13004.392578125,
        "-12":11906.712890625,
        "-11":12310.2119140625,
        "-10":10707.810546875,
        "-9":9460.31640625,
        "-8":11514.576171875,
        "-7":9003.345703125,
        "-6":13175.9140625,
        "-5":11355.033203125,
        "-4":11846.220703125,
        "-3":11810.5693359375,
        "-2":12045.2041015625,
        "-1":12512.5576171875,
        "0":12119.5517578125,
        "1":12823.5625,
        "2":10089.732421875,
        "3":9270.8017578125,
        "4":12748.8525390625,
        "5":13646.0400390625,
        "6":10440.970703125,
        "7":10327.26171875,
        "8":9898.5986328125,
        "9":8225.5927734375,
        "10":11837.3017578125,
        "11":9788.732421875,
        "12":9045.6982421875,
        "13":8834.65234375,
        "14":12602.6279296875,
        "15":8483.0693359375,
        "16":13524.1796875,
        "17":10533.1708984375,
        "18":8756.3544921875,
        "19":9591.8603515625,
        "20":10290.4580078125,
        "21":10386.2890625,
        "22":10011.986328125,
        "23":8483.0029296875,
        "24":8510.9326171875,
        "25":11118.310546875,
        "26":9070.87890625,
        "27":9602.888671875,
        "28":7710.9077148438,
        "29":7717.8149414062,
        "30":9546.638671875,
        "31":6959.2416992188,
        "32":5222.9877929688,
        "33":8716.208984375,
        "34":9411.2353515625,
        "35":7252.2260742188,
        "36":9127.71484375,
        "37":10290.462890625,
        "38":9701.9091796875,
        "39":6735.5893554688,
        "40":9559.6474609375,
        "41":9549.8876953125,
        "42":8462.474609375,
        "43":7512.3505859375,
        "44":9361.892578125,
        "45":7744.4716796875,
        "46":8526.5712890625,
        "47":10475.1572265625,
        "48":9689.37109375,
        "49":7783.15234375
    },
    "std":{
        "-30":3501.2395019531,
        "-29":3688.5146484375,
        "-28":3115.5231933594,
        "-27":3453.2392578125,
        "-26":3644.9636230469,
        "-25":3468.5695800781,
        "-24":2530.7783203125,
        "-23":3326.7375488281,
        "-22":3711.0981445312,
        "-21":3432.9479980469,
        "-20":3438.5856933594,
        "-19":3252.5166015625,
        "-18":3070.2202148438,
        "-17":2785.021484375,
        "-16":2686.568359375,
        "-15":2731.3356933594,
        "-14":2931.2004394531,
        "-13":3627.2858886719,
        "-12":3050.1220703125,
        "-11":2774.9953613281,
        "-10":2862.8364257812,
        "-9":2212.7409667969,
        "-8":3280.4926757812,
        "-7":2186.4934082031,
        "-6":2947.9287109375,
        "-5":3136.9313964844,
        "-4":2371.7470703125,
        "-3":2755.412109375,
        "-2":3056.755859375,
        "-1":2552.4685058594,
        "0":2411.8933105469,
        "1":2282.8112792969,
        "2":2863.7629394531,
        "3":2504.5205078125,
        "4":2470.138671875,
        "5":2840.0537109375,
        "6":2178.0756835938,
        "7":2048.9067382812,
        "8":1654.8050537109,
        "9":1852.5251464844,
        "10":1885.4541015625,
        "11":1860.4755859375,
        "12":1754.9940185547,
        "13":1964.162109375,
        "14":2158.0266113281,
        "15":1792.8702392578,
        "16":1987.1754150391,
        "17":1692.7312011719,
        "18":1357.4183349609,
        "19":1426.1251220703,
        "20":2065.6726074219,
        "21":1836.8663330078,
        "22":1745.7432861328,
        "23":1403.6693115234,
        "24":1583.0375976562,
        "25":1880.6654052734,
        "26":2108.5163574219,
        "27":1599.1765136719,
        "28":1572.9683837891,
        "29":1652.1118164062,
        "30":1610.7911376953,
        "31":1479.8714599609,
        "32":1315.3140869141,
        "33":1693.1759033203,
        "34":1439.5018310547,
        "35":1520.8790283203,
        "36":1813.1999511719,
        "37":1217.7072753906,
        "38":1303.9503173828,
        "39":1500.330078125,
        "40":1454.1181640625,
        "41":1585.3103027344,
        "42":1881.9975585938,
        "43":1629.751953125,
        "44":1207.5363769531,
        "45":1328.1462402344,
        "46":1504.3848876953,
        "47":1765.3706054688,
        "48":1659.5520019531,
        "49":1408.48046875
    }
}