{
    "data":{
        "-30":8391.0380859375,
        "-29":8831.19921875,
        "-28":9160.259765625,
        "-27":7666.1137695312,
        "-26":6229.9443359375,
        "-25":8121.4643554688,
        "-24":7725.8862304688,
        "-23":9052.4736328125,
        "-22":7544.42578125,
        "-21":8708.80859375,
        "-20":6550.2954101562,
        "-19":8253.0537109375,
        "-18":8197.4482421875,
        "-17":8302.1142578125,
        "-16":7298.2353515625,
        "-15":8644.8896484375,
        "-14":8497.794921875,
        "-13":8610.5009765625,
        "-12":7107.5454101562,
        "-11":7597.3896484375,
        "-10":11122.6748046875,
        "-9":7435.0927734375,
        "-8":8018.6323242188,
        "-7":8921.7060546875,
        "-6":8092.7431640625,
        "-5":10126.326171875,
        "-4":9731.19921875,
        "-3":7896.9272460938,
        "-2":9465.06640625,
        "-1":8427.486328125,
        "0":9833.4150390625,
        "1":8544.2939453125,
        "2":8282.2392578125,
        "3":9570.5947265625,
        "4":8125.9873046875,
        "5":8822.919921875,
        "6":8910.6611328125,
        "7":8819.3857421875,
        "8":8949.4384765625,
        "9":7238.0649414062,
        "10":9892.0771484375,
        "11":8611.5078125,
        "12":10021.7021484375,
        "13":9978.9521484375,
        "14":8735.0634765625,
        "15":9804.45703125,
        "16":7808.4091796875,
        "17":8242.341796875,
        "18":8923.111328125,
        "19":8651.0537109375,
        "20":8963.1923828125,
        "21":8731.357421875,
        "22":8034.2231445312,
        "23":8924.61328125,
        "24":6722.0288085938,
        "25":9891.1259765625,
        "26":9711.365234375,
        "27":8693.3388671875,
        "28":8274.7119140625,
        "29":6074.66015625,
        "30":9093.845703125,
        "31":7902.6005859375,
        "32":8623.576171875,
        "33":7008.2045898438,
        "34":7957.8369140625,
        "35":8187.0112304688,
        "36":9547.5927734375,
        "37":10864.708984375,
        "38":9595.3935546875,
        "39":8404.466796875,
        "40":6928.994140625,
        "41":8572.314453125,
        "42":7693.015625,
        "43":7595.5556640625,
        "44":7502.8564453125,
        "45":6705.2172851562,
        "46":9014.0634765625,
        "47":8773.853515625,
        "48":8642.4833984375,
        "49":7944.6123046875
    },
    "std":{
        "-30":1486.6812744141,
        "-29":1953.1717529297,
        "-28":1273.2690429688,
        "-27":1721.5524902344,
        "-26":1462.8082275391,
        "-25":1580.9118652344,
        "-24":1724.1590576172,
        "-23":1435.3149414062,
        "-22":1453.2365722656,
        "-21":1582.5349121094,
        "-20":1173.7856445312,
        "-19":1811.3560791016,
        "-18":1464.9041748047,
        "-17":1308.1661376953,
        "-16":1285.2047119141,
        "-15":1789.6976318359,
        "-14":1645.1885986328,
        "-13":1506.0705566406,
        "-12":1288.7821044922,
        "-11":1265.0268554688,
        "-10":1854.4213867188,
        "-9":1545.3221435547,
        "-8":2005.8095703125,
        "-7":1431.1270751953,
        "-6":1407.5991210938,
        "-5":2060.7416992188,
        "-4":1181.3637695312,
        "-3":1109.7001953125,
        "-2":1804.3077392578,
        "-1":1436.2359619141,
        "0":1934.3342285156,
        "1":1360.4261474609,
        "2":1572.2806396484,
        "3":1665.1369628906,
        "4":1510.3852539062,
        "5":1748.0291748047,
        "6":1615.9675292969,
        "7":1289.0861816406,
        "8":1683.3614501953,
        "9":1306.9049072266,
        "10":1405.9873046875,
        "11":1427.1958007812,
        "12":1583.7474365234,
        "13":1799.9167480469,
        "14":1702.3984375,
        "15":1579.8289794922,
        "16":1709.3547363281,
        "17":1381.2017822266,
        "18":1653.0548095703,
        "19":1483.8956298828,
        "20":1881.4339599609,
        "21":1633.3662109375,
        "22":1593.7663574219,
        "23":1498.0463867188,
        "24":1717.2921142578,
        "25":1690.8391113281,
        "26":2224.7243652344,
        "27":1625.9653320312,
        "28":2504.9802246094,
        "29":1616.6251220703,
        "30":1928.2657470703,
        "31":2008.5690917969,
        "32":1516.1960449219,
        "33":1689.9561767578,
        "34":1775.5,
        "35":2191.0500488281,
        "36":1685.2963867188,
        "37":1703.6414794922,
        "38":2026.6234130859,
        "39":1538.2890625,
        "40":1359.9814453125,
        "41":1650.3405761719,
        "42":2097.3090820312,
        "43":1923.0860595703,
        "44":1894.4777832031,
        "45":1961.9737548828,
        "46":1825.5319824219,
        "47":1536.5511474609,
        "48":1700.5850830078,
        "49":1298.8292236328
    }
}