{
    "data":{
        "-30":9010.8115234375,
        "-29":10053.6435546875,
        "-28":10304.861328125,
        "-27":10579.212890625,
        "-26":11618.595703125,
        "-25":12776.03125,
        "-24":10206.9111328125,
        "-23":9298.5986328125,
        "-22":14518.28125,
        "-21":11843.7861328125,
        "-20":11367.4736328125,
        "-19":9106.6484375,
        "-18":11360.0498046875,
        "-17":10806.064453125,
        "-16":9576.1044921875,
        "-15":11409.3984375,
        "-14":10538.3349609375,
        "-13":10825.3779296875,
        "-12":10822.341796875,
        "-11":10819.431640625,
        "-10":10194.1962890625,
        "-9":11391.4248046875,
        "-8":8990.931640625,
        "-7":12468.4443359375,
        "-6":9145.0947265625,
        "-5":11883.73828125,
        "-4":11959.6923828125,
        "-3":12430.5546875,
        "-2":13604.61328125,
        "-1":13830.986328125,
        "0":10808.8984375,
        "1":13027.08203125,
        "2":13579.623046875,
        "3":11131.423828125,
        "4":11251.5419921875,
        "5":10955.7314453125,
        "6":12327.0341796875,
        "7":11710.7333984375,
        "8":12166.236328125,
        "9":13644.3388671875,
        "10":13061.1640625,
        "11":11757.697265625,
        "12":12174.99609375,
        "13":10437.609375,
        "14":13791.6162109375,
        "15":12535.1669921875,
        "16":11742.361328125,
        "17":11821.623046875,
        "18":13790.2900390625,
        "19":10899.86328125,
        "20":10694.8203125,
        "21":12609.3173828125,
        "22":12025.673828125,
        "23":13055.88671875,
        "24":11051.5302734375,
        "25":12222.3095703125,
        "26":12231.466796875,
        "27":12459.1796875,
        "28":12288.966796875,
        "29":11335.681640625,
        "30":11944.4267578125,
        "31":11443.7138671875,
        "32":13224.119140625,
        "33":10076.0712890625,
        "34":11357.7177734375,
        "35":11884.6953125,
        "36":12205.4560546875,
        "37":14969.21875,
        "38":13378.7548828125,
        "39":12510.4794921875,
        "40":9766.37109375,
        "41":13562.2607421875,
        "42":9188.5654296875,
        "43":10643.1767578125,
        "44":12718.462890625,
        "45":10212.4951171875,
        "46":13966.412109375,
        "47":9520.830078125,
        "48":8711.3525390625,
        "49":10856.5263671875
    },
    "std":{
        "-30":3350.1662597656,
        "-29":3215.8762207031,
        "-28":2540.2768554688,
        "-27":3392.8615722656,
        "-26":3167.6713867188,
        "-25":3342.7956542969,
        "-24":2667.974609375,
        "-23":2698.0588378906,
        "-22":2586.1193847656,
        "-21":2549.1713867188,
        "-20":2443.8815917969,
        "-19":3000.9904785156,
        "-18":2440.9221191406,
        "-17":2396.7722167969,
        "-16":1853.9859619141,
        "-15":2499.0190429688,
        "-14":2469.1057128906,
        "-13":2947.2504882812,
        "-12":3058.3591308594,
        "-11":2609.87890625,
        "-10":2338.3310546875,
        "-9":2051.0964355469,
        "-8":2487.3366699219,
        "-7":3171.345703125,
        "-6":2509.0895996094,
        "-5":2572.7399902344,
        "-4":2943.7331542969,
        "-3":2892.8623046875,
        "-2":2800.5402832031,
        "-1":2847.8591308594,
        "0":3300.4379882812,
        "1":2734.6611328125,
        "2":3305.2175292969,
        "3":3183.8806152344,
        "4":2807.0654296875,
        "5":3069.2607421875,
        "6":3197.6123046875,
        "7":2904.1584472656,
        "8":3337.404296875,
        "9":3483.0842285156,
        "10":3856.4577636719,
        "11":3690.7565917969,
        "12":3614.59375,
        "13":3475.9750976562,
        "14":4144.1943359375,
        "15":3939.177734375,
        "16":3252.2951660156,
        "17":3130.0927734375,
        "18":3530.1328125,
        "19":3310.3059082031,
        "20":3127.2866210938,
        "21":3168.0598144531,
        "22":3802.40625,
        "23":3650.2131347656,
        "24":3620.2180175781,
        "25":3316.8645019531,
        "26":3553.201171875,
        "27":3460.6391601562,
        "28":3015.6206054688,
        "29":3449.3781738281,
        "30":3358.1960449219,
        "31":3233.7644042969,
        "32":4010.2006835938,
        "33":2795.0478515625,
        "34":3690.1079101562,
        "35":3865.2883300781,
        "36":2982.8117675781,
        "37":3452.5625,
        "38":3775.5104980469,
        "39":2982.564453125,
        "40":3126.837890625,
        "41":3619.2504882812,
        "42":3570.20703125,
        "43":3745.0520019531,
        "44":3723.6955566406,
        "45":3384.0124511719,
        "46":3501.7194824219,
        "47":3332.6274414062,
        "48":3243.380859375,
        "49":2425.5092773438
    }
}