{
    "data":{
        "-30":31057.0234375,
        "-29":29744.953125,
        "-28":30021.2265625,
        "-27":30938.619140625,
        "-26":28518.25,
        "-25":29997.958984375,
        "-24":28853.28515625,
        "-23":29903.982421875,
        "-22":33675.3671875,
        "-21":32467.76171875,
        "-20":30791.98828125,
        "-19":30079.890625,
        "-18":31262.09765625,
        "-17":33280.26953125,
        "-16":29642.654296875,
        "-15":30293.447265625,
        "-14":29363.12890625,
        "-13":29203.716796875,
        "-12":28651.4765625,
        "-11":28623.296875,
        "-10":28599.671875,
        "-9":26138.306640625,
        "-8":24420.1171875,
        "-7":26319.63671875,
        "-6":22772.81640625,
        "-5":20697.224609375,
        "-4":24481.923828125,
        "-3":23564.97265625,
        "-2":24933.421875,
        "-1":21313.234375,
        "0":20426.501953125,
        "1":18460.8671875,
        "2":19973.033203125,
        "3":18572.83984375,
        "4":21957.24609375,
        "5":19493.61328125,
        "6":18682.3203125,
        "7":21962.921875,
        "8":21308.1484375,
        "9":18717.111328125,
        "10":20526.904296875,
        "11":22394.736328125,
        "12":23356.80078125,
        "13":23706.14453125,
        "14":20856.552734375,
        "15":21567.900390625,
        "16":20325.73828125,
        "17":22528.296875,
        "18":24109.419921875,
        "19":24833.3046875,
        "20":24536.43359375,
        "21":21133.810546875,
        "22":18743.580078125,
        "23":24393.14453125,
        "24":21480.900390625,
        "25":24103.771484375,
        "26":22330.2734375,
        "27":22552.4609375,
        "28":25116.9375,
        "29":23416.505859375,
        "30":26845.443359375,
        "31":23227.162109375,
        "32":25505.427734375,
        "33":23155.537109375,
        "34":23863.30859375,
        "35":27852.78515625,
        "36":27720.521484375,
        "37":26100.97265625,
        "38":27491.25,
        "39":26818.455078125,
        "40":29407.919921875,
        "41":30428.728515625,
        "42":30633.392578125,
        "43":30034.2109375,
        "44":29432.146484375,
        "45":32213.78515625,
        "46":31588.017578125,
        "47":31976.47265625,
        "48":30929.56640625,
        "49":27414.134765625
    },
    "std":{
        "-30":10240.869140625,
        "-29":10495.2236328125,
        "-28":9908.1162109375,
        "-27":11206.09375,
        "-26":11347.033203125,
        "-25":11046.8837890625,
        "-24":10674.9111328125,
        "-23":10680.9287109375,
        "-22":12830.0869140625,
        "-21":12121.365234375,
        "-20":12466.818359375,
        "-19":11693.38671875,
        "-18":12707.2197265625,
        "-17":12108.0205078125,
        "-16":11640.0048828125,
        "-15":11400.7177734375,
        "-14":10895.9482421875,
        "-13":10867.470703125,
        "-12":9851.3095703125,
        "-11":9917.4296875,
        "-10":8994.1865234375,
        "-9":8510.921875,
        "-8":8031.6279296875,
        "-7":7844.3139648438,
        "-6":7885.66796875,
        "-5":7534.3432617188,
        "-4":7350.14453125,
        "-3":7598.6860351562,
        "-2":8563.5439453125,
        "-1":6905.212890625,
        "0":7110.6108398438,
        "1":5695.4262695312,
        "2":5984.1669921875,
        "3":5418.1596679688,
        "4":6380.8872070312,
        "5":6121.1274414062,
        "6":5741.623046875,
        "7":6128.3525390625,
        "8":6149.7143554688,
        "9":6118.4418945312,
        "10":6242.6469726562,
        "11":6677.98046875,
        "12":6450.4819335938,
        "13":6892.8579101562,
        "14":6588.2163085938,
        "15":6783.2143554688,
        "16":6379.2534179688,
        "17":6662.4111328125,
        "18":7075.3452148438,
        "19":7756.888671875,
        "20":8022.017578125,
        "21":7274.8833007812,
        "22":6670.4116210938,
        "23":8686.1767578125,
        "24":8229.888671875,
        "25":9049.34765625,
        "26":8243.6484375,
        "27":8852.1533203125,
        "28":8608.5048828125,
        "29":9253.4326171875,
        "30":8946.7626953125,
        "31":8482.8203125,
        "32":8729.857421875,
        "33":9127.1298828125,
        "34":9304.416015625,
        "35":8915.2236328125,
        "36":8674.4365234375,
        "37":9167.087890625,
        "38":9089.35546875,
        "39":9008.6796875,
        "40":9925.77734375,
        "41":9678.3662109375,
        "42":10257.9619140625,
        "43":10175.009765625,
        "44":9862.0087890625,
        "45":10721.8916015625,
        "46":11242.60546875,
        "47":10304.7861328125,
        "48":10510.5673828125,
        "49":9927.3759765625
    }
}