{
    "data":{
        "-30":19526.5,
        "-29":19164.27734375,
        "-28":17659.375,
        "-27":19139.279296875,
        "-26":21183.2734375,
        "-25":21306.697265625,
        "-24":19151.25,
        "-23":19657.087890625,
        "-22":19099.94140625,
        "-21":17759.0859375,
        "-20":18432.115234375,
        "-19":16512.490234375,
        "-18":18474.787109375,
        "-17":18616.4453125,
        "-16":19188.09375,
        "-15":19169.05859375,
        "-14":18336.173828125,
        "-13":20199.681640625,
        "-12":16968.6484375,
        "-11":18717.869140625,
        "-10":15890.5703125,
        "-9":16513.935546875,
        "-8":15522.876953125,
        "-7":15740.787109375,
        "-6":16121.2841796875,
        "-5":14368.5,
        "-4":16753.93359375,
        "-3":13951.556640625,
        "-2":13168.986328125,
        "-1":18152.765625,
        "0":16174.4423828125,
        "1":15263.345703125,
        "2":14074.7705078125,
        "3":16731.25390625,
        "4":16952.068359375,
        "5":14986.693359375,
        "6":13709.6337890625,
        "7":13404.3388671875,
        "8":14643.59375,
        "9":12583.8896484375,
        "10":17390.96484375,
        "11":13553.6455078125,
        "12":13473.7919921875,
        "13":12970.91796875,
        "14":18303.228515625,
        "15":15098.0517578125,
        "16":16158.76171875,
        "17":17122.939453125,
        "18":18391.109375,
        "19":16049.720703125,
        "20":16968.091796875,
        "21":13551.0888671875,
        "22":16156.89453125,
        "23":13454.138671875,
        "24":15715.4423828125,
        "25":13877.4267578125,
        "26":16170.7861328125,
        "27":14993.283203125,
        "28":14762.9853515625,
        "29":14406.912109375,
        "30":15564.8603515625,
        "31":16405.318359375,
        "32":16990.24609375,
        "33":14743.7763671875,
        "34":15780.0732421875,
        "35":16946.748046875,
        "36":15939.88671875,
        "37":17140.384765625,
        "38":17611.271484375,
        "39":15722.7099609375,
        "40":15991.05078125,
        "41":13465.0712890625,
        "42":16226.6455078125,
        "43":17071.4375,
        "44":18023.705078125,
        "45":20732.216796875,
        "46":18185.00390625,
        "47":17920.208984375,
        "48":19301.0703125,
        "49":17266.90625
    },
    "std":{
        "-30":4672.4384765625,
        "-29":4923.6884765625,
        "-28":4044.5986328125,
        "-27":4093.16015625,
        "-26":4410.6225585938,
        "-25":4969.1411132812,
        "-24":4654.626953125,
        "-23":4210.3315429688,
        "-22":4669.3857421875,
        "-21":4460.4428710938,
        "-20":4828.8120117188,
        "-19":4678.1953125,
        "-18":4587.3984375,
        "-17":4678.029296875,
        "-16":4906.4282226562,
        "-15":4253.07421875,
        "-14":4467.2954101562,
        "-13":3364.5583496094,
        "-12":4653.90625,
        "-11":4464.7055664062,
        "-10":4185.0478515625,
        "-9":4543.900390625,
        "-8":4212.908203125,
        "-7":3621.9851074219,
        "-6":3670.7150878906,
        "-5":3731.5134277344,
        "-4":3906.6682128906,
        "-3":2984.9731445312,
        "-2":3793.5705566406,
        "-1":3880.7365722656,
        "0":3140.5346679688,
        "1":3227.5791015625,
        "2":2868.2873535156,
        "3":2563.8557128906,
        "4":4408.392578125,
        "5":2829.6022949219,
        "6":3219.5852050781,
        "7":3029.6215820312,
        "8":2956.9523925781,
        "9":2900.4125976562,
        "10":3577.9780273438,
        "11":2437.662109375,
        "12":2388.2133789062,
        "13":2925.3903808594,
        "14":3366.6115722656,
        "15":2705.0505371094,
        "16":2528.787109375,
        "17":3706.8859863281,
        "18":3532.8530273438,
        "19":3675.3466796875,
        "20":3388.4758300781,
        "21":2719.1899414062,
        "22":3267.4702148438,
        "23":2428.6015625,
        "24":3574.3505859375,
        "25":3708.4096679688,
        "26":3238.9282226562,
        "27":2869.9133300781,
        "28":3808.4016113281,
        "29":2745.4606933594,
        "30":3912.474609375,
        "31":3442.6977539062,
        "32":3277.6752929688,
        "33":3601.68359375,
        "34":3395.8708496094,
        "35":3960.0847167969,
        "36":3187.4875488281,
        "37":3461.7644042969,
        "38":3073.6381835938,
        "39":3233.0190429688,
        "40":3813.0834960938,
        "41":3879.1984863281,
        "42":3573.6850585938,
        "43":3759.7590332031,
        "44":4274.150390625,
        "45":4166.9223632812,
        "46":4390.7329101562,
        "47":4140.6357421875,
        "48":5281.5126953125,
        "49":4385.3247070312
    }
}