{
    "data":{
        "-30":16829.931640625,
        "-29":17766.294921875,
        "-28":15617.369140625,
        "-27":16455.3671875,
        "-26":16254.7412109375,
        "-25":17516.677734375,
        "-24":16822.814453125,
        "-23":13593.2138671875,
        "-22":15982.7705078125,
        "-21":17151.3125,
        "-20":16247.7099609375,
        "-19":20042.875,
        "-18":16073.7890625,
        "-17":17982.74609375,
        "-16":17650.98046875,
        "-15":20222.296875,
        "-14":15777.6640625,
        "-13":17474.556640625,
        "-12":12369.3583984375,
        "-11":18741.193359375,
        "-10":16644.369140625,
        "-9":14874.19921875,
        "-8":14626.935546875,
        "-7":12770.8466796875,
        "-6":16545.416015625,
        "-5":14193.63671875,
        "-4":14907.3984375,
        "-3":14349.51953125,
        "-2":14283.8330078125,
        "-1":13140.2763671875,
        "0":15763.98828125,
        "1":16432.26171875,
        "2":14794.919921875,
        "3":15558.03125,
        "4":18029.490234375,
        "5":16126.6796875,
        "6":16252.7919921875,
        "7":16456.28125,
        "8":18116.1953125,
        "9":15724.2080078125,
        "10":17166.015625,
        "11":17144.236328125,
        "12":16521.994140625,
        "13":16021.193359375,
        "14":17289.041015625,
        "15":12675.6337890625,
        "16":15227.5703125,
        "17":15390.935546875,
        "18":18108.1015625,
        "19":15761.5537109375,
        "20":14743.0234375,
        "21":12099.09375,
        "22":14302.388671875,
        "23":16178.05078125,
        "24":16947.822265625,
        "25":14473.96875,
        "26":16407.80078125,
        "27":16052.9921875,
        "28":15508.111328125,
        "29":14542.98828125,
        "30":17055.96484375,
        "31":14717.642578125,
        "32":16180.330078125,
        "33":17146.994140625,
        "34":15054.0107421875,
        "35":15419.5830078125,
        "36":15640.599609375,
        "37":16613.6875,
        "38":16699.275390625,
        "39":19260.771484375,
        "40":19408.634765625,
        "41":17906.36328125,
        "42":15668.5029296875,
        "43":16248.82421875,
        "44":18072.361328125,
        "45":15925.1923828125,
        "46":19327.341796875,
        "47":19107.7578125,
        "48":16242.423828125,
        "49":16794.587890625
    },
    "std":{
        "-30":3970.1655273438,
        "-29":3447.1713867188,
        "-28":4048.9365234375,
        "-27":3249.4006347656,
        "-26":3466.5922851562,
        "-25":4287.490234375,
        "-24":4302.3720703125,
        "-23":3380.0017089844,
        "-22":3334.1416015625,
        "-21":3861.1264648438,
        "-20":4119.884765625,
        "-19":3790.3530273438,
        "-18":2552.9077148438,
        "-17":3592.2456054688,
        "-16":4055.5268554688,
        "-15":3717.6118164062,
        "-14":2958.2517089844,
        "-13":3241.1936035156,
        "-12":3540.314453125,
        "-11":3872.3608398438,
        "-10":3577.5500488281,
        "-9":3619.9040527344,
        "-8":3054.8864746094,
        "-7":2753.9934082031,
        "-6":3748.6491699219,
        "-5":3644.8669433594,
        "-4":3703.1506347656,
        "-3":3294.958984375,
        "-2":3101.4936523438,
        "-1":2952.4182128906,
        "0":3625.6027832031,
        "1":3338.3227539062,
        "2":3443.6665039062,
        "3":3526.2858886719,
        "4":3776.9016113281,
        "5":4063.4826660156,
        "6":4037.3547363281,
        "7":3765.1879882812,
        "8":3949.7160644531,
        "9":3179.330078125,
        "10":2963.05078125,
        "11":4275.4018554688,
        "12":3496.0078125,
        "13":3483.4226074219,
        "14":3031.3139648438,
        "15":3276.3244628906,
        "16":3469.5856933594,
        "17":3237.3930664062,
        "18":3900.8415527344,
        "19":3362.5864257812,
        "20":3022.2307128906,
        "21":3539.0256347656,
        "22":3708.1987304688,
        "23":4461.412109375,
        "24":4540.236328125,
        "25":3778.5935058594,
        "26":4532.3188476562,
        "27":4409.8896484375,
        "28":4566.353515625,
        "29":4173.9892578125,
        "30":4750.4228515625,
        "31":4565.2197265625,
        "32":4724.6689453125,
        "33":4701.0024414062,
        "34":3827.5607910156,
        "35":3822.2163085938,
        "36":4559.5483398438,
        "37":4100.7607421875,
        "38":4193.8012695312,
        "39":4696.7475585938,
        "40":4702.6557617188,
        "41":4684.568359375,
        "42":4538.7329101562,
        "43":4579.8251953125,
        "44":3885.5366210938,
        "45":4022.96484375,
        "46":4005.5461425781,
        "47":4035.4497070312,
        "48":3558.5822753906,
        "49":3914.6186523438
    }
}