{
    "data":{
        "-30":12330.7646484375,
        "-29":11581.3046875,
        "-28":13062.7646484375,
        "-27":12591.3916015625,
        "-26":11300.814453125,
        "-25":11410.8623046875,
        "-24":14245.1103515625,
        "-23":12559.0830078125,
        "-22":11829.142578125,
        "-21":9946.8505859375,
        "-20":9584.4140625,
        "-19":11790.591796875,
        "-18":10537.0791015625,
        "-17":10968.876953125,
        "-16":10032.4609375,
        "-15":12253.48828125,
        "-14":12450.2080078125,
        "-13":9877.751953125,
        "-12":9421.255859375,
        "-11":11862.6923828125,
        "-10":11305.3447265625,
        "-9":12399.685546875,
        "-8":8284.189453125,
        "-7":11278.4599609375,
        "-6":11275.3271484375,
        "-5":11846.912109375,
        "-4":11687.2314453125,
        "-3":12773.107421875,
        "-2":10957.2392578125,
        "-1":9604.755859375,
        "0":10975.619140625,
        "1":10595.798828125,
        "2":12103.4697265625,
        "3":12110.171875,
        "4":10882.8095703125,
        "5":10811.48046875,
        "6":9787.43359375,
        "7":11410.8330078125,
        "8":9154.3291015625,
        "9":8204.408203125,
        "10":12576.8232421875,
        "11":11196.6455078125,
        "12":11375.111328125,
        "13":11103.83203125,
        "14":12675.13671875,
        "15":12380.81640625,
        "16":10413.533203125,
        "17":9813.154296875,
        "18":12155.4677734375,
        "19":11467.0302734375,
        "20":11323.03125,
        "21":8511.1611328125,
        "22":9459.955078125,
        "23":13063.9794921875,
        "24":12734.3603515625,
        "25":10229.3271484375,
        "26":10682.5654296875,
        "27":11606.728515625,
        "28":9504.6962890625,
        "29":10014.0830078125,
        "30":12805.998046875,
        "31":13665.3330078125,
        "32":10215.4052734375,
        "33":12679.9169921875,
        "34":10048.3173828125,
        "35":12995.068359375,
        "36":10792.0205078125,
        "37":10209.4111328125,
        "38":10070.5673828125,
        "39":11782.712890625,
        "40":11879.1474609375,
        "41":9818.63671875,
        "42":12691.8828125,
        "43":10716.2294921875,
        "44":11686.8896484375,
        "45":9074.9482421875,
        "46":11033.7197265625,
        "47":10049.10546875,
        "48":8047.005859375,
        "49":11131.865234375
    },
    "std":{
        "-30":2838.2971191406,
        "-29":2486.0402832031,
        "-28":2415.2917480469,
        "-27":2131.1647949219,
        "-26":3358.685546875,
        "-25":2421.0729980469,
        "-24":3048.4536132812,
        "-23":2903.0363769531,
        "-22":2812.3464355469,
        "-21":2077.4353027344,
        "-20":2065.0239257812,
        "-19":2585.1123046875,
        "-18":2227.53125,
        "-17":2651.8637695312,
        "-16":2251.939453125,
        "-15":2477.8369140625,
        "-14":2535.330078125,
        "-13":2746.8041992188,
        "-12":1991.4157714844,
        "-11":2872.2248535156,
        "-10":2414.6281738281,
        "-9":2036.8178710938,
        "-8":2115.0773925781,
        "-7":2842.8544921875,
        "-6":2412.9128417969,
        "-5":2198.0974121094,
        "-4":2541.8295898438,
        "-3":2735.1655273438,
        "-2":2532.4582519531,
        "-1":2880.88671875,
        "0":2881.3039550781,
        "1":2861.1083984375,
        "2":2510.3996582031,
        "3":2512.8198242188,
        "4":2558.0297851562,
        "5":2308.0339355469,
        "6":2060.0751953125,
        "7":2654.0119628906,
        "8":2257.873046875,
        "9":2559.2053222656,
        "10":2377.1291503906,
        "11":2267.0124511719,
        "12":2169.3132324219,
        "13":2879.7565917969,
        "14":2764.6079101562,
        "15":2702.1203613281,
        "16":2762.0102539062,
        "17":2948.2836914062,
        "18":2636.4169921875,
        "19":2465.7177734375,
        "20":2717.7756347656,
        "21":2531.7548828125,
        "22":2626.5837402344,
        "23":2782.4487304688,
        "24":2771.9670410156,
        "25":2666.8952636719,
        "26":2731.3759765625,
        "27":2564.234375,
        "28":1947.2576904297,
        "29":2607.3947753906,
        "30":2451.6472167969,
        "31":2374.2470703125,
        "32":2379.1491699219,
        "33":2223.8559570312,
        "34":2358.4411621094,
        "35":2228.6372070312,
        "36":2348.3005371094,
        "37":2209.5148925781,
        "38":2179.7282714844,
        "39":2435.5297851562,
        "40":1811.2274169922,
        "41":1678.2510986328,
        "42":2212.9416503906,
        "43":2236.7316894531,
        "44":2238.6225585938,
        "45":2238.5617675781,
        "46":1940.1988525391,
        "47":2225.2138671875,
        "48":1511.1253662109,
        "49":1838.498046875
    }
}