{
    "data":{
        "-30":24917.310546875,
        "-29":23184.63671875,
        "-28":25753.30078125,
        "-27":26586.142578125,
        "-26":22833.982421875,
        "-25":22782.19921875,
        "-24":20416.78515625,
        "-23":20753.296875,
        "-22":24916.52734375,
        "-21":22148.3046875,
        "-20":21888.572265625,
        "-19":24236.333984375,
        "-18":20295.130859375,
        "-17":21120.390625,
        "-16":23901.052734375,
        "-15":20066.9296875,
        "-14":21633.79296875,
        "-13":26510.390625,
        "-12":22094.470703125,
        "-11":22764.32421875,
        "-10":22686.65234375,
        "-9":21231.177734375,
        "-8":24418.7421875,
        "-7":21423.015625,
        "-6":22511.4921875,
        "-5":22508.177734375,
        "-4":19289.40625,
        "-3":23274.80859375,
        "-2":21493.47265625,
        "-1":23233.32421875,
        "0":22491.083984375,
        "1":29009.205078125,
        "2":26784.205078125,
        "3":25677.25390625,
        "4":25547.107421875,
        "5":22971.359375,
        "6":24358.76953125,
        "7":30285.345703125,
        "8":26221.57421875,
        "9":23357.640625,
        "10":27790.927734375,
        "11":27921.267578125,
        "12":26559.193359375,
        "13":29243.91015625,
        "14":28651.58984375,
        "15":26272.181640625,
        "16":29265.681640625,
        "17":27203.5625,
        "18":28366.51171875,
        "19":27206.896484375,
        "20":29634.333984375,
        "21":25189.865234375,
        "22":25906.2109375,
        "23":27645.447265625,
        "24":24866.537109375,
        "25":26125.6640625,
        "26":28983.029296875,
        "27":29215.720703125,
        "28":27749.75390625,
        "29":24308.0625,
        "30":28130.80078125,
        "31":26165.720703125,
        "32":24957.517578125,
        "33":25769.61328125,
        "34":23275.62890625,
        "35":25505.583984375,
        "36":25302.828125,
        "37":25972.30859375,
        "38":26889.52734375,
        "39":24031.494140625,
        "40":27168.31640625,
        "41":24341.18359375,
        "42":23845.888671875,
        "43":25590.0859375,
        "44":22675.3984375,
        "45":24145.189453125,
        "46":23572.591796875,
        "47":24564.7421875,
        "48":24428.630859375,
        "49":25383.794921875
    },
    "std":{
        "-30":5887.064453125,
        "-29":6129.0854492188,
        "-28":6159.2822265625,
        "-27":6097.6572265625,
        "-26":5925.650390625,
        "-25":4829.5654296875,
        "-24":5556.7866210938,
        "-23":5504.9921875,
        "-22":5757.4545898438,
        "-21":5779.0029296875,
        "-20":5649.58203125,
        "-19":5611.2895507812,
        "-18":5575.8974609375,
        "-17":5647.439453125,
        "-16":5894.5043945312,
        "-15":5195.08984375,
        "-14":5844.1943359375,
        "-13":5976.2661132812,
        "-12":5285.0688476562,
        "-11":5939.8740234375,
        "-10":6367.181640625,
        "-9":5275.8876953125,
        "-8":5952.8374023438,
        "-7":4975.7744140625,
        "-6":5526.3149414062,
        "-5":5536.8344726562,
        "-4":5972.8286132812,
        "-3":6316.4721679688,
        "-2":5592.9897460938,
        "-1":5271.3330078125,
        "0":5505.5903320312,
        "1":5558.5595703125,
        "2":5939.6557617188,
        "3":5776.5234375,
        "4":5731.1157226562,
        "5":5158.96875,
        "6":6208.0883789062,
        "7":6069.876953125,
        "8":6202.986328125,
        "9":5848.7573242188,
        "10":6150.1333007812,
        "11":6403.7397460938,
        "12":5876.5771484375,
        "13":6045.2719726562,
        "14":6326.0834960938,
        "15":6227.4150390625,
        "16":6729.5659179688,
        "17":7294.4033203125,
        "18":7086.3950195312,
        "19":6907.9404296875,
        "20":7171.6948242188,
        "21":6031.9609375,
        "22":6100.61328125,
        "23":5927.703125,
        "24":6083.5737304688,
        "25":6622.1274414062,
        "26":6695.9384765625,
        "27":6895.4033203125,
        "28":6160.8168945312,
        "29":6852.4497070312,
        "30":6853.8110351562,
        "31":5830.498046875,
        "32":6110.1416015625,
        "33":6723.4541015625,
        "34":6550.6342773438,
        "35":6949.54296875,
        "36":6290.396484375,
        "37":6379.5615234375,
        "38":6510.0239257812,
        "39":6145.4926757812,
        "40":6138.3647460938,
        "41":6552.6953125,
        "42":5492.193359375,
        "43":6102.4682617188,
        "44":4911.951171875,
        "45":5171.9208984375,
        "46":6131.5810546875,
        "47":6045.0771484375,
        "48":5577.0859375,
        "49":5647.8745117188
    }
}