{
    "data":{
        "-30":16493.53515625,
        "-29":17486.556640625,
        "-28":14641.9970703125,
        "-27":16620.56640625,
        "-26":17746.560546875,
        "-25":20538.603515625,
        "-24":19762.248046875,
        "-23":19099.130859375,
        "-22":17540.091796875,
        "-21":16106.8076171875,
        "-20":15072.7041015625,
        "-19":14465.8984375,
        "-18":14389.6650390625,
        "-17":15306.6484375,
        "-16":13943.814453125,
        "-15":16685.31640625,
        "-14":17405.375,
        "-13":21229.62109375,
        "-12":19956.3203125,
        "-11":20090.041015625,
        "-10":19411.107421875,
        "-9":19632.73828125,
        "-8":19099.67578125,
        "-7":16339.138671875,
        "-6":16325.4296875,
        "-5":18685.46484375,
        "-4":19074.703125,
        "-3":17795.685546875,
        "-2":18628.05859375,
        "-1":17715.421875,
        "0":19867.6015625,
        "1":15494.951171875,
        "2":17795.65234375,
        "3":15539.080078125,
        "4":17929.634765625,
        "5":19374.4140625,
        "6":17728.99609375,
        "7":20740.359375,
        "8":16382.4765625,
        "9":15660.3037109375,
        "10":17196.955078125,
        "11":21023.134765625,
        "12":17515.052734375,
        "13":15802.98046875,
        "14":20244.16015625,
        "15":16539.650390625,
        "16":21438.171875,
        "17":16733.51171875,
        "18":16642.052734375,
        "19":17573.203125,
        "20":19294.068359375,
        "21":18980.064453125,
        "22":16641.01171875,
        "23":19219.984375,
        "24":19050.462890625,
        "25":19265.212890625,
        "26":20509.2109375,
        "27":19036.1640625,
        "28":14796.048828125,
        "29":19657.515625,
        "30":19754.041015625,
        "31":19788.15234375,
        "32":18838.56640625,
        "33":20325.37890625,
        "34":18467.05078125,
        "35":18391.25390625,
        "36":18257.28515625,
        "37":21312.74609375,
        "38":19475.501953125,
        "39":22125.416015625,
        "40":22863.419921875,
        "41":20894.40234375,
        "42":22176.970703125,
        "43":16205.8271484375,
        "44":16537.654296875,
        "45":16197.6171875,
        "46":16391.294921875,
        "47":17030.107421875,
        "48":17497.44140625,
        "49":15848.455078125
    },
    "std":{
        "-30":2662.6520996094,
        "-29":2656.4775390625,
        "-28":3035.7204589844,
        "-27":3456.7924804688,
        "-26":3121.3674316406,
        "-25":3269.78125,
        "-24":3610.6518554688,
        "-23":3189.251953125,
        "-22":2725.9384765625,
        "-21":2522.7961425781,
        "-20":2292.1882324219,
        "-19":2370.9853515625,
        "-18":2562.5310058594,
        "-17":3322.1560058594,
        "-16":2001.7374267578,
        "-15":2947.0825195312,
        "-14":3327.2729492188,
        "-13":3271.0874023438,
        "-12":3188.0041503906,
        "-11":3899.8063964844,
        "-10":3160.5405273438,
        "-9":3163.3264160156,
        "-8":2369.9260253906,
        "-7":2661.931640625,
        "-6":3064.4770507812,
        "-5":2609.548828125,
        "-4":2743.5146484375,
        "-3":3046.2788085938,
        "-2":3188.8435058594,
        "-1":2310.5695800781,
        "0":3303.6811523438,
        "1":3162.8537597656,
        "2":3053.3806152344,
        "3":3058.8649902344,
        "4":2653.7219238281,
        "5":3118.4660644531,
        "6":3317.9079589844,
        "7":3208.8862304688,
        "8":3211.6254882812,
        "9":2254.0344238281,
        "10":3328.984375,
        "11":3372.3486328125,
        "12":3169.0874023438,
        "13":3055.9392089844,
        "14":3402.1047363281,
        "15":3338.3518066406,
        "16":3337.6667480469,
        "17":2923.4538574219,
        "18":3404.0439453125,
        "19":3125.7194824219,
        "20":2886.0791015625,
        "21":3398.9560546875,
        "22":4052.8129882812,
        "23":3724.2333984375,
        "24":3167.015625,
        "25":3452.8425292969,
        "26":3880.4467773438,
        "27":4032.7150878906,
        "28":3652.8940429688,
        "29":4057.9140625,
        "30":3751.4692382812,
        "31":4300.2065429688,
        "32":3839.267578125,
        "33":4395.7783203125,
        "34":3348.7214355469,
        "35":3842.2053222656,
        "36":4442.9892578125,
        "37":3502.8571777344,
        "38":3899.6005859375,
        "39":4391.5952148438,
        "40":3867.3068847656,
        "41":4452.0278320312,
        "42":3718.92578125,
        "43":3902.3234863281,
        "44":2807.8127441406,
        "45":3218.0095214844,
        "46":3153.3374023438,
        "47":2575.8889160156,
        "48":2812.525390625,
        "49":2984.1953125
    }
}