{
    "data":{
        "-30":10628.27734375,
        "-29":11331.04296875,
        "-28":8302.3125,
        "-27":11358.158203125,
        "-26":9602.36328125,
        "-25":10171.1630859375,
        "-24":10908.0029296875,
        "-23":9669.6650390625,
        "-22":10074.2958984375,
        "-21":9124.2392578125,
        "-20":11429.4814453125,
        "-19":8822.509765625,
        "-18":10104.32421875,
        "-17":9247.0234375,
        "-16":9842.0927734375,
        "-15":9060.4130859375,
        "-14":7156.2275390625,
        "-13":10748.69921875,
        "-12":10838.220703125,
        "-11":8672.171875,
        "-10":8053.5810546875,
        "-9":7875.8334960938,
        "-8":11007.03515625,
        "-7":12581.6396484375,
        "-6":10174.3662109375,
        "-5":11377.248046875,
        "-4":10924.6357421875,
        "-3":10501.2255859375,
        "-2":9617.96484375,
        "-1":10141.865234375,
        "0":11032.1171875,
        "1":12123.3125,
        "2":12292.7578125,
        "3":10637.6201171875,
        "4":10366.83984375,
        "5":13054.89453125,
        "6":13923.28125,
        "7":10804.3544921875,
        "8":13093.869140625,
        "9":12099.724609375,
        "10":12787.7705078125,
        "11":13601.4462890625,
        "12":13283.3173828125,
        "13":10701.6884765625,
        "14":11618.7861328125,
        "15":13508.787109375,
        "16":14689.3857421875,
        "17":12492.23828125,
        "18":14487.6591796875,
        "19":12724.2353515625,
        "20":12696.201171875,
        "21":11118.4462890625,
        "22":10474.05078125,
        "23":14440.6650390625,
        "24":14569.462890625,
        "25":14218.0107421875,
        "26":11667.951171875,
        "27":12284.7421875,
        "28":11212.330078125,
        "29":12246.9765625,
        "30":14395.0361328125,
        "31":11942.0107421875,
        "32":12140.1904296875,
        "33":12560.4228515625,
        "34":10671.173828125,
        "35":13788.955078125,
        "36":11533.951171875,
        "37":12886.7841796875,
        "38":12993.068359375,
        "39":11842.513671875,
        "40":12094.314453125,
        "41":13335.400390625,
        "42":10696.5087890625,
        "43":10336.65625,
        "44":12952.6025390625,
        "45":10749.4140625,
        "46":12736.9404296875,
        "47":12570.36328125,
        "48":9683.736328125,
        "49":10214.06640625
    },
    "std":{
        "-30":2126.2683105469,
        "-29":2305.4638671875,
        "-28":1499.2690429688,
        "-27":2163.6926269531,
        "-26":1539.4189453125,
        "-25":2208.1157226562,
        "-24":1384.0302734375,
        "-23":1702.384765625,
        "-22":1627.8029785156,
        "-21":1796.7093505859,
        "-20":1893.6291503906,
        "-19":1919.6533203125,
        "-18":1760.5093994141,
        "-17":1707.1481933594,
        "-16":1783.8984375,
        "-15":1949.8940429688,
        "-14":1795.9110107422,
        "-13":2008.9272460938,
        "-12":2067.3911132812,
        "-11":1712.1590576172,
        "-10":1639.5095214844,
        "-9":2091.4780273438,
        "-8":1565.7133789062,
        "-7":2832.5974121094,
        "-6":1763.4810791016,
        "-5":2502.7861328125,
        "-4":1923.6944580078,
        "-3":2498.8596191406,
        "-2":2545.451171875,
        "-1":2473.6257324219,
        "0":3165.16796875,
        "1":2648.2275390625,
        "2":2922.4645996094,
        "3":3576.1909179688,
        "4":2368.6647949219,
        "5":3113.6203613281,
        "6":3515.2880859375,
        "7":2969.681640625,
        "8":3190.162109375,
        "9":3087.6765136719,
        "10":3547.7778320312,
        "11":3566.26171875,
        "12":2937.9418945312,
        "13":3415.1857910156,
        "14":3228.4995117188,
        "15":3419.2006835938,
        "16":4176.31640625,
        "17":3431.8737792969,
        "18":3292.5559082031,
        "19":3082.3452148438,
        "20":3537.5715332031,
        "21":2633.5224609375,
        "22":2635.1403808594,
        "23":3278.5703125,
        "24":3167.689453125,
        "25":3563.4853515625,
        "26":3024.5700683594,
        "27":3726.0783691406,
        "28":2598.0520019531,
        "29":3280.3896484375,
        "30":3005.044921875,
        "31":2726.1892089844,
        "32":2469.6052246094,
        "33":3162.6569824219,
        "34":2857.4558105469,
        "35":3041.6196289062,
        "36":3183.4572753906,
        "37":3722.0073242188,
        "38":3082.0163574219,
        "39":2885.0627441406,
        "40":2779.8630371094,
        "41":2948.1052246094,
        "42":2462.1791992188,
        "43":2440.1823730469,
        "44":2399.5698242188,
        "45":2863.3220214844,
        "46":2589.8764648438,
        "47":2242.0942382812,
        "48":2086.8090820312,
        "49":1727.4180908203
    }
}