{
    "data":{
        "-30":11042.404296875,
        "-29":14583.669921875,
        "-28":11305.111328125,
        "-27":13199.1669921875,
        "-26":9081.8798828125,
        "-25":11856.1025390625,
        "-24":13373.287109375,
        "-23":12501.3173828125,
        "-22":15102.029296875,
        "-21":14375.7109375,
        "-20":12044.333984375,
        "-19":11442.33203125,
        "-18":14040.6796875,
        "-17":12962.76953125,
        "-16":13387.9951171875,
        "-15":13320.8486328125,
        "-14":13427.6904296875,
        "-13":15013.220703125,
        "-12":14112.5703125,
        "-11":13091.5458984375,
        "-10":11819.080078125,
        "-9":10070.0029296875,
        "-8":10311.302734375,
        "-7":12585.787109375,
        "-6":12330.4560546875,
        "-5":11838.8115234375,
        "-4":14088.6787109375,
        "-3":12037.068359375,
        "-2":13108.3779296875,
        "-1":15047.5537109375,
        "0":12916.4951171875,
        "1":9662.896484375,
        "2":13763.091796875,
        "3":11425.431640625,
        "4":13790.220703125,
        "5":15225.9375,
        "6":13068.880859375,
        "7":13858.90625,
        "8":11475.013671875,
        "9":11804.4091796875,
        "10":13657.71875,
        "11":11884.451171875,
        "12":13275.7041015625,
        "13":16013.9375,
        "14":12704.3779296875,
        "15":9637.291015625,
        "16":11274.4501953125,
        "17":12417.53515625,
        "18":10836.6416015625,
        "19":10728.544921875,
        "20":12795.470703125,
        "21":10911.3857421875,
        "22":9856.4296875,
        "23":11720.1162109375,
        "24":10373.6513671875,
        "25":11195.8779296875,
        "26":12003.0458984375,
        "27":12859.244140625,
        "28":12133.7275390625,
        "29":11538.9111328125,
        "30":10265.7919921875,
        "31":13852.5537109375,
        "32":9832.3310546875,
        "33":11678.044921875,
        "34":12980.189453125,
        "35":11090.068359375,
        "36":11268.0078125,
        "37":9577.41796875,
        "38":8142.7133789062,
        "39":10480.779296875,
        "40":11305.2646484375,
        "41":7849.4384765625,
        "42":10502.349609375,
        "43":9537.67578125,
        "44":9320.583984375,
        "45":14172.36328125,
        "46":11753.2265625,
        "47":11752.25390625,
        "48":13578.5,
        "49":9565.36328125
    },
    "std":{
        "-30":2651.8271484375,
        "-29":2960.1928710938,
        "-28":3140.7333984375,
        "-27":2825.8625488281,
        "-26":1859.1950683594,
        "-25":2967.3588867188,
        "-24":3070.1650390625,
        "-23":3556.736328125,
        "-22":3628.2106933594,
        "-21":4296.55078125,
        "-20":2882.974609375,
        "-19":2812.3540039062,
        "-18":2854.4340820312,
        "-17":2803.572265625,
        "-16":3989.033203125,
        "-15":3680.4565429688,
        "-14":3904.0178222656,
        "-13":3525.7041015625,
        "-12":3358.6733398438,
        "-11":2699.7998046875,
        "-10":2653.0642089844,
        "-9":2563.4897460938,
        "-8":2627.9135742188,
        "-7":2651.5358886719,
        "-6":3405.9226074219,
        "-5":2812.4399414062,
        "-4":2821.1196289062,
        "-3":3086.2917480469,
        "-2":3002.9831542969,
        "-1":3637.2370605469,
        "0":3534.390625,
        "1":2371.6171875,
        "2":3061.4533691406,
        "3":2929.0168457031,
        "4":3558.6833496094,
        "5":4108.78515625,
        "6":3342.8305664062,
        "7":3840.3876953125,
        "8":4109.2475585938,
        "9":3292.4084472656,
        "10":4622.703125,
        "11":3620.1120605469,
        "12":3677.365234375,
        "13":3946.9299316406,
        "14":4595.7783203125,
        "15":3395.2836914062,
        "16":3957.4006347656,
        "17":3360.0480957031,
        "18":3153.4614257812,
        "19":2530.2514648438,
        "20":3853.4899902344,
        "21":2497.1887207031,
        "22":2697.9377441406,
        "23":3083.8044433594,
        "24":2909.4978027344,
        "25":3662.1398925781,
        "26":3640.3012695312,
        "27":2526.6472167969,
        "28":2945.9787597656,
        "29":3069.0046386719,
        "30":3592.7319335938,
        "31":3407.5727539062,
        "32":2295.1459960938,
        "33":3173.2451171875,
        "34":3303.2900390625,
        "35":2448.11328125,
        "36":3144.9113769531,
        "37":2106.4111328125,
        "38":2569.5051269531,
        "39":2616.7299804688,
        "40":2875.5119628906,
        "41":2342.4018554688,
        "42":2535.1809082031,
        "43":2055.5859375,
        "44":1929.8640136719,
        "45":3811.6267089844,
        "46":2027.2752685547,
        "47":2655.0109863281,
        "48":2790.7604980469,
        "49":3115.2370605469
    }
}