{
    "data":{
        "-30":19856.22265625,
        "-29":20986.890625,
        "-28":19768.267578125,
        "-27":22763.5,
        "-26":23255.37890625,
        "-25":18594.927734375,
        "-24":19790.078125,
        "-23":21772.802734375,
        "-22":18912.533203125,
        "-21":18222.86328125,
        "-20":18758.06640625,
        "-19":17354.49609375,
        "-18":20461.578125,
        "-17":19403.041015625,
        "-16":19666.220703125,
        "-15":19462.3046875,
        "-14":19098.765625,
        "-13":17567.140625,
        "-12":18637.60546875,
        "-11":18935.134765625,
        "-10":17195.99609375,
        "-9":20431.009765625,
        "-8":16886.384765625,
        "-7":16210.2275390625,
        "-6":16417.802734375,
        "-5":16130.1474609375,
        "-4":15140.8837890625,
        "-3":16854.8671875,
        "-2":16961.873046875,
        "-1":17468.93359375,
        "0":16936.900390625,
        "1":18288.228515625,
        "2":18465.30859375,
        "3":16396.240234375,
        "4":18205.74609375,
        "5":14311.9853515625,
        "6":16929.46484375,
        "7":10960.3642578125,
        "8":12717.267578125,
        "9":13028.2041015625,
        "10":16698.2109375,
        "11":14705.91796875,
        "12":17109.48828125,
        "13":14268.849609375,
        "14":16091.4970703125,
        "15":15808.2646484375,
        "16":13422.505859375,
        "17":12868.986328125,
        "18":16444.62890625,
        "19":12200.5908203125,
        "20":15109.42578125,
        "21":15707.5888671875,
        "22":13701.7734375,
        "23":16549.271484375,
        "24":16405.171875,
        "25":14478.6171875,
        "26":15962.6767578125,
        "27":17704.20703125,
        "28":17214.12890625,
        "29":16519.6015625,
        "30":16391.81640625,
        "31":16939.75390625,
        "32":16516.068359375,
        "33":17510.94140625,
        "34":18610.880859375,
        "35":17110.798828125,
        "36":16762.1953125,
        "37":18237.537109375,
        "38":21529.1171875,
        "39":18058.671875,
        "40":17011.158203125,
        "41":17929.220703125,
        "42":14816.4091796875,
        "43":17744.396484375,
        "44":17308.681640625,
        "45":16621.560546875,
        "46":17848.40234375,
        "47":15896.69921875,
        "48":14799.2265625,
        "49":15871.005859375
    },
    "std":{
        "-30":4424.533203125,
        "-29":5174.9877929688,
        "-28":4715.744140625,
        "-27":5522.8037109375,
        "-26":5087.5590820312,
        "-25":4246.6733398438,
        "-24":4709.296875,
        "-23":4628.1381835938,
        "-22":4062.5649414062,
        "-21":4309.4287109375,
        "-20":4556.4575195312,
        "-19":4613.9340820312,
        "-18":4877.9516601562,
        "-17":4191.009765625,
        "-16":4269.03125,
        "-15":4135.6079101562,
        "-14":4256.5434570312,
        "-13":4039.58984375,
        "-12":3943.9665527344,
        "-11":4139.7827148438,
        "-10":4145.2465820312,
        "-9":4522.1884765625,
        "-8":4103.1796875,
        "-7":3928.3195800781,
        "-6":3928.6103515625,
        "-5":4549.3041992188,
        "-4":3784.0881347656,
        "-3":3985.7023925781,
        "-2":4410.1000976562,
        "-1":3358.5107421875,
        "0":4338.2895507812,
        "1":4201.8076171875,
        "2":3667.7243652344,
        "3":4128.126953125,
        "4":4107.3212890625,
        "5":4134.2666015625,
        "6":3848.1875,
        "7":3701.4616699219,
        "8":3551.2429199219,
        "9":3116.1408691406,
        "10":4405.1577148438,
        "11":3797.6958007812,
        "12":4736.4169921875,
        "13":3066.1052246094,
        "14":3779.1667480469,
        "15":4030.2358398438,
        "16":4378.4287109375,
        "17":3348.330078125,
        "18":4281.4379882812,
        "19":3713.2087402344,
        "20":4003.9138183594,
        "21":4258.4008789062,
        "22":3671.9633789062,
        "23":3863.0473632812,
        "24":4106.2861328125,
        "25":4124.9375,
        "26":4475.6567382812,
        "27":4399.783203125,
        "28":3811.4387207031,
        "29":4116.4077148438,
        "30":3522.7448730469,
        "31":3873.0600585938,
        "32":3776.3334960938,
        "33":3930.5056152344,
        "34":4208.9370117188,
        "35":3661.19921875,
        "36":3983.8288574219,
        "37":4350.93359375,
        "38":4929.7416992188,
        "39":4433.3569335938,
        "40":4343.7587890625,
        "41":4954.5283203125,
        "42":4087.6506347656,
        "43":4246.7065429688,
        "44":3709.1862792969,
        "45":4726.4272460938,
        "46":4795.5395507812,
        "47":3415.3269042969,
        "48":4040.3186035156,
        "49":3979.6071777344
    }
}