{
    "data":{
        "-30":13144.1396484375,
        "-29":13934.216796875,
        "-28":12607.642578125,
        "-27":14498.744140625,
        "-26":14139.86328125,
        "-25":13025.0390625,
        "-24":11957.642578125,
        "-23":14707.732421875,
        "-22":14428.9892578125,
        "-21":13846.255859375,
        "-20":14922.0830078125,
        "-19":15084.845703125,
        "-18":12741.4794921875,
        "-17":14475.8662109375,
        "-16":16690.646484375,
        "-15":15223.4091796875,
        "-14":11784.05078125,
        "-13":12997.3359375,
        "-12":12515.8037109375,
        "-11":15203.7978515625,
        "-10":13573.380859375,
        "-9":12035.234375,
        "-8":11057.099609375,
        "-7":9785.72265625,
        "-6":11246.2275390625,
        "-5":11309.78125,
        "-4":10198.390625,
        "-3":12494.6904296875,
        "-2":10134.421875,
        "-1":10696.904296875,
        "0":10157.875,
        "1":10580.2705078125,
        "2":10324.3896484375,
        "3":12339.7890625,
        "4":13194.0283203125,
        "5":10743.759765625,
        "6":11093.595703125,
        "7":6260.412109375,
        "8":12868.7783203125,
        "9":10385.3310546875,
        "10":10967.759765625,
        "11":9474.7158203125,
        "12":8745.294921875,
        "13":13348.5283203125,
        "14":11980.3203125,
        "15":8578.15234375,
        "16":10964.7158203125,
        "17":14583.4169921875,
        "18":10469.15625,
        "19":10721.2890625,
        "20":11300.7265625,
        "21":7889.0029296875,
        "22":12748.9453125,
        "23":10190.1083984375,
        "24":13046.455078125,
        "25":14191.462890625,
        "26":11644.029296875,
        "27":9944.830078125,
        "28":10045.0009765625,
        "29":10687.9580078125,
        "30":9809.53515625,
        "31":12682.685546875,
        "32":14242.0234375,
        "33":10913.314453125,
        "34":12754.45703125,
        "35":12073.5244140625,
        "36":14648.9912109375,
        "37":11646.2158203125,
        "38":9805.615234375,
        "39":12828.3974609375,
        "40":13114.0966796875,
        "41":12811.2138671875,
        "42":15009.6845703125,
        "43":12455.564453125,
        "44":15220.30078125,
        "45":14385.5048828125,
        "46":14267.6484375,
        "47":12294.625,
        "48":15942.4296875,
        "49":11855.5390625
    },
    "std":{
        "-30":3912.9096679688,
        "-29":3815.5581054688,
        "-28":3810.7751464844,
        "-27":4065.2595214844,
        "-26":4024.2438964844,
        "-25":3983.685546875,
        "-24":4073.1220703125,
        "-23":4446.0034179688,
        "-22":4935.9130859375,
        "-21":4582.548828125,
        "-20":4077.5393066406,
        "-19":4311.6704101562,
        "-18":4269.4565429688,
        "-17":4567.677734375,
        "-16":4033.15625,
        "-15":3514.9008789062,
        "-14":3204.0581054688,
        "-13":3368.2709960938,
        "-12":3905.0307617188,
        "-11":3856.6091308594,
        "-10":3421.384765625,
        "-9":3439.0817871094,
        "-8":3030.7399902344,
        "-7":3048.6535644531,
        "-6":3520.0998535156,
        "-5":2947.7341308594,
        "-4":2610.7746582031,
        "-3":3291.3559570312,
        "-2":2438.9226074219,
        "-1":2687.6025390625,
        "0":3508.044921875,
        "1":2971.8828125,
        "2":2776.2124023438,
        "3":2978.3796386719,
        "4":3101.3488769531,
        "5":3018.4987792969,
        "6":2376.8310546875,
        "7":1688.5422363281,
        "8":2829.06640625,
        "9":2281.154296875,
        "10":2107.2827148438,
        "11":1967.0993652344,
        "12":2059.9440917969,
        "13":2526.1733398438,
        "14":2412.0412597656,
        "15":2117.4558105469,
        "16":2089.3215332031,
        "17":3171.3151855469,
        "18":1806.7294921875,
        "19":1934.5595703125,
        "20":2456.9990234375,
        "21":1973.3112792969,
        "22":2047.6119384766,
        "23":1511.1065673828,
        "24":2463.8642578125,
        "25":2515.298828125,
        "26":2764.3830566406,
        "27":1957.6395263672,
        "28":2386.7543945312,
        "29":2078.0710449219,
        "30":2133.2114257812,
        "31":2239.9572753906,
        "32":2051.8649902344,
        "33":2280.0151367188,
        "34":2871.0764160156,
        "35":2478.9912109375,
        "36":2262.390625,
        "37":2551.6950683594,
        "38":2475.0341796875,
        "39":2877.142578125,
        "40":2621.3781738281,
        "41":3088.8559570312,
        "42":3392.7590332031,
        "43":3256.9074707031,
        "44":3722.9829101562,
        "45":3960.4069824219,
        "46":3931.7014160156,
        "47":3767.1391601562,
        "48":4101.2084960938,
        "49":3929.970703125
    }
}