{
    "data":{
        "-30":14248.818359375,
        "-29":10751.84765625,
        "-28":13717.2734375,
        "-27":11344.671875,
        "-26":11432.5224609375,
        "-25":11842.1572265625,
        "-24":11381.1513671875,
        "-23":13468.63671875,
        "-22":14485.3671875,
        "-21":14220.2353515625,
        "-20":11451.390625,
        "-19":12867.4091796875,
        "-18":14050.5166015625,
        "-17":13938.1845703125,
        "-16":10844.2265625,
        "-15":12257.126953125,
        "-14":13039.091796875,
        "-13":12768.5703125,
        "-12":14006.7763671875,
        "-11":12125.41015625,
        "-10":13574.0732421875,
        "-9":14741.3466796875,
        "-8":14395.0400390625,
        "-7":12350.369140625,
        "-6":14096.6787109375,
        "-5":10801.7080078125,
        "-4":11232.5498046875,
        "-3":13500.4736328125,
        "-2":12737.1923828125,
        "-1":13935.375,
        "0":14910.73828125,
        "1":13854.060546875,
        "2":13314.1416015625,
        "3":11071.666015625,
        "4":13066.7548828125,
        "5":11025.7421875,
        "6":8612.7919921875,
        "7":14446.0732421875,
        "8":14912.412109375,
        "9":14342.314453125,
        "10":9512.970703125,
        "11":10052.0791015625,
        "12":11719.283203125,
        "13":9345.177734375,
        "14":11500.14453125,
        "15":14350.5283203125,
        "16":12261.8583984375,
        "17":13429.8896484375,
        "18":10853.9521484375,
        "19":11098.6103515625,
        "20":11791.62109375,
        "21":12488.650390625,
        "22":10832.1767578125,
        "23":13653.4326171875,
        "24":11603.0791015625,
        "25":10431.0986328125,
        "26":14074.71875,
        "27":12352.8955078125,
        "28":10938.0771484375,
        "29":10309.6728515625,
        "30":14285.0146484375,
        "31":13321.732421875,
        "32":13512.5361328125,
        "33":15710.4169921875,
        "34":12331.80859375,
        "35":12173.486328125,
        "36":10880.9287109375,
        "37":10659.248046875,
        "38":13017.3916015625,
        "39":9905.357421875,
        "40":9860.5673828125,
        "41":11346.4111328125,
        "42":11338.625,
        "43":9800.4541015625,
        "44":10393.9453125,
        "45":10509.859375,
        "46":11530.052734375,
        "47":13512.2646484375,
        "48":11894.5361328125,
        "49":12144.9765625
    },
    "std":{
        "-30":2926.4145507812,
        "-29":3602.5983886719,
        "-28":3268.9770507812,
        "-27":2773.3747558594,
        "-26":2966.5244140625,
        "-25":3037.8676757812,
        "-24":2816.6447753906,
        "-23":3061.6650390625,
        "-22":3514.4233398438,
        "-21":3001.8752441406,
        "-20":3403.41796875,
        "-19":4332.9633789062,
        "-18":3578.5095214844,
        "-17":3973.1357421875,
        "-16":3948.0231933594,
        "-15":3272.4682617188,
        "-14":3476.0656738281,
        "-13":2663.6401367188,
        "-12":3059.1774902344,
        "-11":2208.5637207031,
        "-10":4083.1723632812,
        "-9":3018.095703125,
        "-8":2506.9631347656,
        "-7":1823.4576416016,
        "-6":3466.0756835938,
        "-5":2559.4755859375,
        "-4":2400.7487792969,
        "-3":2855.9108886719,
        "-2":3316.0478515625,
        "-1":2525.17578125,
        "0":2118.9194335938,
        "1":2263.5400390625,
        "2":2371.0205078125,
        "3":2084.0241699219,
        "4":2778.087890625,
        "5":2784.8967285156,
        "6":1757.2564697266,
        "7":2139.9504394531,
        "8":2539.8762207031,
        "9":2397.06640625,
        "10":2120.5944824219,
        "11":2255.6311035156,
        "12":2762.25390625,
        "13":1879.0242919922,
        "14":2218.7453613281,
        "15":2529.2104492188,
        "16":1794.9350585938,
        "17":2433.8059082031,
        "18":2165.9304199219,
        "19":1986.7365722656,
        "20":2908.1052246094,
        "21":2374.3212890625,
        "22":2495.3532714844,
        "23":2856.5695800781,
        "24":2310.1374511719,
        "25":1933.7938232422,
        "26":2826.2280273438,
        "27":2051.4372558594,
        "28":2267.8203125,
        "29":1921.5075683594,
        "30":2408.5358886719,
        "31":2876.1584472656,
        "32":2751.1220703125,
        "33":1917.4969482422,
        "34":2662.5065917969,
        "35":2238.2524414062,
        "36":1894.1329345703,
        "37":2664.8662109375,
        "38":2893.9794921875,
        "39":2873.4406738281,
        "40":2847.6633300781,
        "41":2449.8942871094,
        "42":2686.3330078125,
        "43":2653.8352050781,
        "44":2211.0646972656,
        "45":2523.8989257812,
        "46":2928.6030273438,
        "47":3069.73046875,
        "48":3517.8735351562,
        "49":3357.3957519531
    }
}