{
    "data":{
        "-30":31611.94921875,
        "-29":37051.03515625,
        "-28":35979.16796875,
        "-27":35338.0625,
        "-26":36190.96484375,
        "-25":38293.953125,
        "-24":36762.8046875,
        "-23":36393.03125,
        "-22":35731.64453125,
        "-21":36392.7421875,
        "-20":30257.16015625,
        "-19":34737.75,
        "-18":33834.55078125,
        "-17":36574.3125,
        "-16":37392.6328125,
        "-15":35245.1796875,
        "-14":34511.546875,
        "-13":36982.90625,
        "-12":35516.26953125,
        "-11":36355.6328125,
        "-10":35219.1953125,
        "-9":35839.96875,
        "-8":37992.84765625,
        "-7":35335.57421875,
        "-6":33213.4921875,
        "-5":33265.703125,
        "-4":35309.07421875,
        "-3":34257.6015625,
        "-2":32587.84765625,
        "-1":35777.9921875,
        "0":32350.0625,
        "1":29929.455078125,
        "2":31552.36328125,
        "3":33900.25,
        "4":35328.18359375,
        "5":35960.15234375,
        "6":33315.80078125,
        "7":34297.9375,
        "8":32991.1328125,
        "9":33586.47265625,
        "10":30430.8515625,
        "11":34141.5546875,
        "12":32583.44140625,
        "13":31321.8125,
        "14":32604.52734375,
        "15":30080.19921875,
        "16":30899.796875,
        "17":33842.47265625,
        "18":31327.322265625,
        "19":27044.421875,
        "20":34420.5234375,
        "21":31649.421875,
        "22":29228.216796875,
        "23":31676.01171875,
        "24":32433.509765625,
        "25":32354.478515625,
        "26":33858.97265625,
        "27":32319.65234375,
        "28":26922.482421875,
        "29":33618.7734375,
        "30":33804.203125,
        "31":31171.48828125,
        "32":30845.904296875,
        "33":34983.23046875,
        "34":32994.92578125,
        "35":31843.017578125,
        "36":35464.0546875,
        "37":35573.75390625,
        "38":31444.2890625,
        "39":36102.66796875,
        "40":36873.90234375,
        "41":35438.0625,
        "42":36723.5234375,
        "43":36174.4296875,
        "44":35514.12890625,
        "45":37350.1875,
        "46":38765.14453125,
        "47":34481.38671875,
        "48":35175.171875,
        "49":39712.29296875
    },
    "std":{
        "-30":10804.6396484375,
        "-29":11603.4619140625,
        "-28":11452.5107421875,
        "-27":11868.291015625,
        "-26":11429.7822265625,
        "-25":11606.1806640625,
        "-24":12067.431640625,
        "-23":11897.6005859375,
        "-22":11989.896484375,
        "-21":11879.798828125,
        "-20":11065.5966796875,
        "-19":12967.154296875,
        "-18":13171.484375,
        "-17":12704.98046875,
        "-16":13486.6953125,
        "-15":12404.76953125,
        "-14":13418.6015625,
        "-13":13600.787109375,
        "-12":12511.8818359375,
        "-11":13311.509765625,
        "-10":13107.640625,
        "-9":13475.6240234375,
        "-8":13418.0458984375,
        "-7":13168.279296875,
        "-6":12418.6708984375,
        "-5":13303.8046875,
        "-4":12654.4521484375,
        "-3":12680.6728515625,
        "-2":12860.0185546875,
        "-1":12837.447265625,
        "0":12353.4404296875,
        "1":12046.3837890625,
        "2":11971.63671875,
        "3":12571.2998046875,
        "4":12615.3076171875,
        "5":13343.3427734375,
        "6":11773.8740234375,
        "7":12161.7724609375,
        "8":12348.892578125,
        "9":12344.806640625,
        "10":11982.4111328125,
        "11":11666.3798828125,
        "12":11615.4267578125,
        "13":12182.0009765625,
        "14":10879.2119140625,
        "15":11924.2744140625,
        "16":11170.6455078125,
        "17":11297.5869140625,
        "18":10710.6337890625,
        "19":9526.9111328125,
        "20":9876.9482421875,
        "21":11106.78515625,
        "22":10759.892578125,
        "23":11159.197265625,
        "24":10863.58203125,
        "25":11016.30078125,
        "26":11177.169921875,
        "27":11027.578125,
        "28":9755.4873046875,
        "29":9943.6689453125,
        "30":10839.3359375,
        "31":9874.9951171875,
        "32":10356.763671875,
        "33":10325.8662109375,
        "34":10349.5625,
        "35":10344.794921875,
        "36":10743.0615234375,
        "37":10449.005859375,
        "38":10407.10546875,
        "39":10526.4091796875,
        "40":11180.451171875,
        "41":9864.998046875,
        "42":10696.330078125,
        "43":11069.8564453125,
        "44":10867.5185546875,
        "45":10965.0556640625,
        "46":11587.0986328125,
        "47":11551.4267578125,
        "48":11576.6748046875,
        "49":11425.287109375
    }
}