{
    "data":{
        "-30":16489.814453125,
        "-29":14718.388671875,
        "-28":12113.1923828125,
        "-27":13745.44921875,
        "-26":14713.1396484375,
        "-25":14333.181640625,
        "-24":14311.2666015625,
        "-23":14099.0205078125,
        "-22":13496.986328125,
        "-21":13229.4912109375,
        "-20":11917.142578125,
        "-19":12846.0830078125,
        "-18":12163.7783203125,
        "-17":13333.4765625,
        "-16":12953.5791015625,
        "-15":12045.5634765625,
        "-14":13059.986328125,
        "-13":11867.3935546875,
        "-12":13568.306640625,
        "-11":15051.474609375,
        "-10":12262.0263671875,
        "-9":13629.4345703125,
        "-8":13379.068359375,
        "-7":12911.73046875,
        "-6":12059.8251953125,
        "-5":12460.84765625,
        "-4":10357.2705078125,
        "-3":11253.0361328125,
        "-2":12230.0546875,
        "-1":12711.57421875,
        "0":14294.0224609375,
        "1":12830.3701171875,
        "2":12695.9736328125,
        "3":11767.8212890625,
        "4":14058.751953125,
        "5":9844.91796875,
        "6":15457.1953125,
        "7":13029.7236328125,
        "8":16037.0,
        "9":12453.333984375,
        "10":14286.3486328125,
        "11":16269.8603515625,
        "12":14222.044921875,
        "13":12600.79296875,
        "14":14675.9150390625,
        "15":12148.2666015625,
        "16":11251.7578125,
        "17":12330.9580078125,
        "18":14622.9140625,
        "19":12595.90625,
        "20":13155.5419921875,
        "21":15473.8330078125,
        "22":12739.9638671875,
        "23":11833.4326171875,
        "24":13016.5390625,
        "25":15705.8203125,
        "26":13480.466796875,
        "27":14835.849609375,
        "28":12189.55859375,
        "29":11859.3154296875,
        "30":15629.8232421875,
        "31":12219.0615234375,
        "32":14944.013671875,
        "33":12025.8837890625,
        "34":13754.8828125,
        "35":13126.251953125,
        "36":11312.5234375,
        "37":14498.580078125,
        "38":15230.4638671875,
        "39":12683.9736328125,
        "40":14583.251953125,
        "41":14395.408203125,
        "42":15879.8974609375,
        "43":14166.8408203125,
        "44":17997.09375,
        "45":16095.6220703125,
        "46":12960.7900390625,
        "47":13941.0224609375,
        "48":14522.63671875,
        "49":12428.185546875
    },
    "std":{
        "-30":4528.8754882812,
        "-29":4239.3374023438,
        "-28":3659.2419433594,
        "-27":2798.4982910156,
        "-26":3363.6440429688,
        "-25":3895.1245117188,
        "-24":3995.720703125,
        "-23":3353.9047851562,
        "-22":4115.4028320312,
        "-21":3930.4509277344,
        "-20":3896.8288574219,
        "-19":3059.9060058594,
        "-18":3744.3981933594,
        "-17":3110.9382324219,
        "-16":2873.0466308594,
        "-15":2876.8327636719,
        "-14":3485.5583496094,
        "-13":2155.84375,
        "-12":3578.1147460938,
        "-11":3183.6135253906,
        "-10":2860.1174316406,
        "-9":2716.0749511719,
        "-8":2669.482421875,
        "-7":2825.4597167969,
        "-6":2839.1418457031,
        "-5":2216.8776855469,
        "-4":2407.4147949219,
        "-3":2545.7062988281,
        "-2":2851.9450683594,
        "-1":2772.4294433594,
        "0":2547.1662597656,
        "1":2862.9379882812,
        "2":2188.3759765625,
        "3":2946.4782714844,
        "4":2380.2507324219,
        "5":2191.171875,
        "6":2652.4545898438,
        "7":2391.4235839844,
        "8":1683.6268310547,
        "9":2618.8078613281,
        "10":3064.94921875,
        "11":2561.1437988281,
        "12":2503.0986328125,
        "13":2079.5729980469,
        "14":2559.2087402344,
        "15":2301.3557128906,
        "16":1985.3220214844,
        "17":2372.0983886719,
        "18":2725.8256835938,
        "19":3005.0322265625,
        "20":2540.7045898438,
        "21":3325.0126953125,
        "22":3875.7009277344,
        "23":3417.08984375,
        "24":3230.466796875,
        "25":3377.4050292969,
        "26":3297.9140625,
        "27":3584.1857910156,
        "28":2883.1892089844,
        "29":3065.8928222656,
        "30":3845.9772949219,
        "31":3206.4006347656,
        "32":3810.9621582031,
        "33":2845.3654785156,
        "34":3409.8608398438,
        "35":3411.5302734375,
        "36":3546.3037109375,
        "37":3563.8059082031,
        "38":3637.9814453125,
        "39":4334.3994140625,
        "40":3570.7841796875,
        "41":3986.666015625,
        "42":4106.6083984375,
        "43":4398.8041992188,
        "44":4545.1630859375,
        "45":3424.2841796875,
        "46":4726.4580078125,
        "47":4702.5966796875,
        "48":4145.9111328125,
        "49":3712.0524902344
    }
}