{
    "data":{
        "-30":12292.408203125,
        "-29":11196.828125,
        "-28":11309.58203125,
        "-27":9495.0546875,
        "-26":10390.8662109375,
        "-25":11215.015625,
        "-24":10609.6767578125,
        "-23":10366.109375,
        "-22":9566.6513671875,
        "-21":10959.3662109375,
        "-20":11234.16015625,
        "-19":10864.8798828125,
        "-18":12129.4638671875,
        "-17":13304.310546875,
        "-16":10119.27734375,
        "-15":7936.5947265625,
        "-14":10987.806640625,
        "-13":11532.0244140625,
        "-12":9128.4443359375,
        "-11":10140.763671875,
        "-10":9820.5830078125,
        "-9":11014.7578125,
        "-8":11936.7412109375,
        "-7":10651.69921875,
        "-6":8699.4765625,
        "-5":12217.19921875,
        "-4":10476.9931640625,
        "-3":10209.8212890625,
        "-2":12467.8330078125,
        "-1":11722.0927734375,
        "0":10131.14453125,
        "1":9925.650390625,
        "2":12164.328125,
        "3":11700.6943359375,
        "4":10655.6484375,
        "5":9923.607421875,
        "6":11532.326171875,
        "7":11768.3046875,
        "8":14367.943359375,
        "9":11071.5234375,
        "10":11581.5146484375,
        "11":11704.8046875,
        "12":9487.078125,
        "13":12353.578125,
        "14":12145.482421875,
        "15":11487.095703125,
        "16":12049.7060546875,
        "17":11716.9453125,
        "18":8807.3515625,
        "19":8721.4111328125,
        "20":13266.126953125,
        "21":9705.3544921875,
        "22":12335.5546875,
        "23":11561.52734375,
        "24":10548.150390625,
        "25":10867.4423828125,
        "26":11154.5986328125,
        "27":11104.2275390625,
        "28":8725.8486328125,
        "29":11665.10546875,
        "30":10770.03125,
        "31":11184.4111328125,
        "32":11307.599609375,
        "33":12837.2529296875,
        "34":9638.5634765625,
        "35":9031.89453125,
        "36":10449.166015625,
        "37":10825.8232421875,
        "38":11495.8857421875,
        "39":10527.1533203125,
        "40":14101.7109375,
        "41":10407.158203125,
        "42":10834.3056640625,
        "43":13034.9033203125,
        "44":10349.0283203125,
        "45":9717.7294921875,
        "46":11148.681640625,
        "47":13395.3232421875,
        "48":11352.021484375,
        "49":10898.3466796875
    },
    "std":{
        "-30":2055.1008300781,
        "-29":1774.3651123047,
        "-28":2338.2734375,
        "-27":1863.5614013672,
        "-26":2258.3752441406,
        "-25":2381.8764648438,
        "-24":2097.2236328125,
        "-23":2205.4958496094,
        "-22":2469.2561035156,
        "-21":1741.7692871094,
        "-20":2472.8393554688,
        "-19":1798.3308105469,
        "-18":1586.3306884766,
        "-17":2223.8115234375,
        "-16":1853.2840576172,
        "-15":1586.3636474609,
        "-14":1825.3408203125,
        "-13":2109.2233886719,
        "-12":1704.5354003906,
        "-11":1716.9368896484,
        "-10":1941.8052978516,
        "-9":2175.6674804688,
        "-8":1413.1986083984,
        "-7":2413.0324707031,
        "-6":1750.6181640625,
        "-5":1539.1290283203,
        "-4":2207.40625,
        "-3":2012.9956054688,
        "-2":1851.8315429688,
        "-1":1890.3577880859,
        "0":2081.2165527344,
        "1":2187.0856933594,
        "2":2006.1215820312,
        "3":1980.5877685547,
        "4":2035.3872070312,
        "5":2008.595703125,
        "6":1804.4025878906,
        "7":1928.7950439453,
        "8":2497.6723632812,
        "9":1993.6887207031,
        "10":2202.9272460938,
        "11":2154.3142089844,
        "12":2319.4677734375,
        "13":1612.7016601562,
        "14":1872.9869384766,
        "15":1927.0203857422,
        "16":2012.0537109375,
        "17":1946.5290527344,
        "18":1964.7528076172,
        "19":1881.5797119141,
        "20":1862.1832275391,
        "21":2199.1782226562,
        "22":2213.1066894531,
        "23":2264.7692871094,
        "24":2080.3581542969,
        "25":1829.837890625,
        "26":1840.9904785156,
        "27":1897.6359863281,
        "28":1673.654296875,
        "29":2027.8031005859,
        "30":2127.0349121094,
        "31":2258.0100097656,
        "32":1990.9818115234,
        "33":2238.7858886719,
        "34":2521.302734375,
        "35":1568.7490234375,
        "36":2309.5197753906,
        "37":2343.0805664062,
        "38":2002.431640625,
        "39":1964.8973388672,
        "40":2594.7543945312,
        "41":1614.7749023438,
        "42":1802.7661132812,
        "43":2090.1721191406,
        "44":1859.3579101562,
        "45":2069.2863769531,
        "46":2162.4338378906,
        "47":2151.7243652344,
        "48":1741.2298583984,
        "49":2312.7624511719
    }
}