{
    "data":{
        "-30":12074.4365234375,
        "-29":10362.798828125,
        "-28":10936.2890625,
        "-27":12050.7724609375,
        "-26":9505.39453125,
        "-25":13737.8125,
        "-24":13237.966796875,
        "-23":11427.7138671875,
        "-22":12452.86328125,
        "-21":11588.353515625,
        "-20":12113.150390625,
        "-19":13461.712890625,
        "-18":11734.5087890625,
        "-17":12469.28125,
        "-16":10922.0595703125,
        "-15":13108.337890625,
        "-14":11697.544921875,
        "-13":13081.3720703125,
        "-12":10488.4501953125,
        "-11":11767.1279296875,
        "-10":15798.35546875,
        "-9":10910.9296875,
        "-8":11112.4267578125,
        "-7":13409.4970703125,
        "-6":13663.2607421875,
        "-5":13802.435546875,
        "-4":10894.1015625,
        "-3":12495.9482421875,
        "-2":13898.4736328125,
        "-1":12946.4833984375,
        "0":13856.837890625,
        "1":13604.6533203125,
        "2":10854.98046875,
        "3":12238.5234375,
        "4":12682.212890625,
        "5":12511.099609375,
        "6":11274.4169921875,
        "7":15119.8173828125,
        "8":14141.701171875,
        "9":9070.376953125,
        "10":8000.2626953125,
        "11":10957.7451171875,
        "12":12525.966796875,
        "13":10923.201171875,
        "14":7778.9575195312,
        "15":9224.3623046875,
        "16":11313.2548828125,
        "17":14667.1923828125,
        "18":9780.1611328125,
        "19":12910.7412109375,
        "20":12928.986328125,
        "21":13191.3076171875,
        "22":10716.9443359375,
        "23":7213.6943359375,
        "24":9621.8701171875,
        "25":7986.3505859375,
        "26":10865.1689453125,
        "27":12783.380859375,
        "28":7673.7724609375,
        "29":10116.1552734375,
        "30":8830.732421875,
        "31":8952.416015625,
        "32":15136.4970703125,
        "33":14392.7861328125,
        "34":8727.076171875,
        "35":10221.6162109375,
        "36":11736.498046875,
        "37":8612.8974609375,
        "38":7993.0712890625,
        "39":10277.1953125,
        "40":12175.599609375,
        "41":10460.2685546875,
        "42":8481.7001953125,
        "43":10526.5361328125,
        "44":7632.2646484375,
        "45":10272.5078125,
        "46":12284.1826171875,
        "47":11426.2890625,
        "48":10503.0126953125,
        "49":11319.6171875
    },
    "std":{
        "-30":2779.0400390625,
        "-29":3476.4838867188,
        "-28":2695.7153320312,
        "-27":3149.8129882812,
        "-26":2304.5541992188,
        "-25":4120.8676757812,
        "-24":3940.943359375,
        "-23":2944.92578125,
        "-22":3523.5104980469,
        "-21":3295.7885742188,
        "-20":4262.6640625,
        "-19":3180.6340332031,
        "-18":2991.2707519531,
        "-17":2536.5705566406,
        "-16":2406.4580078125,
        "-15":3667.5786132812,
        "-14":3062.9973144531,
        "-13":4727.9467773438,
        "-12":3546.1472167969,
        "-11":4044.796875,
        "-10":5525.2744140625,
        "-9":3419.3972167969,
        "-8":4584.3408203125,
        "-7":5034.5810546875,
        "-6":5355.1020507812,
        "-5":3608.9099121094,
        "-4":2797.5126953125,
        "-3":3802.6796875,
        "-2":3193.2104492188,
        "-1":3659.599609375,
        "0":5671.41796875,
        "1":4696.255859375,
        "2":4320.7172851562,
        "3":5126.1694335938,
        "4":4764.2993164062,
        "5":3854.5090332031,
        "6":3902.1765136719,
        "7":5072.5063476562,
        "8":4507.3784179688,
        "9":2850.9675292969,
        "10":2673.1215820312,
        "11":3578.6450195312,
        "12":4505.3872070312,
        "13":2518.2092285156,
        "14":1900.5661621094,
        "15":3394.3830566406,
        "16":2904.3708496094,
        "17":4009.0571289062,
        "18":4646.6171875,
        "19":4454.322265625,
        "20":3979.2487792969,
        "21":4816.1440429688,
        "22":3705.0161132812,
        "23":2100.8452148438,
        "24":1602.9306640625,
        "25":2513.3896484375,
        "26":2764.615234375,
        "27":2566.5793457031,
        "28":2756.2065429688,
        "29":2338.8720703125,
        "30":2582.8129882812,
        "31":2847.8190917969,
        "32":4702.8266601562,
        "33":3098.7687988281,
        "34":1902.1153564453,
        "35":2865.1188964844,
        "36":3071.9401855469,
        "37":2557.4565429688,
        "38":2116.6120605469,
        "39":2440.8591308594,
        "40":2718.5932617188,
        "41":2396.025390625,
        "42":2740.4821777344,
        "43":3442.0871582031,
        "44":1933.9393310547,
        "45":3296.6330566406,
        "46":2977.87109375,
        "47":2905.822265625,
        "48":3478.2473144531,
        "49":2633.4968261719
    }
}