{
    "data":{
        "-30":8063.2084960938,
        "-29":8432.8359375,
        "-28":7602.2475585938,
        "-27":8583.3154296875,
        "-26":6340.00390625,
        "-25":9153.5673828125,
        "-24":9495.5625,
        "-23":5456.6938476562,
        "-22":8241.0390625,
        "-21":7207.02734375,
        "-20":10997.658203125,
        "-19":8738.720703125,
        "-18":8024.1176757812,
        "-17":6611.0908203125,
        "-16":11022.5673828125,
        "-15":6956.5302734375,
        "-14":10598.7978515625,
        "-13":10702.9453125,
        "-12":8220.4736328125,
        "-11":8544.06640625,
        "-10":8911.7109375,
        "-9":9134.7373046875,
        "-8":8857.078125,
        "-7":9187.5,
        "-6":9415.8056640625,
        "-5":9503.3642578125,
        "-4":8678.978515625,
        "-3":9315.8203125,
        "-2":9286.279296875,
        "-1":11262.2919921875,
        "0":12733.8046875,
        "1":11749.0107421875,
        "2":13552.431640625,
        "3":12083.3251953125,
        "4":8657.1142578125,
        "5":7072.7319335938,
        "6":14044.29296875,
        "7":13812.556640625,
        "8":12878.751953125,
        "9":11396.0166015625,
        "10":12848.8701171875,
        "11":10998.267578125,
        "12":13514.5771484375,
        "13":11695.4794921875,
        "14":13469.283203125,
        "15":11182.8291015625,
        "16":8910.65234375,
        "17":12444.4140625,
        "18":12304.1513671875,
        "19":11115.044921875,
        "20":10596.6259765625,
        "21":10320.6328125,
        "22":12253.384765625,
        "23":13520.7666015625,
        "24":10699.0341796875,
        "25":11755.7138671875,
        "26":9817.0576171875,
        "27":7076.31640625,
        "28":12754.6845703125,
        "29":9592.2880859375,
        "30":9370.205078125,
        "31":10419.51171875,
        "32":9188.169921875,
        "33":9590.7568359375,
        "34":9525.3349609375,
        "35":9884.2177734375,
        "36":5548.01171875,
        "37":12801.244140625,
        "38":10881.7275390625,
        "39":11019.5576171875,
        "40":9301.19921875,
        "41":8662.5703125,
        "42":13912.439453125,
        "43":8020.9418945312,
        "44":12633.5166015625,
        "45":9928.3046875,
        "46":8211.5673828125,
        "47":9098.6953125,
        "48":8242.173828125,
        "49":7080.0068359375
    },
    "std":{
        "-30":1668.5753173828,
        "-29":1212.2404785156,
        "-28":1642.8377685547,
        "-27":1715.5916748047,
        "-26":1227.5222167969,
        "-25":1410.0473632812,
        "-24":1592.9244384766,
        "-23":1096.1798095703,
        "-22":1707.3039550781,
        "-21":1377.6254882812,
        "-20":2175.8806152344,
        "-19":1906.2666015625,
        "-18":1585.3641357422,
        "-17":1287.958984375,
        "-16":2033.6127929688,
        "-15":1363.1146240234,
        "-14":1919.3548583984,
        "-13":1303.2449951172,
        "-12":1985.9468994141,
        "-11":1932.6473388672,
        "-10":1379.8040771484,
        "-9":1441.9781494141,
        "-8":1786.5734863281,
        "-7":1844.0006103516,
        "-6":1674.4782714844,
        "-5":1653.921875,
        "-4":1935.7337646484,
        "-3":1685.3830566406,
        "-2":2122.0747070312,
        "-1":2153.1157226562,
        "0":2770.9509277344,
        "1":2821.3913574219,
        "2":3111.9885253906,
        "3":2963.0837402344,
        "4":1654.0936279297,
        "5":1293.4050292969,
        "6":2774.109375,
        "7":2983.1579589844,
        "8":2384.3957519531,
        "9":2280.5876464844,
        "10":2013.6151123047,
        "11":1809.5411376953,
        "12":2677.8559570312,
        "13":2278.8937988281,
        "14":2064.12109375,
        "15":1918.4307861328,
        "16":2087.4936523438,
        "17":2594.8486328125,
        "18":2709.9462890625,
        "19":2387.2836914062,
        "20":1811.1234130859,
        "21":1451.8067626953,
        "22":2692.1245117188,
        "23":2480.5715332031,
        "24":1698.1328125,
        "25":1887.8012695312,
        "26":1814.1026611328,
        "27":1643.7244873047,
        "28":1960.5278320312,
        "29":2648.2333984375,
        "30":2789.3835449219,
        "31":2548.7839355469,
        "32":2746.9052734375,
        "33":1779.5653076172,
        "34":1959.7875976562,
        "35":1788.4989013672,
        "36":1785.3377685547,
        "37":2023.6998291016,
        "38":1729.3575439453,
        "39":1799.8118896484,
        "40":1836.0207519531,
        "41":2071.8193359375,
        "42":2315.9313964844,
        "43":1538.4459228516,
        "44":2177.1467285156,
        "45":1660.9633789062,
        "46":1407.1610107422,
        "47":1677.4930419922,
        "48":1152.6235351562,
        "49":1317.5096435547
    }
}