{
    "data":{
        "-30":17109.390625,
        "-29":16068.9794921875,
        "-28":15979.423828125,
        "-27":19564.9765625,
        "-26":18849.236328125,
        "-25":17148.296875,
        "-24":17936.203125,
        "-23":19266.34765625,
        "-22":16856.671875,
        "-21":18678.53515625,
        "-20":18227.12109375,
        "-19":18647.52734375,
        "-18":21098.90234375,
        "-17":18009.2421875,
        "-16":17697.748046875,
        "-15":16981.35546875,
        "-14":18105.322265625,
        "-13":18231.97265625,
        "-12":17830.48828125,
        "-11":17657.958984375,
        "-10":17105.759765625,
        "-9":15627.2392578125,
        "-8":19031.740234375,
        "-7":18197.21484375,
        "-6":19774.828125,
        "-5":16215.98828125,
        "-4":20123.91015625,
        "-3":16190.8359375,
        "-2":18307.2265625,
        "-1":16426.142578125,
        "0":17179.48828125,
        "1":18860.2734375,
        "2":18427.65234375,
        "3":15703.8603515625,
        "4":18399.83984375,
        "5":15387.0791015625,
        "6":19156.69921875,
        "7":17527.33984375,
        "8":16866.25,
        "9":19521.580078125,
        "10":18405.552734375,
        "11":17827.06640625,
        "12":17806.275390625,
        "13":19033.671875,
        "14":20096.072265625,
        "15":17577.287109375,
        "16":19922.1875,
        "17":18635.947265625,
        "18":19280.474609375,
        "19":16194.57421875,
        "20":18093.583984375,
        "21":21414.29296875,
        "22":19127.8359375,
        "23":21899.890625,
        "24":20524.318359375,
        "25":17558.4765625,
        "26":18546.68359375,
        "27":18851.6796875,
        "28":17375.857421875,
        "29":19815.203125,
        "30":19601.103515625,
        "31":19802.9453125,
        "32":22413.6796875,
        "33":18922.953125,
        "34":23720.4921875,
        "35":19743.392578125,
        "36":21255.376953125,
        "37":18029.5078125,
        "38":18204.486328125,
        "39":16918.025390625,
        "40":22192.603515625,
        "41":19894.814453125,
        "42":18566.97265625,
        "43":16923.447265625,
        "44":20723.978515625,
        "45":16682.306640625,
        "46":19009.22265625,
        "47":19306.6015625,
        "48":16701.232421875,
        "49":14324.5107421875
    },
    "std":{
        "-30":3277.6711425781,
        "-29":4045.8835449219,
        "-28":3606.0249023438,
        "-27":4188.048828125,
        "-26":4434.6928710938,
        "-25":3995.9206542969,
        "-24":3162.3449707031,
        "-23":3816.4982910156,
        "-22":3642.5444335938,
        "-21":3588.6162109375,
        "-20":4286.943359375,
        "-19":4423.373046875,
        "-18":4522.6533203125,
        "-17":4489.9365234375,
        "-16":4720.9125976562,
        "-15":4184.6772460938,
        "-14":5028.9111328125,
        "-13":3972.8322753906,
        "-12":3931.384765625,
        "-11":4042.2583007812,
        "-10":4653.8310546875,
        "-9":4237.7822265625,
        "-8":4441.2817382812,
        "-7":4121.9775390625,
        "-6":4354.9038085938,
        "-5":4264.4716796875,
        "-4":4370.1577148438,
        "-3":4326.3994140625,
        "-2":5045.3549804688,
        "-1":4213.8564453125,
        "0":4794.1650390625,
        "1":4078.5322265625,
        "2":4326.849609375,
        "3":3703.2631835938,
        "4":4333.1806640625,
        "5":4195.59765625,
        "6":4680.1401367188,
        "7":3929.5615234375,
        "8":4081.7612304688,
        "9":3976.4033203125,
        "10":3979.6203613281,
        "11":3851.9020996094,
        "12":3859.6030273438,
        "13":3522.0310058594,
        "14":3500.7348632812,
        "15":4294.1953125,
        "16":4258.5537109375,
        "17":3410.9147949219,
        "18":3902.7102050781,
        "19":3862.1440429688,
        "20":4174.0288085938,
        "21":3901.5083007812,
        "22":3634.994140625,
        "23":3535.8425292969,
        "24":3510.2902832031,
        "25":3744.7006835938,
        "26":3698.8486328125,
        "27":3884.37890625,
        "28":3545.31640625,
        "29":3946.2219238281,
        "30":3890.76953125,
        "31":3509.1423339844,
        "32":3215.3984375,
        "33":2690.7016601562,
        "34":4064.5041503906,
        "35":3142.7377929688,
        "36":3675.2734375,
        "37":3307.3881835938,
        "38":3184.9113769531,
        "39":2693.3935546875,
        "40":3704.9204101562,
        "41":3640.8576660156,
        "42":3208.4514160156,
        "43":3770.9763183594,
        "44":3580.77734375,
        "45":2746.5571289062,
        "46":3526.7658691406,
        "47":3762.8874511719,
        "48":3656.2990722656,
        "49":3232.8054199219
    }
}