{
    "data":{
        "-30":20144.572265625,
        "-29":17335.828125,
        "-28":14856.6171875,
        "-27":20209.36328125,
        "-26":22747.052734375,
        "-25":19461.72265625,
        "-24":15341.8701171875,
        "-23":18012.96484375,
        "-22":18062.916015625,
        "-21":18391.560546875,
        "-20":15185.8701171875,
        "-19":19644.21484375,
        "-18":19208.14453125,
        "-17":18426.9609375,
        "-16":17061.021484375,
        "-15":16415.3359375,
        "-14":17242.5390625,
        "-13":20663.05078125,
        "-12":17527.25,
        "-11":20861.734375,
        "-10":17079.9453125,
        "-9":13798.6455078125,
        "-8":15445.9404296875,
        "-7":16980.119140625,
        "-6":17369.384765625,
        "-5":13983.0576171875,
        "-4":13799.294921875,
        "-3":17025.93359375,
        "-2":18764.337890625,
        "-1":17467.265625,
        "0":16532.6484375,
        "1":15266.0576171875,
        "2":17638.240234375,
        "3":16298.9765625,
        "4":19795.646484375,
        "5":16250.9833984375,
        "6":17427.998046875,
        "7":14994.3154296875,
        "8":16708.796875,
        "9":12932.580078125,
        "10":13752.7587890625,
        "11":16392.71484375,
        "12":14058.4638671875,
        "13":15536.525390625,
        "14":15113.2548828125,
        "15":17382.384765625,
        "16":18655.0703125,
        "17":16545.994140625,
        "18":15631.443359375,
        "19":15564.3017578125,
        "20":16630.29296875,
        "21":16883.166015625,
        "22":15015.7587890625,
        "23":15303.88671875,
        "24":17362.65234375,
        "25":12656.5107421875,
        "26":15876.0712890625,
        "27":16630.236328125,
        "28":19552.078125,
        "29":14936.59375,
        "30":16680.3671875,
        "31":14698.2021484375,
        "32":12231.8720703125,
        "33":13395.3662109375,
        "34":14948.3486328125,
        "35":14522.9404296875,
        "36":12238.8486328125,
        "37":13559.607421875,
        "38":8522.6875,
        "39":15585.060546875,
        "40":11989.6123046875,
        "41":14869.5205078125,
        "42":13373.2041015625,
        "43":10800.3603515625,
        "44":15814.892578125,
        "45":14301.8232421875,
        "46":11051.8095703125,
        "47":15867.5654296875,
        "48":13618.2607421875,
        "49":12927.5888671875
    },
    "std":{
        "-30":4358.3100585938,
        "-29":4951.7983398438,
        "-28":4927.8330078125,
        "-27":4686.8974609375,
        "-26":4758.7172851562,
        "-25":4325.7045898438,
        "-24":4069.4575195312,
        "-23":4307.0532226562,
        "-22":4638.1059570312,
        "-21":4157.2387695312,
        "-20":4545.7041015625,
        "-19":4359.6508789062,
        "-18":3979.4438476562,
        "-17":4243.6137695312,
        "-16":3841.5498046875,
        "-15":3656.6098632812,
        "-14":3808.7941894531,
        "-13":4065.94140625,
        "-12":3425.0700683594,
        "-11":3578.9057617188,
        "-10":3861.7529296875,
        "-9":2896.0158691406,
        "-8":3498.716796875,
        "-7":4452.1508789062,
        "-6":3777.6892089844,
        "-5":3773.8605957031,
        "-4":3133.591796875,
        "-3":3329.8989257812,
        "-2":3305.3647460938,
        "-1":3770.2390136719,
        "0":3584.4899902344,
        "1":3329.5639648438,
        "2":3595.4892578125,
        "3":3564.9150390625,
        "4":3201.5205078125,
        "5":2597.0615234375,
        "6":3090.8874511719,
        "7":3174.3166503906,
        "8":3208.0456542969,
        "9":2901.8708496094,
        "10":3118.6748046875,
        "11":3068.4592285156,
        "12":2908.169921875,
        "13":3224.8779296875,
        "14":3313.9169921875,
        "15":2052.720703125,
        "16":2929.87109375,
        "17":2725.8627929688,
        "18":2594.2414550781,
        "19":3306.7314453125,
        "20":3524.4079589844,
        "21":2926.8337402344,
        "22":2625.9660644531,
        "23":2466.8784179688,
        "24":2970.4428710938,
        "25":2924.5659179688,
        "26":3012.0041503906,
        "27":3443.5546875,
        "28":2662.61328125,
        "29":3626.8830566406,
        "30":2864.07421875,
        "31":2795.0070800781,
        "32":3365.3454589844,
        "33":3166.7392578125,
        "34":2618.2080078125,
        "35":2711.6320800781,
        "36":2535.9206542969,
        "37":2447.1457519531,
        "38":2511.3896484375,
        "39":2711.70703125,
        "40":2344.4230957031,
        "41":2405.5134277344,
        "42":2711.8051757812,
        "43":2064.4128417969,
        "44":2620.6906738281,
        "45":2693.1350097656,
        "46":2433.7302246094,
        "47":1972.8126220703,
        "48":2064.0415039062,
        "49":2186.0241699219
    }
}