{
    "data":{
        "-30":9872.4716796875,
        "-29":11914.517578125,
        "-28":8332.779296875,
        "-27":9130.8046875,
        "-26":6898.4174804688,
        "-25":9648.7177734375,
        "-24":9383.443359375,
        "-23":11105.982421875,
        "-22":8970.6181640625,
        "-21":9114.9951171875,
        "-20":10032.240234375,
        "-19":10986.388671875,
        "-18":9176.6318359375,
        "-17":10424.8681640625,
        "-16":9699.3203125,
        "-15":10878.8037109375,
        "-14":9972.98828125,
        "-13":9326.916015625,
        "-12":10108.0439453125,
        "-11":6837.0478515625,
        "-10":8260.025390625,
        "-9":9173.0263671875,
        "-8":9488.5478515625,
        "-7":10860.056640625,
        "-6":11363.435546875,
        "-5":10335.8076171875,
        "-4":9541.9541015625,
        "-3":10344.5654296875,
        "-2":9793.576171875,
        "-1":9556.95703125,
        "0":7262.17578125,
        "1":6818.8408203125,
        "2":9051.5546875,
        "3":8090.6508789062,
        "4":9859.9443359375,
        "5":10671.9404296875,
        "6":7858.7568359375,
        "7":7988.0126953125,
        "8":8619.291015625,
        "9":8901.9482421875,
        "10":9217.958984375,
        "11":6428.9926757812,
        "12":7320.6274414062,
        "13":7694.3125,
        "14":9519.935546875,
        "15":8048.8505859375,
        "16":5469.0400390625,
        "17":8695.5234375,
        "18":8698.013671875,
        "19":6997.59765625,
        "20":7496.2099609375,
        "21":6796.8154296875,
        "22":7745.6899414062,
        "23":6592.837890625,
        "24":8301.748046875,
        "25":9449.1435546875,
        "26":6796.462890625,
        "27":8281.7255859375,
        "28":7101.3334960938,
        "29":8974.4853515625,
        "30":8009.587890625,
        "31":7636.7944335938,
        "32":6805.5239257812,
        "33":7826.5073242188,
        "34":7015.5014648438,
        "35":6543.7231445312,
        "36":8162.2177734375,
        "37":6889.9116210938,
        "38":6749.0639648438,
        "39":7588.6889648438,
        "40":8489.7861328125,
        "41":7948.4575195312,
        "42":8547.6494140625,
        "43":7690.2358398438,
        "44":7857.744140625,
        "45":7020.6552734375,
        "46":8204.685546875,
        "47":9994.794921875,
        "48":11210.5498046875,
        "49":9200.4501953125
    },
    "std":{
        "-30":1579.080078125,
        "-29":1512.9036865234,
        "-28":1638.1560058594,
        "-27":1204.3972167969,
        "-26":1084.2282714844,
        "-25":1484.8190917969,
        "-24":1048.7373046875,
        "-23":1482.7938232422,
        "-22":1371.2248535156,
        "-21":2078.8566894531,
        "-20":2028.3385009766,
        "-19":1795.0288085938,
        "-18":2339.1545410156,
        "-17":2430.3383789062,
        "-16":2476.1345214844,
        "-15":2102.6711425781,
        "-14":2034.1383056641,
        "-13":1852.1215820312,
        "-12":1696.2036132812,
        "-11":1835.8216552734,
        "-10":1901.3989257812,
        "-9":1930.1887207031,
        "-8":2016.568359375,
        "-7":2249.4521484375,
        "-6":2492.1860351562,
        "-5":1858.8116455078,
        "-4":1421.3873291016,
        "-3":1469.9422607422,
        "-2":1468.7172851562,
        "-1":1564.6921386719,
        "0":1911.9046630859,
        "1":1625.3959960938,
        "2":1190.8345947266,
        "3":1100.2918701172,
        "4":1496.17578125,
        "5":1606.7729492188,
        "6":1342.5815429688,
        "7":1535.4940185547,
        "8":1373.3214111328,
        "9":1417.4711914062,
        "10":1568.43359375,
        "11":911.4533691406,
        "12":1167.3112792969,
        "13":1169.9716796875,
        "14":872.55859375,
        "15":1075.7213134766,
        "16":1097.2895507812,
        "17":854.8223266602,
        "18":1055.9420166016,
        "19":1181.0146484375,
        "20":1249.6501464844,
        "21":1032.8978271484,
        "22":946.1315917969,
        "23":1000.2105102539,
        "24":1233.6370849609,
        "25":1166.2253417969,
        "26":1243.3109130859,
        "27":1253.5490722656,
        "28":1415.3145751953,
        "29":1497.4609375,
        "30":1541.1252441406,
        "31":1356.1804199219,
        "32":1292.1062011719,
        "33":1328.2996826172,
        "34":1361.2989501953,
        "35":1211.7432861328,
        "36":1318.3258056641,
        "37":1251.2419433594,
        "38":1127.1810302734,
        "39":1215.5189208984,
        "40":1186.1899414062,
        "41":993.4533081055,
        "42":1020.643737793,
        "43":1045.7163085938,
        "44":1318.2828369141,
        "45":1167.5549316406,
        "46":1258.6605224609,
        "47":1550.7958984375,
        "48":1551.0952148438,
        "49":1617.5969238281
    }
}