{
    "data":{
        "-30":13946.6669921875,
        "-29":13888.1611328125,
        "-28":10990.9296875,
        "-27":10026.19140625,
        "-26":13763.013671875,
        "-25":12590.693359375,
        "-24":14608.904296875,
        "-23":9384.1171875,
        "-22":12485.0595703125,
        "-21":10875.7392578125,
        "-20":9479.3330078125,
        "-19":13928.2109375,
        "-18":10100.310546875,
        "-17":12016.6455078125,
        "-16":12686.408203125,
        "-15":13303.0771484375,
        "-14":13946.2705078125,
        "-13":9958.1806640625,
        "-12":12126.1982421875,
        "-11":10415.470703125,
        "-10":11771.361328125,
        "-9":11429.3701171875,
        "-8":9579.4013671875,
        "-7":13016.9970703125,
        "-6":13708.0029296875,
        "-5":10559.720703125,
        "-4":7804.2954101562,
        "-3":11304.3251953125,
        "-2":12004.9140625,
        "-1":10232.330078125,
        "0":14651.244140625,
        "1":10443.6591796875,
        "2":10876.2607421875,
        "3":17432.279296875,
        "4":10379.208984375,
        "5":11595.94140625,
        "6":13725.92578125,
        "7":15377.2578125,
        "8":16326.9111328125,
        "9":13319.20703125,
        "10":12895.623046875,
        "11":13206.2353515625,
        "12":12622.9208984375,
        "13":13549.2470703125,
        "14":12286.193359375,
        "15":13792.0888671875,
        "16":13777.6396484375,
        "17":11155.29296875,
        "18":12696.9423828125,
        "19":14571.7099609375,
        "20":14386.9794921875,
        "21":11788.736328125,
        "22":14228.494140625,
        "23":14584.099609375,
        "24":15326.419921875,
        "25":13736.1142578125,
        "26":14939.1083984375,
        "27":14339.6298828125,
        "28":12705.720703125,
        "29":13159.98046875,
        "30":13455.849609375,
        "31":15333.8095703125,
        "32":12447.65234375,
        "33":12901.880859375,
        "34":13346.8046875,
        "35":15238.5888671875,
        "36":13564.529296875,
        "37":11978.4892578125,
        "38":12152.92578125,
        "39":14042.7646484375,
        "40":14754.900390625,
        "41":12973.904296875,
        "42":15486.6982421875,
        "43":14900.126953125,
        "44":13065.744140625,
        "45":13940.6455078125,
        "46":11205.435546875,
        "47":12933.1171875,
        "48":15278.525390625,
        "49":11002.8115234375
    },
    "std":{
        "-30":3392.4362792969,
        "-29":2396.4904785156,
        "-28":2132.8793945312,
        "-27":2775.8920898438,
        "-26":2011.4627685547,
        "-25":2797.7690429688,
        "-24":3167.4567871094,
        "-23":2463.6437988281,
        "-22":2186.0100097656,
        "-21":2521.2729492188,
        "-20":1631.6541748047,
        "-19":2402.8244628906,
        "-18":2058.0004882812,
        "-17":2201.3459472656,
        "-16":2200.4172363281,
        "-15":2834.1274414062,
        "-14":1533.5068359375,
        "-13":2496.76171875,
        "-12":2161.8081054688,
        "-11":2294.1682128906,
        "-10":2181.3181152344,
        "-9":2426.6203613281,
        "-8":1973.3101806641,
        "-7":2311.9584960938,
        "-6":2123.1987304688,
        "-5":2072.1743164062,
        "-4":1480.1125488281,
        "-3":2236.3696289062,
        "-2":1960.8294677734,
        "-1":2196.6845703125,
        "0":2497.6826171875,
        "1":1822.8898925781,
        "2":2973.7429199219,
        "3":2357.0942382812,
        "4":2025.1452636719,
        "5":2113.701171875,
        "6":3092.5673828125,
        "7":2375.94921875,
        "8":1767.72265625,
        "9":2465.0739746094,
        "10":2693.482421875,
        "11":2918.9313964844,
        "12":2302.0825195312,
        "13":2437.4870605469,
        "14":3205.7214355469,
        "15":2442.2770996094,
        "16":2482.6845703125,
        "17":2351.0419921875,
        "18":2831.7844238281,
        "19":2721.8466796875,
        "20":3352.2932128906,
        "21":3192.2805175781,
        "22":3205.6147460938,
        "23":2541.8747558594,
        "24":3331.9543457031,
        "25":3248.6242675781,
        "26":3162.5590820312,
        "27":3272.8403320312,
        "28":3065.7756347656,
        "29":3051.0927734375,
        "30":3478.7790527344,
        "31":3331.9890136719,
        "32":3267.8842773438,
        "33":3734.7412109375,
        "34":3501.3796386719,
        "35":3588.41796875,
        "36":3804.8405761719,
        "37":2839.0012207031,
        "38":2640.9787597656,
        "39":3723.2514648438,
        "40":2946.1193847656,
        "41":3430.1306152344,
        "42":3214.3718261719,
        "43":3388.0407714844,
        "44":3287.8322753906,
        "45":3385.9279785156,
        "46":2582.5830078125,
        "47":3355.1535644531,
        "48":2541.3488769531,
        "49":2062.29296875
    }
}