{
    "data":{
        "-30":9722.5146484375,
        "-29":8995.1611328125,
        "-28":7436.2641601562,
        "-27":8479.794921875,
        "-26":6742.73828125,
        "-25":7854.1801757812,
        "-24":9914.904296875,
        "-23":7749.8505859375,
        "-22":8594.6416015625,
        "-21":7363.0239257812,
        "-20":7020.3706054688,
        "-19":10877.96875,
        "-18":7433.2944335938,
        "-17":8021.1577148438,
        "-16":12219.2490234375,
        "-15":7516.1791992188,
        "-14":8244.9130859375,
        "-13":7529.8393554688,
        "-12":7767.8862304688,
        "-11":10779.8173828125,
        "-10":10888.7607421875,
        "-9":5982.5888671875,
        "-8":8718.0,
        "-7":7867.7993164062,
        "-6":6667.2358398438,
        "-5":6679.39453125,
        "-4":7257.2373046875,
        "-3":8647.3984375,
        "-2":6800.2490234375,
        "-1":6684.1977539062,
        "0":6245.6552734375,
        "1":4806.021484375,
        "2":7869.2099609375,
        "3":6986.3891601562,
        "4":7648.9731445312,
        "5":8789.2734375,
        "6":7810.5478515625,
        "7":9078.1943359375,
        "8":8694.6181640625,
        "9":8775.15625,
        "10":6754.8637695312,
        "11":7962.25,
        "12":7630.4575195312,
        "13":6459.7231445312,
        "14":9336.6640625,
        "15":9215.546875,
        "16":8239.349609375,
        "17":6699.9487304688,
        "18":7952.021484375,
        "19":6889.55078125,
        "20":10201.990234375,
        "21":7598.0834960938,
        "22":6977.19921875,
        "23":5816.9907226562,
        "24":7968.1884765625,
        "25":7331.2021484375,
        "26":8216.994140625,
        "27":7845.1806640625,
        "28":7873.1948242188,
        "29":7918.865234375,
        "30":10064.3955078125,
        "31":11016.66796875,
        "32":8542.6484375,
        "33":6701.1850585938,
        "34":7629.2626953125,
        "35":8277.48046875,
        "36":7017.0229492188,
        "37":7911.7856445312,
        "38":5920.0600585938,
        "39":7117.8198242188,
        "40":6628.55859375,
        "41":8226.28515625,
        "42":7976.2490234375,
        "43":6855.4145507812,
        "44":7556.1494140625,
        "45":7130.4443359375,
        "46":8356.1767578125,
        "47":10426.6953125,
        "48":8148.75390625,
        "49":7700.9375
    },
    "std":{
        "-30":2041.5864257812,
        "-29":1255.1962890625,
        "-28":1168.2374267578,
        "-27":1321.0167236328,
        "-26":1140.1817626953,
        "-25":1127.1739501953,
        "-24":1594.5098876953,
        "-23":1072.5003662109,
        "-22":1388.9399414062,
        "-21":1035.1997070312,
        "-20":1476.3192138672,
        "-19":1546.5412597656,
        "-18":1555.7880859375,
        "-17":1576.4410400391,
        "-16":1285.5471191406,
        "-15":1299.1306152344,
        "-14":1396.7867431641,
        "-13":1202.4460449219,
        "-12":1191.51171875,
        "-11":1475.8117675781,
        "-10":1455.2783203125,
        "-9":1254.9241943359,
        "-8":1523.0061035156,
        "-7":1273.5245361328,
        "-6":1183.5197753906,
        "-5":1250.2669677734,
        "-4":1051.4730224609,
        "-3":1456.2087402344,
        "-2":1312.3254394531,
        "-1":1519.5100097656,
        "0":1135.8883056641,
        "1":1040.251953125,
        "2":1287.8519287109,
        "3":1079.6335449219,
        "4":1325.9415283203,
        "5":1319.4067382812,
        "6":1367.5731201172,
        "7":1436.3546142578,
        "8":1092.9805908203,
        "9":944.1041259766,
        "10":1431.9681396484,
        "11":1688.2740478516,
        "12":1251.2279052734,
        "13":969.7008056641,
        "14":1410.7882080078,
        "15":1499.0617675781,
        "16":1095.6251220703,
        "17":1276.7745361328,
        "18":1376.8543701172,
        "19":1097.9854736328,
        "20":1474.76953125,
        "21":1558.212890625,
        "22":1371.5063476562,
        "23":971.9307250977,
        "24":1300.48828125,
        "25":1448.544921875,
        "26":1148.1640625,
        "27":1222.9981689453,
        "28":1445.8245849609,
        "29":1572.1505126953,
        "30":1397.6164550781,
        "31":1572.7155761719,
        "32":1621.25390625,
        "33":1240.9630126953,
        "34":1279.6739501953,
        "35":1386.1087646484,
        "36":1264.3364257812,
        "37":1518.4759521484,
        "38":995.9194946289,
        "39":1221.09765625,
        "40":1125.4180908203,
        "41":1433.03125,
        "42":1438.5942382812,
        "43":1199.6019287109,
        "44":1193.189453125,
        "45":1492.9222412109,
        "46":1591.3400878906,
        "47":1825.3887939453,
        "48":1302.2528076172,
        "49":1072.1477050781
    }
}