{
    "data":{
        "-30":10898.775390625,
        "-29":8412.6328125,
        "-28":10052.9296875,
        "-27":13019.8583984375,
        "-26":13882.466796875,
        "-25":12577.3203125,
        "-24":11029.1982421875,
        "-23":9311.126953125,
        "-22":9559.66796875,
        "-21":10500.927734375,
        "-20":11408.0791015625,
        "-19":10506.2451171875,
        "-18":10606.2421875,
        "-17":14784.3896484375,
        "-16":12277.810546875,
        "-15":10967.5546875,
        "-14":11360.873046875,
        "-13":13043.107421875,
        "-12":10182.068359375,
        "-11":11358.2705078125,
        "-10":9341.7861328125,
        "-9":10579.810546875,
        "-8":10524.2783203125,
        "-7":7929.5654296875,
        "-6":12902.845703125,
        "-5":13457.3291015625,
        "-4":11485.1787109375,
        "-3":11138.8544921875,
        "-2":11283.39453125,
        "-1":9927.517578125,
        "0":10138.177734375,
        "1":11405.697265625,
        "2":9384.3486328125,
        "3":9742.0830078125,
        "4":10562.837890625,
        "5":10689.9716796875,
        "6":9405.31640625,
        "7":9006.19140625,
        "8":11544.6376953125,
        "9":9921.6669921875,
        "10":11579.23828125,
        "11":11219.2236328125,
        "12":13856.3037109375,
        "13":10418.8388671875,
        "14":12638.6982421875,
        "15":11619.228515625,
        "16":12411.1845703125,
        "17":11920.5869140625,
        "18":11262.7626953125,
        "19":10738.9541015625,
        "20":11168.1201171875,
        "21":12525.7236328125,
        "22":11645.748046875,
        "23":10018.5224609375,
        "24":10245.609375,
        "25":8516.8583984375,
        "26":8246.685546875,
        "27":8369.6865234375,
        "28":10678.029296875,
        "29":8214.123046875,
        "30":11967.76953125,
        "31":10802.3154296875,
        "32":10185.904296875,
        "33":12798.7333984375,
        "34":10042.54296875,
        "35":12340.1982421875,
        "36":12106.7802734375,
        "37":12028.7119140625,
        "38":9560.5966796875,
        "39":13100.5234375,
        "40":11377.5517578125,
        "41":8765.9765625,
        "42":10307.3642578125,
        "43":12692.1142578125,
        "44":10675.8525390625,
        "45":11335.7333984375,
        "46":11531.3935546875,
        "47":10149.7470703125,
        "48":11288.9619140625,
        "49":8956.4951171875
    },
    "std":{
        "-30":1960.837890625,
        "-29":2299.8676757812,
        "-28":2098.6245117188,
        "-27":1967.0399169922,
        "-26":2662.0568847656,
        "-25":1721.1800537109,
        "-24":2104.59765625,
        "-23":1801.3869628906,
        "-22":1837.0015869141,
        "-21":2141.7824707031,
        "-20":2512.66015625,
        "-19":2077.15234375,
        "-18":2205.533203125,
        "-17":2534.8725585938,
        "-16":2052.0988769531,
        "-15":2321.5483398438,
        "-14":2390.8100585938,
        "-13":2652.6623535156,
        "-12":1989.6541748047,
        "-11":2087.9685058594,
        "-10":1866.8917236328,
        "-9":1529.3344726562,
        "-8":1895.7005615234,
        "-7":1703.0555419922,
        "-6":2377.3361816406,
        "-5":2186.728515625,
        "-4":2353.3117675781,
        "-3":2109.3935546875,
        "-2":1314.7980957031,
        "-1":1536.8333740234,
        "0":1486.8801269531,
        "1":1859.2651367188,
        "2":1721.4981689453,
        "3":1744.8920898438,
        "4":2146.2531738281,
        "5":2135.6416015625,
        "6":1970.4067382812,
        "7":1578.5612792969,
        "8":1902.2567138672,
        "9":1927.9039306641,
        "10":2019.1029052734,
        "11":1700.1854248047,
        "12":2019.6417236328,
        "13":2075.7177734375,
        "14":1445.1418457031,
        "15":2400.7224121094,
        "16":2398.1606445312,
        "17":2586.474609375,
        "18":2341.982421875,
        "19":1974.6110839844,
        "20":2084.8015136719,
        "21":2651.525390625,
        "22":1718.1607666016,
        "23":2674.4973144531,
        "24":2222.6726074219,
        "25":2262.9365234375,
        "26":2011.3621826172,
        "27":2644.0012207031,
        "28":1660.3986816406,
        "29":1803.0161132812,
        "30":2496.4421386719,
        "31":2250.8884277344,
        "32":2378.109375,
        "33":2604.6967773438,
        "34":1806.5333251953,
        "35":2317.1174316406,
        "36":2057.2106933594,
        "37":2287.6884765625,
        "38":2239.6030273438,
        "39":3304.3645019531,
        "40":3327.2138671875,
        "41":2506.2080078125,
        "42":1995.2784423828,
        "43":2082.8005371094,
        "44":2134.0998535156,
        "45":3194.5539550781,
        "46":2143.0595703125,
        "47":2080.4553222656,
        "48":2448.5815429688,
        "49":1942.3171386719
    }
}