{
    "data":{
        "-30":37278.4140625,
        "-29":33863.66796875,
        "-28":33371.63671875,
        "-27":36175.6328125,
        "-26":32183.595703125,
        "-25":35047.828125,
        "-24":33083.5546875,
        "-23":30550.94140625,
        "-22":34789.41796875,
        "-21":32231.517578125,
        "-20":31322.568359375,
        "-19":33653.25,
        "-18":32463.302734375,
        "-17":34263.3671875,
        "-16":35058.20703125,
        "-15":30662.697265625,
        "-14":33787.23828125,
        "-13":29436.32421875,
        "-12":33903.40625,
        "-11":34310.8203125,
        "-10":32985.4375,
        "-9":33512.34765625,
        "-8":37101.03125,
        "-7":32294.482421875,
        "-6":36859.14453125,
        "-5":30671.5234375,
        "-4":31955.333984375,
        "-3":32527.11328125,
        "-2":32509.169921875,
        "-1":31471.865234375,
        "0":33165.2890625,
        "1":35036.50390625,
        "2":32289.5390625,
        "3":33952.7734375,
        "4":34150.8828125,
        "5":38386.4375,
        "6":32871.14453125,
        "7":37538.15625,
        "8":34972.82421875,
        "9":35289.375,
        "10":33965.03125,
        "11":33160.14453125,
        "12":33012.65625,
        "13":33251.0234375,
        "14":35128.11328125,
        "15":29593.580078125,
        "16":38770.8984375,
        "17":33844.3828125,
        "18":33642.51953125,
        "19":35606.64453125,
        "20":31914.904296875,
        "21":32653.369140625,
        "22":34818.71875,
        "23":36900.09375,
        "24":39146.53125,
        "25":40313.64453125,
        "26":39720.6171875,
        "27":38101.140625,
        "28":37976.34375,
        "29":36932.08203125,
        "30":38313.25390625,
        "31":36949.60546875,
        "32":36524.24609375,
        "33":36596.0390625,
        "34":40144.64453125,
        "35":37782.8203125,
        "36":34341.296875,
        "37":40592.58984375,
        "38":38879.44140625,
        "39":41602.421875,
        "40":41607.73046875,
        "41":34116.04296875,
        "42":39890.5390625,
        "43":37297.16796875,
        "44":35184.1875,
        "45":38334.984375,
        "46":33766.2421875,
        "47":32608.2890625,
        "48":35845.65625,
        "49":33503.66796875
    },
    "std":{
        "-30":11328.626953125,
        "-29":11514.8310546875,
        "-28":9936.666015625,
        "-27":11314.3173828125,
        "-26":9459.0322265625,
        "-25":9359.23046875,
        "-24":10951.361328125,
        "-23":9467.78125,
        "-22":10727.1171875,
        "-21":10109.8125,
        "-20":9957.267578125,
        "-19":10237.6640625,
        "-18":10183.7236328125,
        "-17":10234.7060546875,
        "-16":10109.0986328125,
        "-15":8550.482421875,
        "-14":10066.185546875,
        "-13":9179.4228515625,
        "-12":9733.22265625,
        "-11":10001.029296875,
        "-10":9760.328125,
        "-9":10184.5751953125,
        "-8":9165.388671875,
        "-7":8840.5498046875,
        "-6":9828.4794921875,
        "-5":8999.8203125,
        "-4":8654.2265625,
        "-3":9727.1787109375,
        "-2":9767.56640625,
        "-1":9111.0322265625,
        "0":10355.4892578125,
        "1":9515.205078125,
        "2":10955.134765625,
        "3":9267.697265625,
        "4":9143.689453125,
        "5":11225.013671875,
        "6":10594.228515625,
        "7":8652.1083984375,
        "8":10290.1708984375,
        "9":8638.4736328125,
        "10":9995.591796875,
        "11":10207.4384765625,
        "12":9287.27734375,
        "13":10220.1943359375,
        "14":9910.13671875,
        "15":8783.517578125,
        "16":11522.498046875,
        "17":10021.814453125,
        "18":10283.7080078125,
        "19":11244.3427734375,
        "20":10324.505859375,
        "21":9881.2080078125,
        "22":11382.068359375,
        "23":11476.03125,
        "24":12422.5263671875,
        "25":12198.58984375,
        "26":11433.9326171875,
        "27":12288.953125,
        "28":12706.8583984375,
        "29":11644.203125,
        "30":12991.1513671875,
        "31":10162.529296875,
        "32":11432.3349609375,
        "33":12112.1923828125,
        "34":12745.5517578125,
        "35":12249.072265625,
        "36":10784.9482421875,
        "37":12561.068359375,
        "38":13093.958984375,
        "39":12732.439453125,
        "40":13627.6220703125,
        "41":10091.072265625,
        "42":12172.439453125,
        "43":12049.974609375,
        "44":10803.2529296875,
        "45":12636.8984375,
        "46":10422.123046875,
        "47":10681.875,
        "48":12553.3974609375,
        "49":10212.873046875
    }
}