{
    "data":{
        "-30":12692.28125,
        "-29":13501.330078125,
        "-28":10595.9619140625,
        "-27":11219.3955078125,
        "-26":17217.361328125,
        "-25":13236.6474609375,
        "-24":12374.2998046875,
        "-23":13868.095703125,
        "-22":13734.7607421875,
        "-21":15241.9853515625,
        "-20":11443.3671875,
        "-19":15651.0478515625,
        "-18":15335.3271484375,
        "-17":13134.2646484375,
        "-16":12993.1796875,
        "-15":13663.3974609375,
        "-14":13641.123046875,
        "-13":15074.279296875,
        "-12":10140.923828125,
        "-11":16032.654296875,
        "-10":12854.98046875,
        "-9":14627.53125,
        "-8":14437.8212890625,
        "-7":12391.2685546875,
        "-6":14556.8837890625,
        "-5":11942.134765625,
        "-4":13395.517578125,
        "-3":14012.3720703125,
        "-2":14190.2236328125,
        "-1":13628.173828125,
        "0":13297.3388671875,
        "1":15547.361328125,
        "2":14114.705078125,
        "3":16258.4580078125,
        "4":14239.810546875,
        "5":15339.6103515625,
        "6":19389.390625,
        "7":13991.0595703125,
        "8":17510.05078125,
        "9":17552.2890625,
        "10":15523.0703125,
        "11":15047.951171875,
        "12":16082.0361328125,
        "13":13994.5849609375,
        "14":16861.337890625,
        "15":13818.0166015625,
        "16":15830.5224609375,
        "17":15417.2978515625,
        "18":17250.86328125,
        "19":17896.080078125,
        "20":12880.693359375,
        "21":14018.6025390625,
        "22":15226.3583984375,
        "23":15102.236328125,
        "24":13618.091796875,
        "25":13485.5478515625,
        "26":13290.3125,
        "27":15459.9736328125,
        "28":16890.349609375,
        "29":14138.2548828125,
        "30":15916.908203125,
        "31":18265.541015625,
        "32":15179.361328125,
        "33":14442.5546875,
        "34":15415.376953125,
        "35":14372.42578125,
        "36":12323.3056640625,
        "37":18715.681640625,
        "38":15566.7451171875,
        "39":15986.623046875,
        "40":13651.681640625,
        "41":14010.2734375,
        "42":17599.3828125,
        "43":16475.919921875,
        "44":15527.0888671875,
        "45":15590.0283203125,
        "46":15344.376953125,
        "47":16282.3017578125,
        "48":13317.4169921875,
        "49":12067.8193359375
    },
    "std":{
        "-30":2916.3168945312,
        "-29":3305.4028320312,
        "-28":3196.8752441406,
        "-27":3579.3388671875,
        "-26":3922.5837402344,
        "-25":2799.1015625,
        "-24":2662.1469726562,
        "-23":3526.43359375,
        "-22":3442.4763183594,
        "-21":3184.0366210938,
        "-20":2623.1213378906,
        "-19":3414.0988769531,
        "-18":4145.9912109375,
        "-17":3235.2416992188,
        "-16":3383.2080078125,
        "-15":3719.3635253906,
        "-14":3866.884765625,
        "-13":3915.7912597656,
        "-12":3312.9951171875,
        "-11":4096.3134765625,
        "-10":3448.900390625,
        "-9":3254.4506835938,
        "-8":3284.3439941406,
        "-7":3425.6669921875,
        "-6":3346.6235351562,
        "-5":3926.93359375,
        "-4":3822.5004882812,
        "-3":3288.7048339844,
        "-2":3791.0336914062,
        "-1":3738.4104003906,
        "0":3743.7954101562,
        "1":3501.2963867188,
        "2":3901.7370605469,
        "3":3773.4709472656,
        "4":3858.8352050781,
        "5":3769.2395019531,
        "6":3568.7980957031,
        "7":3436.4829101562,
        "8":4636.689453125,
        "9":4263.4912109375,
        "10":4382.3837890625,
        "11":4564.6240234375,
        "12":4136.8798828125,
        "13":3918.8278808594,
        "14":4579.693359375,
        "15":4019.3688964844,
        "16":4011.2143554688,
        "17":4099.3232421875,
        "18":4569.080078125,
        "19":4512.2661132812,
        "20":3792.8041992188,
        "21":3154.7248535156,
        "22":3999.0461425781,
        "23":4152.06640625,
        "24":4333.5444335938,
        "25":3842.2099609375,
        "26":3639.9970703125,
        "27":4345.0590820312,
        "28":3984.4016113281,
        "29":3720.8032226562,
        "30":4285.3325195312,
        "31":4088.732421875,
        "32":3679.9555664062,
        "33":3980.7495117188,
        "34":3690.7893066406,
        "35":3768.6442871094,
        "36":3360.4345703125,
        "37":4512.58984375,
        "38":4100.9599609375,
        "39":3379.4396972656,
        "40":3430.431640625,
        "41":3787.115234375,
        "42":3935.6291503906,
        "43":3546.2153320312,
        "44":3398.0305175781,
        "45":3854.9438476562,
        "46":4172.8295898438,
        "47":4108.1323242188,
        "48":3519.6169433594,
        "49":3427.1865234375
    }
}