{
    "data":{
        "-30":8375.5830078125,
        "-29":10077.6943359375,
        "-28":11602.48828125,
        "-27":10718.3525390625,
        "-26":8441.5029296875,
        "-25":10696.4794921875,
        "-24":9242.3740234375,
        "-23":9066.0771484375,
        "-22":8766.6103515625,
        "-21":10341.849609375,
        "-20":10500.8525390625,
        "-19":10052.900390625,
        "-18":9836.65625,
        "-17":7963.4912109375,
        "-16":6453.2104492188,
        "-15":8479.6953125,
        "-14":7312.7841796875,
        "-13":10749.2578125,
        "-12":10885.291015625,
        "-11":8925.7890625,
        "-10":9297.4931640625,
        "-9":10284.7255859375,
        "-8":11423.0751953125,
        "-7":10613.6513671875,
        "-6":10959.189453125,
        "-5":9678.1923828125,
        "-4":12171.5927734375,
        "-3":9745.6171875,
        "-2":6517.6547851562,
        "-1":8023.2290039062,
        "0":9823.251953125,
        "1":8412.841796875,
        "2":10218.548828125,
        "3":10359.669921875,
        "4":9755.708984375,
        "5":8555.3505859375,
        "6":6016.3666992188,
        "7":7663.8916015625,
        "8":9342.5517578125,
        "9":8993.08203125,
        "10":8151.59765625,
        "11":7679.6743164062,
        "12":10693.111328125,
        "13":6849.7241210938,
        "14":9121.171875,
        "15":8620.548828125,
        "16":10243.3369140625,
        "17":6940.9858398438,
        "18":8697.1220703125,
        "19":8653.13671875,
        "20":6326.17578125,
        "21":9943.2705078125,
        "22":10533.4833984375,
        "23":6229.9702148438,
        "24":7173.2670898438,
        "25":9754.7509765625,
        "26":7040.69140625,
        "27":8150.8168945312,
        "28":9137.478515625,
        "29":7664.9853515625,
        "30":10358.4140625,
        "31":9549.748046875,
        "32":6348.0634765625,
        "33":10018.4814453125,
        "34":8444.212890625,
        "35":8637.236328125,
        "36":8054.115234375,
        "37":8460.3232421875,
        "38":8873.439453125,
        "39":9719.2216796875,
        "40":9046.5576171875,
        "41":9042.9267578125,
        "42":10963.837890625,
        "43":8775.4892578125,
        "44":8973.4560546875,
        "45":9185.748046875,
        "46":7019.8100585938,
        "47":8954.94921875,
        "48":9209.0068359375,
        "49":9810.5205078125
    },
    "std":{
        "-30":1858.7713623047,
        "-29":1971.5869140625,
        "-28":2312.2177734375,
        "-27":2401.5590820312,
        "-26":2196.6447753906,
        "-25":2720.5959472656,
        "-24":1920.9600830078,
        "-23":1491.7626953125,
        "-22":1889.9938964844,
        "-21":2569.3818359375,
        "-20":2033.2291259766,
        "-19":1796.2521972656,
        "-18":1982.2803955078,
        "-17":1457.6077880859,
        "-16":1478.5362548828,
        "-15":2306.3483886719,
        "-14":1949.3000488281,
        "-13":2493.8254394531,
        "-12":2451.6254882812,
        "-11":2310.6896972656,
        "-10":2187.1252441406,
        "-9":1558.6042480469,
        "-8":1759.7215576172,
        "-7":2297.2407226562,
        "-6":2437.4929199219,
        "-5":1663.9639892578,
        "-4":2111.607421875,
        "-3":1841.5874023438,
        "-2":1261.7259521484,
        "-1":1625.3415527344,
        "0":2026.9948730469,
        "1":2249.7905273438,
        "2":2157.56640625,
        "3":1740.2999267578,
        "4":1658.6105957031,
        "5":1448.3463134766,
        "6":1560.0090332031,
        "7":1435.5491943359,
        "8":2273.0646972656,
        "9":1558.0672607422,
        "10":1654.2452392578,
        "11":1979.2811279297,
        "12":1864.4346923828,
        "13":1644.4549560547,
        "14":1599.0804443359,
        "15":2051.802734375,
        "16":1718.2272949219,
        "17":1833.1427001953,
        "18":2369.7253417969,
        "19":1472.7341308594,
        "20":1703.82421875,
        "21":1827.1428222656,
        "22":2664.2114257812,
        "23":1479.7711181641,
        "24":1776.998046875,
        "25":1803.4584960938,
        "26":1366.9187011719,
        "27":2632.990234375,
        "28":2030.9232177734,
        "29":1348.2009277344,
        "30":1967.4053955078,
        "31":1870.1976318359,
        "32":2046.2274169922,
        "33":1663.2236328125,
        "34":1961.5947265625,
        "35":1551.0418701172,
        "36":2262.4272460938,
        "37":1977.8504638672,
        "38":2515.9912109375,
        "39":1961.4425048828,
        "40":1931.5151367188,
        "41":2045.49609375,
        "42":2958.7971191406,
        "43":1592.2130126953,
        "44":2263.6469726562,
        "45":1994.4799804688,
        "46":1988.59375,
        "47":1899.6768798828,
        "48":1915.7666015625,
        "49":1646.3142089844
    }
}