{
    "data":{
        "-30":10916.2744140625,
        "-29":11048.501953125,
        "-28":9562.9248046875,
        "-27":12264.7578125,
        "-26":12662.13671875,
        "-25":11916.435546875,
        "-24":8766.4658203125,
        "-23":11409.802734375,
        "-22":9289.021484375,
        "-21":11757.8583984375,
        "-20":8395.541015625,
        "-19":9333.8701171875,
        "-18":11892.90625,
        "-17":10629.998046875,
        "-16":10574.2470703125,
        "-15":9480.3720703125,
        "-14":9763.1669921875,
        "-13":9586.9033203125,
        "-12":10233.2236328125,
        "-11":9983.279296875,
        "-10":11970.8564453125,
        "-9":10924.455078125,
        "-8":13960.150390625,
        "-7":10884.5390625,
        "-6":11311.3212890625,
        "-5":10630.353515625,
        "-4":11136.6875,
        "-3":11571.5166015625,
        "-2":9795.3486328125,
        "-1":11327.517578125,
        "0":13391.283203125,
        "1":13824.0341796875,
        "2":11430.4169921875,
        "3":12858.080078125,
        "4":11325.716796875,
        "5":16143.7783203125,
        "6":14280.8359375,
        "7":14239.205078125,
        "8":12505.9853515625,
        "9":12146.482421875,
        "10":14680.5673828125,
        "11":15910.982421875,
        "12":13837.7734375,
        "13":15215.4775390625,
        "14":13290.4736328125,
        "15":13803.8916015625,
        "16":14212.8837890625,
        "17":13890.2841796875,
        "18":13279.3798828125,
        "19":15211.998046875,
        "20":11129.5810546875,
        "21":14310.9208984375,
        "22":14506.8798828125,
        "23":15077.1953125,
        "24":12482.8876953125,
        "25":13845.64453125,
        "26":14738.3076171875,
        "27":12509.744140625,
        "28":14028.544921875,
        "29":13327.1015625,
        "30":12000.7080078125,
        "31":11954.8779296875,
        "32":12420.375,
        "33":10879.376953125,
        "34":13854.2216796875,
        "35":10580.3818359375,
        "36":12315.3046875,
        "37":9631.625,
        "38":12937.8212890625,
        "39":11868.6767578125,
        "40":12344.89453125,
        "41":11359.791015625,
        "42":11860.5390625,
        "43":10746.2939453125,
        "44":11798.59765625,
        "45":10621.0126953125,
        "46":11103.33984375,
        "47":11915.6494140625,
        "48":10191.3671875,
        "49":10639.4638671875
    },
    "std":{
        "-30":2422.8703613281,
        "-29":2181.5170898438,
        "-28":2017.6323242188,
        "-27":2187.76171875,
        "-26":2278.5573730469,
        "-25":3528.2145996094,
        "-24":2429.7648925781,
        "-23":2091.1916503906,
        "-22":2673.96484375,
        "-21":2634.3767089844,
        "-20":2264.5383300781,
        "-19":2247.4987792969,
        "-18":2927.7197265625,
        "-17":2122.1750488281,
        "-16":2280.2568359375,
        "-15":1379.7824707031,
        "-14":1767.4748535156,
        "-13":1541.5294189453,
        "-12":1644.4748535156,
        "-11":1930.1595458984,
        "-10":1411.6954345703,
        "-9":2294.6208496094,
        "-8":2069.2570800781,
        "-7":1516.0517578125,
        "-6":1836.3559570312,
        "-5":2209.7370605469,
        "-4":2012.0952148438,
        "-3":1974.3680419922,
        "-2":1666.5047607422,
        "-1":2041.8155517578,
        "0":2893.5515136719,
        "1":2391.2185058594,
        "2":2087.7973632812,
        "3":2377.9399414062,
        "4":1911.4442138672,
        "5":2432.6477050781,
        "6":2382.5090332031,
        "7":2835.814453125,
        "8":2487.1613769531,
        "9":2081.2075195312,
        "10":2822.681640625,
        "11":3361.8139648438,
        "12":2822.931640625,
        "13":3090.3435058594,
        "14":4173.2241210938,
        "15":3177.5646972656,
        "16":2998.5744628906,
        "17":3414.8278808594,
        "18":3207.7346191406,
        "19":2526.9506835938,
        "20":2890.306640625,
        "21":2918.3024902344,
        "22":2611.5173339844,
        "23":2815.1818847656,
        "24":2704.046875,
        "25":3324.6979980469,
        "26":2987.8830566406,
        "27":2979.3989257812,
        "28":3524.7072753906,
        "29":3053.0380859375,
        "30":3368.3249511719,
        "31":2328.5102539062,
        "32":2829.4489746094,
        "33":3245.5756835938,
        "34":3106.2307128906,
        "35":2677.1782226562,
        "36":3230.1931152344,
        "37":1714.8494873047,
        "38":3385.4575195312,
        "39":2871.8186035156,
        "40":2812.4079589844,
        "41":2611.4289550781,
        "42":2197.8125,
        "43":2932.2114257812,
        "44":2410.5395507812,
        "45":2514.5961914062,
        "46":2427.3898925781,
        "47":2415.7099609375,
        "48":2131.8693847656,
        "49":2338.5532226562
    }
}