{
    "data":{
        "-30":20874.43359375,
        "-29":17973.857421875,
        "-28":15652.806640625,
        "-27":16955.703125,
        "-26":15491.939453125,
        "-25":15663.607421875,
        "-24":16840.78515625,
        "-23":15545.36328125,
        "-22":15822.7138671875,
        "-21":14739.13671875,
        "-20":17188.02734375,
        "-19":13945.9951171875,
        "-18":14129.59375,
        "-17":15310.2958984375,
        "-16":16026.61328125,
        "-15":10811.3740234375,
        "-14":12825.1162109375,
        "-13":12158.0703125,
        "-12":14649.595703125,
        "-11":11145.9677734375,
        "-10":11637.1142578125,
        "-9":12865.494140625,
        "-8":10556.451171875,
        "-7":11423.6083984375,
        "-6":8893.2275390625,
        "-5":9926.2294921875,
        "-4":10358.693359375,
        "-3":10923.341796875,
        "-2":10415.7861328125,
        "-1":10864.013671875,
        "0":10693.9326171875,
        "1":9812.8837890625,
        "2":10900.7265625,
        "3":9020.6357421875,
        "4":11762.2705078125,
        "5":11102.826171875,
        "6":10057.7998046875,
        "7":13070.724609375,
        "8":12448.966796875,
        "9":10624.06640625,
        "10":9194.0283203125,
        "11":12017.3642578125,
        "12":10251.5439453125,
        "13":9075.189453125,
        "14":8808.048828125,
        "15":9566.359375,
        "16":10486.1591796875,
        "17":10086.896484375,
        "18":9307.2294921875,
        "19":9760.5361328125,
        "20":10418.29296875,
        "21":9223.6611328125,
        "22":10342.0244140625,
        "23":11183.4189453125,
        "24":10262.029296875,
        "25":9492.2412109375,
        "26":9766.212890625,
        "27":7937.4560546875,
        "28":8894.443359375,
        "29":11237.484375,
        "30":8028.8291015625,
        "31":9881.2109375,
        "32":8794.93359375,
        "33":10145.4794921875,
        "34":8940.88671875,
        "35":11157.7509765625,
        "36":9410.3955078125,
        "37":10658.8876953125,
        "38":8467.939453125,
        "39":10596.9580078125,
        "40":10810.6044921875,
        "41":13176.2392578125,
        "42":12323.4951171875,
        "43":13039.1162109375,
        "44":14097.537109375,
        "45":14559.158203125,
        "46":12623.6201171875,
        "47":18711.98828125,
        "48":15729.017578125,
        "49":13747.2353515625
    },
    "std":{
        "-30":4182.869140625,
        "-29":4826.564453125,
        "-28":3405.1809082031,
        "-27":4138.177734375,
        "-26":4236.5708007812,
        "-25":4015.3271484375,
        "-24":4081.3239746094,
        "-23":3610.5991210938,
        "-22":2936.9460449219,
        "-21":3277.4011230469,
        "-20":3596.4448242188,
        "-19":3091.94921875,
        "-18":3219.8571777344,
        "-17":3274.5461425781,
        "-16":3115.4978027344,
        "-15":2967.8818359375,
        "-14":3366.2668457031,
        "-13":2354.1989746094,
        "-12":3016.1889648438,
        "-11":2412.9782714844,
        "-10":2477.1494140625,
        "-9":2856.2270507812,
        "-8":1859.5483398438,
        "-7":2051.7893066406,
        "-6":2311.048828125,
        "-5":2131.9987792969,
        "-4":2354.9899902344,
        "-3":2009.3392333984,
        "-2":1659.5302734375,
        "-1":2244.7556152344,
        "0":2685.8615722656,
        "1":2502.0034179688,
        "2":1890.3356933594,
        "3":1668.4362792969,
        "4":2503.357421875,
        "5":2185.1096191406,
        "6":2448.0224609375,
        "7":2022.1390380859,
        "8":2144.7922363281,
        "9":2045.6242675781,
        "10":2128.8425292969,
        "11":2798.2705078125,
        "12":2494.5144042969,
        "13":2073.8894042969,
        "14":2217.2736816406,
        "15":2046.2359619141,
        "16":2479.8608398438,
        "17":1826.1838378906,
        "18":2083.3186035156,
        "19":1949.5432128906,
        "20":1946.1408691406,
        "21":1645.3364257812,
        "22":2290.6215820312,
        "23":2355.6784667969,
        "24":1732.1020507812,
        "25":2093.505859375,
        "26":2249.7541503906,
        "27":2261.3159179688,
        "28":1711.3765869141,
        "29":2735.8332519531,
        "30":2447.2846679688,
        "31":3303.4465332031,
        "32":2994.9982910156,
        "33":2105.3566894531,
        "34":2793.7143554688,
        "35":2776.8449707031,
        "36":2670.9475097656,
        "37":2674.5500488281,
        "38":3237.0876464844,
        "39":3667.9597167969,
        "40":2781.0891113281,
        "41":3286.4069824219,
        "42":3350.4084472656,
        "43":3253.6586914062,
        "44":3253.7199707031,
        "45":4161.728515625,
        "46":3233.84375,
        "47":3859.3452148438,
        "48":3569.7465820312,
        "49":3149.0415039062
    }
}