{
    "data":{
        "-30":42946.1953125,
        "-29":44093.45703125,
        "-28":45063.1875,
        "-27":43836.79296875,
        "-26":47580.62890625,
        "-25":50429.65625,
        "-24":46704.1484375,
        "-23":43151.5546875,
        "-22":47073.8828125,
        "-21":44110.86328125,
        "-20":42842.46875,
        "-19":43230.4296875,
        "-18":40908.29296875,
        "-17":37280.9453125,
        "-16":39569.12109375,
        "-15":42793.62890625,
        "-14":47718.91796875,
        "-13":42001.96484375,
        "-12":44560.51171875,
        "-11":49249.88671875,
        "-10":43282.34765625,
        "-9":46784.35546875,
        "-8":45892.0703125,
        "-7":46248.6484375,
        "-6":45743.90625,
        "-5":42881.91015625,
        "-4":40271.5703125,
        "-3":44669.88671875,
        "-2":44233.96875,
        "-1":44450.140625,
        "0":45273.6953125,
        "1":44133.30859375,
        "2":45089.43359375,
        "3":43776.09375,
        "4":37671.34765625,
        "5":43056.58203125,
        "6":39814.67578125,
        "7":42481.74609375,
        "8":40736.0625,
        "9":46835.84375,
        "10":37941.2109375,
        "11":39022.83203125,
        "12":43857.1328125,
        "13":41105.91796875,
        "14":45878.71484375,
        "15":43279.7265625,
        "16":41147.48828125,
        "17":47099.28125,
        "18":37965.078125,
        "19":39149.109375,
        "20":39876.51953125,
        "21":42563.42578125,
        "22":41998.16015625,
        "23":41616.09375,
        "24":46094.6953125,
        "25":42662.79296875,
        "26":43512.48046875,
        "27":41058.2578125,
        "28":38126.77734375,
        "29":44140.03515625,
        "30":41883.85546875,
        "31":44518.48046875,
        "32":40807.1953125,
        "33":47018.9609375,
        "34":42927.58203125,
        "35":45457.87890625,
        "36":41413.77734375,
        "37":41963.62890625,
        "38":45657.95703125,
        "39":42625.85546875,
        "40":42566.3828125,
        "41":42780.65625,
        "42":52295.21484375,
        "43":46203.02734375,
        "44":43617.578125,
        "45":40163.26171875,
        "46":41313.3828125,
        "47":39872.5703125,
        "48":37414.71875,
        "49":42606.23046875
    },
    "std":{
        "-30":7999.5546875,
        "-29":8380.3896484375,
        "-28":8015.1328125,
        "-27":7347.8403320312,
        "-26":7969.3505859375,
        "-25":7835.916015625,
        "-24":7317.7431640625,
        "-23":6718.5678710938,
        "-22":8428.37109375,
        "-21":8113.810546875,
        "-20":8090.5791015625,
        "-19":8040.4594726562,
        "-18":7436.634765625,
        "-17":7970.9521484375,
        "-16":7395.0190429688,
        "-15":8083.6650390625,
        "-14":8131.9072265625,
        "-13":7844.2294921875,
        "-12":7001.2080078125,
        "-11":7821.669921875,
        "-10":7734.5717773438,
        "-9":7819.9306640625,
        "-8":6978.4995117188,
        "-7":7282.697265625,
        "-6":7648.3393554688,
        "-5":7386.8657226562,
        "-4":7040.353515625,
        "-3":7248.5869140625,
        "-2":7487.6352539062,
        "-1":7593.21875,
        "0":7838.7426757812,
        "1":6987.1206054688,
        "2":6909.0107421875,
        "3":7278.3330078125,
        "4":7215.0537109375,
        "5":7314.8852539062,
        "6":6949.33203125,
        "7":7842.623046875,
        "8":7105.2856445312,
        "9":7261.3051757812,
        "10":7350.3837890625,
        "11":7476.4594726562,
        "12":7478.6865234375,
        "13":7333.4790039062,
        "14":8235.609375,
        "15":7646.431640625,
        "16":6194.0673828125,
        "17":7842.2827148438,
        "18":7152.193359375,
        "19":6910.236328125,
        "20":7485.4956054688,
        "21":6391.5981445312,
        "22":7886.521484375,
        "23":7513.3813476562,
        "24":6557.2578125,
        "25":7150.1206054688,
        "26":7202.6137695312,
        "27":7835.9853515625,
        "28":6930.6401367188,
        "29":7988.7963867188,
        "30":6990.4848632812,
        "31":7841.0927734375,
        "32":7437.4467773438,
        "33":7164.18359375,
        "34":7041.1635742188,
        "35":7545.0239257812,
        "36":7390.421875,
        "37":7125.0234375,
        "38":7843.8974609375,
        "39":6778.2592773438,
        "40":7916.2211914062,
        "41":7173.5415039062,
        "42":7913.1396484375,
        "43":6989.7890625,
        "44":7238.9638671875,
        "45":7795.71484375,
        "46":7418.4404296875,
        "47":7496.2319335938,
        "48":8425.5673828125,
        "49":7577.4389648438
    }
}