{
    "data":{
        "-30":12045.455078125,
        "-29":11268.6865234375,
        "-28":11196.744140625,
        "-27":10244.69921875,
        "-26":10544.400390625,
        "-25":12511.3154296875,
        "-24":10855.88671875,
        "-23":11039.7236328125,
        "-22":11119.55859375,
        "-21":11548.185546875,
        "-20":9859.3447265625,
        "-19":12393.5810546875,
        "-18":9460.724609375,
        "-17":10117.5078125,
        "-16":9563.587890625,
        "-15":11742.8134765625,
        "-14":10662.5927734375,
        "-13":11655.8798828125,
        "-12":11934.2607421875,
        "-11":10310.20703125,
        "-10":9215.9228515625,
        "-9":12100.8701171875,
        "-8":10701.4599609375,
        "-7":13089.5146484375,
        "-6":10724.111328125,
        "-5":9574.8857421875,
        "-4":10196.716796875,
        "-3":12137.693359375,
        "-2":10843.94921875,
        "-1":11751.994140625,
        "0":9607.9765625,
        "1":9788.3076171875,
        "2":9826.9951171875,
        "3":12302.484375,
        "4":9416.1552734375,
        "5":9238.501953125,
        "6":9338.0556640625,
        "7":13313.8359375,
        "8":13256.357421875,
        "9":10115.1611328125,
        "10":12034.9814453125,
        "11":12344.9013671875,
        "12":11763.142578125,
        "13":12526.5576171875,
        "14":12420.12890625,
        "15":10514.60546875,
        "16":15355.783203125,
        "17":12743.626953125,
        "18":15200.09375,
        "19":13882.349609375,
        "20":16938.55859375,
        "21":12891.7783203125,
        "22":14397.89453125,
        "23":12331.0517578125,
        "24":14169.517578125,
        "25":13779.5224609375,
        "26":14149.2265625,
        "27":14161.1904296875,
        "28":14308.1025390625,
        "29":11556.0576171875,
        "30":15674.8896484375,
        "31":12803.6513671875,
        "32":14691.3037109375,
        "33":12862.8837890625,
        "34":12751.7607421875,
        "35":11566.4755859375,
        "36":11512.865234375,
        "37":12728.951171875,
        "38":12470.6015625,
        "39":12597.6513671875,
        "40":14791.369140625,
        "41":13108.376953125,
        "42":13924.33203125,
        "43":10457.498046875,
        "44":11527.6201171875,
        "45":16086.2900390625,
        "46":11473.2548828125,
        "47":11378.5205078125,
        "48":12139.8447265625,
        "49":10340.302734375
    },
    "std":{
        "-30":2179.3122558594,
        "-29":1930.8198242188,
        "-28":2000.5418701172,
        "-27":2315.4729003906,
        "-26":2500.9868164062,
        "-25":2048.609375,
        "-24":1980.49609375,
        "-23":2548.4555664062,
        "-22":1650.7791748047,
        "-21":1883.0717773438,
        "-20":1608.2633056641,
        "-19":1924.4897460938,
        "-18":1907.9105224609,
        "-17":1913.4265136719,
        "-16":1516.3698730469,
        "-15":1634.5522460938,
        "-14":1890.603515625,
        "-13":1753.2618408203,
        "-12":1391.1599121094,
        "-11":1840.6318359375,
        "-10":1528.9150390625,
        "-9":1880.1192626953,
        "-8":1692.0729980469,
        "-7":1842.1951904297,
        "-6":1620.1691894531,
        "-5":1890.6921386719,
        "-4":1511.7136230469,
        "-3":1388.1052246094,
        "-2":1769.9904785156,
        "-1":1349.3585205078,
        "0":1730.4932861328,
        "1":1496.3941650391,
        "2":1607.6712646484,
        "3":1872.6154785156,
        "4":1676.8693847656,
        "5":2111.3332519531,
        "6":1748.0015869141,
        "7":2358.8647460938,
        "8":3162.6264648438,
        "9":1744.0118408203,
        "10":2296.7897949219,
        "11":2643.7932128906,
        "12":2991.1057128906,
        "13":2724.8305664062,
        "14":3545.3801269531,
        "15":2794.8767089844,
        "16":3223.9333496094,
        "17":3239.1237792969,
        "18":3796.1916503906,
        "19":3456.9604492188,
        "20":3721.6110839844,
        "21":3643.0793457031,
        "22":3617.5295410156,
        "23":3520.708984375,
        "24":3641.3762207031,
        "25":3893.1733398438,
        "26":3956.2041015625,
        "27":4045.4995117188,
        "28":3557.2219238281,
        "29":3760.6450195312,
        "30":2839.5407714844,
        "31":4012.4016113281,
        "32":3203.6887207031,
        "33":3541.3073730469,
        "34":2598.8093261719,
        "35":2988.8684082031,
        "36":2241.9147949219,
        "37":3114.5090332031,
        "38":2236.5209960938,
        "39":2022.7042236328,
        "40":2282.5795898438,
        "41":3100.2416992188,
        "42":2654.9099121094,
        "43":2624.3884277344,
        "44":2521.4499511719,
        "45":2394.4853515625,
        "46":2072.1586914062,
        "47":2333.9709472656,
        "48":1925.7436523438,
        "49":2004.5485839844
    }
}