{
    "data":{
        "-30":12688.595703125,
        "-29":9417.3359375,
        "-28":12396.3984375,
        "-27":12316.7041015625,
        "-26":9836.345703125,
        "-25":11200.1767578125,
        "-24":9347.8359375,
        "-23":12706.4951171875,
        "-22":11497.044921875,
        "-21":12861.3662109375,
        "-20":11472.1220703125,
        "-19":13319.5205078125,
        "-18":12763.283203125,
        "-17":12790.10546875,
        "-16":12664.919921875,
        "-15":12201.333984375,
        "-14":13729.619140625,
        "-13":13615.6416015625,
        "-12":14604.76171875,
        "-11":12501.0263671875,
        "-10":14003.2900390625,
        "-9":13694.5087890625,
        "-8":14936.587890625,
        "-7":11379.2451171875,
        "-6":12478.5087890625,
        "-5":13400.6787109375,
        "-4":10598.9189453125,
        "-3":12519.7109375,
        "-2":14636.26953125,
        "-1":12665.0234375,
        "0":10794.0732421875,
        "1":11703.521484375,
        "2":11197.2421875,
        "3":10737.7568359375,
        "4":13797.0625,
        "5":9780.5283203125,
        "6":9798.486328125,
        "7":9832.986328125,
        "8":10520.6455078125,
        "9":8999.330078125,
        "10":7889.4301757812,
        "11":9623.9794921875,
        "12":11790.0361328125,
        "13":10097.08203125,
        "14":9586.904296875,
        "15":7579.6123046875,
        "16":8159.2099609375,
        "17":7783.2177734375,
        "18":8047.9926757812,
        "19":7580.2666015625,
        "20":8728.970703125,
        "21":8639.1611328125,
        "22":9476.375,
        "23":9574.9423828125,
        "24":7965.7412109375,
        "25":8791.79296875,
        "26":11721.154296875,
        "27":9425.783203125,
        "28":10619.7900390625,
        "29":11071.5048828125,
        "30":12814.962890625,
        "31":12961.748046875,
        "32":10364.876953125,
        "33":11089.99609375,
        "34":10769.4775390625,
        "35":10779.4912109375,
        "36":10463.529296875,
        "37":10760.9306640625,
        "38":9732.77734375,
        "39":10374.611328125,
        "40":10212.822265625,
        "41":11088.7587890625,
        "42":11135.2041015625,
        "43":11974.8828125,
        "44":10119.0859375,
        "45":13454.6875,
        "46":12113.271484375,
        "47":12112.2060546875,
        "48":9007.0537109375,
        "49":12182.830078125
    },
    "std":{
        "-30":2676.7553710938,
        "-29":1642.7932128906,
        "-28":2891.4816894531,
        "-27":2464.2600097656,
        "-26":1706.0100097656,
        "-25":2314.0480957031,
        "-24":2702.8872070312,
        "-23":2036.3781738281,
        "-22":1702.2261962891,
        "-21":2849.533203125,
        "-20":2071.2858886719,
        "-19":2271.5085449219,
        "-18":2490.9587402344,
        "-17":2377.1076660156,
        "-16":2727.1254882812,
        "-15":2675.8610839844,
        "-14":3036.0891113281,
        "-13":2865.8364257812,
        "-12":2434.3647460938,
        "-11":2427.0251464844,
        "-10":3048.0129394531,
        "-9":2913.4765625,
        "-8":2655.1220703125,
        "-7":2724.4162597656,
        "-6":2424.5361328125,
        "-5":3453.1171875,
        "-4":2433.9018554688,
        "-3":2306.4875488281,
        "-2":3415.923828125,
        "-1":2838.9721679688,
        "0":1751.4080810547,
        "1":1796.6788330078,
        "2":2136.6481933594,
        "3":1782.0942382812,
        "4":1727.7486572266,
        "5":1787.5328369141,
        "6":1440.3376464844,
        "7":1419.4508056641,
        "8":1252.5933837891,
        "9":1336.4388427734,
        "10":1289.4332275391,
        "11":2038.7121582031,
        "12":1358.4479980469,
        "13":1247.1872558594,
        "14":1342.3292236328,
        "15":1101.5003662109,
        "16":1551.2843017578,
        "17":1204.8770751953,
        "18":1170.1909179688,
        "19":1237.1674804688,
        "20":1675.7257080078,
        "21":1553.5823974609,
        "22":1806.2188720703,
        "23":1854.1909179688,
        "24":1738.3695068359,
        "25":1690.4068603516,
        "26":2828.8146972656,
        "27":2005.6646728516,
        "28":2222.3254394531,
        "29":2440.9643554688,
        "30":2808.5197753906,
        "31":3002.9848632812,
        "32":2118.4763183594,
        "33":2687.5349121094,
        "34":2101.9670410156,
        "35":2517.8266601562,
        "36":2238.9162597656,
        "37":1958.25390625,
        "38":2283.4619140625,
        "39":1819.6190185547,
        "40":2232.8801269531,
        "41":2350.783203125,
        "42":2258.4587402344,
        "43":1906.294921875,
        "44":2204.0405273438,
        "45":2801.5717773438,
        "46":1894.7536621094,
        "47":2769.6938476562,
        "48":1835.9761962891,
        "49":2808.6701660156
    }
}