{
    "data":{
        "-30":9991.337890625,
        "-29":9292.1064453125,
        "-28":8651.9931640625,
        "-27":9886.392578125,
        "-26":9560.9873046875,
        "-25":9472.314453125,
        "-24":11303.2294921875,
        "-23":12069.8671875,
        "-22":8902.1513671875,
        "-21":10369.009765625,
        "-20":9777.69140625,
        "-19":9952.634765625,
        "-18":10618.7939453125,
        "-17":13004.142578125,
        "-16":8352.078125,
        "-15":11421.080078125,
        "-14":8812.466796875,
        "-13":9616.1044921875,
        "-12":10297.2333984375,
        "-11":8932.859375,
        "-10":10443.908203125,
        "-9":10547.546875,
        "-8":9661.9521484375,
        "-7":10640.44921875,
        "-6":7873.6323242188,
        "-5":11539.220703125,
        "-4":10752.23828125,
        "-3":9990.248046875,
        "-2":9875.6923828125,
        "-1":9984.7041015625,
        "0":9240.53125,
        "1":11831.66796875,
        "2":8321.2763671875,
        "3":10204.0107421875,
        "4":8125.9399414062,
        "5":11406.6083984375,
        "6":12148.841796875,
        "7":11430.1123046875,
        "8":11644.484375,
        "9":12012.146484375,
        "10":8406.734375,
        "11":10377.6796875,
        "12":9224.732421875,
        "13":7328.7680664062,
        "14":11468.4765625,
        "15":9592.5390625,
        "16":12729.3896484375,
        "17":10261.9921875,
        "18":8870.298828125,
        "19":10014.19140625,
        "20":11030.95703125,
        "21":10482.0341796875,
        "22":10812.3330078125,
        "23":7763.4619140625,
        "24":10531.2822265625,
        "25":10096.7578125,
        "26":10453.7890625,
        "27":10254.8876953125,
        "28":10219.466796875,
        "29":9060.3037109375,
        "30":8292.568359375,
        "31":9876.349609375,
        "32":9155.8486328125,
        "33":9794.4580078125,
        "34":8632.9833984375,
        "35":11136.3330078125,
        "36":8427.8095703125,
        "37":9590.5166015625,
        "38":8528.744140625,
        "39":12071.6640625,
        "40":10992.0703125,
        "41":8699.4296875,
        "42":9244.18359375,
        "43":10492.7265625,
        "44":11277.5146484375,
        "45":10439.107421875,
        "46":10761.8662109375,
        "47":11144.486328125,
        "48":8918.615234375,
        "49":10404.087890625
    },
    "std":{
        "-30":2055.2692871094,
        "-29":1578.6423339844,
        "-28":1450.0930175781,
        "-27":1823.9818115234,
        "-26":1555.033203125,
        "-25":1974.0753173828,
        "-24":2152.6442871094,
        "-23":1944.5952148438,
        "-22":2338.7438964844,
        "-21":1705.4488525391,
        "-20":2012.9886474609,
        "-19":1382.0933837891,
        "-18":1644.4187011719,
        "-17":2178.5715332031,
        "-16":2055.7036132812,
        "-15":2101.9716796875,
        "-14":1612.1943359375,
        "-13":2302.2998046875,
        "-12":1890.3931884766,
        "-11":1621.0728759766,
        "-10":1781.1563720703,
        "-9":2011.1755371094,
        "-8":1889.3558349609,
        "-7":1868.6511230469,
        "-6":1701.3020019531,
        "-5":2026.5511474609,
        "-4":1772.0374755859,
        "-3":1764.8618164062,
        "-2":1708.5133056641,
        "-1":1668.3920898438,
        "0":1754.0659179688,
        "1":1750.0131835938,
        "2":2004.8819580078,
        "3":2242.8898925781,
        "4":1563.1221923828,
        "5":1828.8256835938,
        "6":1861.5808105469,
        "7":2061.7006835938,
        "8":2175.9997558594,
        "9":1709.5941162109,
        "10":1572.6552734375,
        "11":1953.5583496094,
        "12":2032.7867431641,
        "13":1667.7313232422,
        "14":2139.2202148438,
        "15":1883.7420654297,
        "16":2385.7770996094,
        "17":2010.912109375,
        "18":1850.2298583984,
        "19":2092.9116210938,
        "20":2248.48046875,
        "21":1666.3572998047,
        "22":2025.0494384766,
        "23":1798.4497070312,
        "24":1644.4786376953,
        "25":2300.6586914062,
        "26":1654.5825195312,
        "27":2011.6990966797,
        "28":1174.3153076172,
        "29":1661.8569335938,
        "30":1572.9636230469,
        "31":1626.9653320312,
        "32":2227.8828125,
        "33":1532.0811767578,
        "34":1516.6276855469,
        "35":2104.1647949219,
        "36":1829.1459960938,
        "37":2107.0261230469,
        "38":1639.7397460938,
        "39":2024.8902587891,
        "40":1794.7576904297,
        "41":1577.4859619141,
        "42":1868.9468994141,
        "43":2012.0194091797,
        "44":2045.1137695312,
        "45":1724.7668457031,
        "46":2236.2170410156,
        "47":1986.6245117188,
        "48":1644.3934326172,
        "49":1404.6602783203
    }
}