{
    "data":{
        "-30":10475.8291015625,
        "-29":10374.0908203125,
        "-28":8998.34765625,
        "-27":9503.845703125,
        "-26":8153.8647460938,
        "-25":9467.685546875,
        "-24":9475.0302734375,
        "-23":9237.85546875,
        "-22":10754.607421875,
        "-21":8442.552734375,
        "-20":10362.9658203125,
        "-19":10571.51171875,
        "-18":11187.99609375,
        "-17":9381.5830078125,
        "-16":10798.2939453125,
        "-15":12738.7861328125,
        "-14":10904.0576171875,
        "-13":9882.841796875,
        "-12":9177.2421875,
        "-11":10459.6796875,
        "-10":12372.1015625,
        "-9":10344.0625,
        "-8":9264.166015625,
        "-7":10629.4853515625,
        "-6":10406.080078125,
        "-5":9594.666015625,
        "-4":7724.6850585938,
        "-3":7671.7739257812,
        "-2":7534.0522460938,
        "-1":8713.5458984375,
        "0":8487.0634765625,
        "1":7230.5087890625,
        "2":7747.6459960938,
        "3":10293.53515625,
        "4":8055.3481445312,
        "5":9962.2138671875,
        "6":9750.05859375,
        "7":9024.607421875,
        "8":10265.5205078125,
        "9":9369.802734375,
        "10":9335.427734375,
        "11":11133.060546875,
        "12":10302.232421875,
        "13":7081.828125,
        "14":8658.5546875,
        "15":10475.3388671875,
        "16":9558.8984375,
        "17":10055.17578125,
        "18":8219.673828125,
        "19":8168.3774414062,
        "20":8693.5234375,
        "21":9996.62890625,
        "22":10385.9208984375,
        "23":8856.7431640625,
        "24":10136.408203125,
        "25":7862.2915039062,
        "26":8645.5205078125,
        "27":9945.1025390625,
        "28":7628.7270507812,
        "29":8964.126953125,
        "30":10250.072265625,
        "31":8294.853515625,
        "32":8601.408203125,
        "33":7931.0336914062,
        "34":9020.0810546875,
        "35":10235.6328125,
        "36":8563.6123046875,
        "37":8857.583984375,
        "38":10057.650390625,
        "39":9864.9111328125,
        "40":8029.3618164062,
        "41":7537.181640625,
        "42":9018.671875,
        "43":10497.2578125,
        "44":11387.5888671875,
        "45":9236.6435546875,
        "46":9945.3837890625,
        "47":10668.9228515625,
        "48":9319.8779296875,
        "49":9811.6435546875
    },
    "std":{
        "-30":1833.0639648438,
        "-29":1716.4467773438,
        "-28":1299.9193115234,
        "-27":1905.4167480469,
        "-26":1657.2607421875,
        "-25":1251.7431640625,
        "-24":1641.0668945312,
        "-23":1409.640625,
        "-22":1492.3875732422,
        "-21":2025.4412841797,
        "-20":1656.6766357422,
        "-19":1786.8283691406,
        "-18":1836.8637695312,
        "-17":1636.5721435547,
        "-16":1517.1527099609,
        "-15":1147.9779052734,
        "-14":1546.9494628906,
        "-13":1504.86328125,
        "-12":1596.2642822266,
        "-11":1116.9521484375,
        "-10":1801.5704345703,
        "-9":1256.2375488281,
        "-8":1420.5849609375,
        "-7":1335.1220703125,
        "-6":1304.7581787109,
        "-5":1415.5841064453,
        "-4":1511.5444335938,
        "-3":1150.7852783203,
        "-2":1471.5502929688,
        "-1":1510.484375,
        "0":1557.2379150391,
        "1":1799.2263183594,
        "2":1488.4307861328,
        "3":1870.2396240234,
        "4":1374.1684570312,
        "5":1590.3079833984,
        "6":1783.2603759766,
        "7":1690.3364257812,
        "8":1707.6412353516,
        "9":1108.6628417969,
        "10":1541.8145751953,
        "11":1833.3520507812,
        "12":1640.7755126953,
        "13":1359.3737792969,
        "14":1815.2186279297,
        "15":1899.5174560547,
        "16":1467.3675537109,
        "17":1576.9288330078,
        "18":1260.8995361328,
        "19":1530.0639648438,
        "20":1546.6458740234,
        "21":1422.8255615234,
        "22":910.8558349609,
        "23":1300.8687744141,
        "24":1470.1524658203,
        "25":1019.9653320312,
        "26":1368.0430908203,
        "27":1306.1846923828,
        "28":1432.8304443359,
        "29":1398.3474121094,
        "30":1636.5036621094,
        "31":1622.2983398438,
        "32":1255.0375976562,
        "33":1146.51171875,
        "34":1343.8051757812,
        "35":1524.9393310547,
        "36":1515.4582519531,
        "37":1254.4868164062,
        "38":1528.4210205078,
        "39":1228.9011230469,
        "40":1471.8021240234,
        "41":1791.3186035156,
        "42":2018.2550048828,
        "43":2037.8924560547,
        "44":1818.2514648438,
        "45":1611.0615234375,
        "46":1973.9150390625,
        "47":2257.9831542969,
        "48":1456.6368408203,
        "49":1647.0173339844
    }
}