{
    "data":{
        "-30":10064.7919921875,
        "-29":7650.0771484375,
        "-28":8827.10546875,
        "-27":8266.3740234375,
        "-26":8470.8251953125,
        "-25":9659.0078125,
        "-24":8334.2373046875,
        "-23":9236.716796875,
        "-22":10928.6982421875,
        "-21":8961.5830078125,
        "-20":9789.28515625,
        "-19":8376.951171875,
        "-18":7728.5146484375,
        "-17":11212.48828125,
        "-16":8650.7744140625,
        "-15":8215.8623046875,
        "-14":10128.0087890625,
        "-13":9952.287109375,
        "-12":12763.3076171875,
        "-11":10851.9248046875,
        "-10":12242.189453125,
        "-9":10975.5,
        "-8":9071.1767578125,
        "-7":9168.5546875,
        "-6":9478.0400390625,
        "-5":9604.5732421875,
        "-4":9594.0322265625,
        "-3":8648.4013671875,
        "-2":10743.0986328125,
        "-1":8575.0224609375,
        "0":9780.0458984375,
        "1":8994.0712890625,
        "2":8603.8369140625,
        "3":10937.44921875,
        "4":10199.240234375,
        "5":11711.033203125,
        "6":9290.552734375,
        "7":10157.34765625,
        "8":11147.6630859375,
        "9":7985.7993164062,
        "10":7895.7509765625,
        "11":7918.1762695312,
        "12":9048.212890625,
        "13":11947.8505859375,
        "14":9446.890625,
        "15":10267.642578125,
        "16":9946.8330078125,
        "17":9765.279296875,
        "18":9516.9482421875,
        "19":9811.1669921875,
        "20":8818.9453125,
        "21":9254.173828125,
        "22":8577.82421875,
        "23":10137.439453125,
        "24":10809.1806640625,
        "25":11206.7392578125,
        "26":12006.7060546875,
        "27":8606.4228515625,
        "28":8309.8466796875,
        "29":9349.076171875,
        "30":8892.8818359375,
        "31":10363.650390625,
        "32":9621.6240234375,
        "33":10589.8154296875,
        "34":7296.3696289062,
        "35":9436.2861328125,
        "36":10857.9638671875,
        "37":8086.4926757812,
        "38":8238.998046875,
        "39":8738.041015625,
        "40":9682.9775390625,
        "41":8334.337890625,
        "42":8547.068359375,
        "43":9335.5439453125,
        "44":9341.806640625,
        "45":9235.001953125,
        "46":7638.5395507812,
        "47":9949.6025390625,
        "48":8032.2880859375,
        "49":8338.677734375
    },
    "std":{
        "-30":1549.3387451172,
        "-29":1613.1103515625,
        "-28":2232.1684570312,
        "-27":1722.7342529297,
        "-26":1623.7224121094,
        "-25":2300.3522949219,
        "-24":1718.6726074219,
        "-23":1674.3698730469,
        "-22":1598.6368408203,
        "-21":1906.3250732422,
        "-20":1948.1826171875,
        "-19":1629.0213623047,
        "-18":2166.1538085938,
        "-17":2070.1865234375,
        "-16":1780.5946044922,
        "-15":2098.3957519531,
        "-14":1238.7784423828,
        "-13":2086.5524902344,
        "-12":1656.6865234375,
        "-11":2274.3461914062,
        "-10":1824.5787353516,
        "-9":2109.8395996094,
        "-8":1813.1342773438,
        "-7":1649.6164550781,
        "-6":1945.8450927734,
        "-5":1640.79296875,
        "-4":1252.7025146484,
        "-3":1672.8072509766,
        "-2":1726.8706054688,
        "-1":1632.9484863281,
        "0":1729.0584716797,
        "1":1399.5977783203,
        "2":1625.9205322266,
        "3":1301.2233886719,
        "4":2071.5944824219,
        "5":1635.1525878906,
        "6":1549.1530761719,
        "7":2205.8901367188,
        "8":1532.7476806641,
        "9":1648.4512939453,
        "10":1247.8653564453,
        "11":1447.8806152344,
        "12":1589.3895263672,
        "13":1994.5915527344,
        "14":1882.8977050781,
        "15":1939.7741699219,
        "16":1568.1058349609,
        "17":1650.9958496094,
        "18":1573.6983642578,
        "19":1848.9844970703,
        "20":1884.2628173828,
        "21":2041.4017333984,
        "22":1443.2124023438,
        "23":1839.6368408203,
        "24":1588.419921875,
        "25":1693.375,
        "26":1878.8170166016,
        "27":1629.6744384766,
        "28":1748.2677001953,
        "29":1785.8609619141,
        "30":1683.6170654297,
        "31":2317.1254882812,
        "32":2279.271484375,
        "33":1756.7637939453,
        "34":1310.5510253906,
        "35":1925.7282714844,
        "36":2268.4045410156,
        "37":1851.3572998047,
        "38":1967.1785888672,
        "39":1370.1027832031,
        "40":1698.4108886719,
        "41":1521.9165039062,
        "42":2459.361328125,
        "43":1699.6702880859,
        "44":1891.4227294922,
        "45":1862.4610595703,
        "46":2015.0842285156,
        "47":2143.6623535156,
        "48":1543.4542236328,
        "49":1599.3706054688
    }
}