{
    "data":{
        "-30":100211.8359375,
        "-29":100208.7265625,
        "-28":97792.453125,
        "-27":97691.234375,
        "-26":99147.953125,
        "-25":104014.40625,
        "-24":99110.9375,
        "-23":98596.3359375,
        "-22":104092.359375,
        "-21":100044.0859375,
        "-20":102034.3359375,
        "-19":104121.796875,
        "-18":100907.3671875,
        "-17":100063.5703125,
        "-16":103026.2734375,
        "-15":103632.4609375,
        "-14":101971.90625,
        "-13":99725.7109375,
        "-12":100806.8203125,
        "-11":102933.796875,
        "-10":100252.9140625,
        "-9":101975.4765625,
        "-8":99249.015625,
        "-7":97997.609375,
        "-6":95577.3359375,
        "-5":97634.1953125,
        "-4":100023.484375,
        "-3":102400.453125,
        "-2":102939.7890625,
        "-1":101045.890625,
        "0":97900.3125,
        "1":97207.8515625,
        "2":101294.890625,
        "3":100089.0859375,
        "4":101974.0859375,
        "5":95973.2734375,
        "6":101266.1796875,
        "7":100234.59375,
        "8":100479.1640625,
        "9":101431.8203125,
        "10":103292.1796875,
        "11":100577.3125,
        "12":102291.7734375,
        "13":99829.78125,
        "14":100574.609375,
        "15":102350.390625,
        "16":102895.09375,
        "17":99007.0703125,
        "18":100755.9140625,
        "19":99866.765625,
        "20":100595.2109375,
        "21":100751.6171875,
        "22":102720.5234375,
        "23":103043.234375,
        "24":98144.109375,
        "25":103085.0703125,
        "26":105455.546875,
        "27":101766.2265625,
        "28":98822.359375,
        "29":102411.0703125,
        "30":103146.453125,
        "31":102113.953125,
        "32":101540.7890625,
        "33":96264.734375,
        "34":101057.1640625,
        "35":103156.3671875,
        "36":107023.609375,
        "37":105304.453125,
        "38":100656.0859375,
        "39":100815.765625,
        "40":102639.1875,
        "41":100470.2734375,
        "42":101296.6640625,
        "43":103248.734375,
        "44":99791.015625,
        "45":104842.8125,
        "46":105845.84375,
        "47":106786.953125,
        "48":108901.734375,
        "49":104998.515625
    },
    "std":{
        "-30":23065.740234375,
        "-29":22752.525390625,
        "-28":23075.791015625,
        "-27":22318.962890625,
        "-26":22277.447265625,
        "-25":23681.568359375,
        "-24":22537.39453125,
        "-23":22960.501953125,
        "-22":23300.79296875,
        "-21":23298.603515625,
        "-20":23087.271484375,
        "-19":22285.103515625,
        "-18":22355.560546875,
        "-17":22657.48046875,
        "-16":22964.830078125,
        "-15":23660.744140625,
        "-14":23053.025390625,
        "-13":23092.12890625,
        "-12":23487.392578125,
        "-11":23883.587890625,
        "-10":23114.119140625,
        "-9":22627.10546875,
        "-8":22843.412109375,
        "-7":23240.60546875,
        "-6":22574.033203125,
        "-5":23647.416015625,
        "-4":23509.4296875,
        "-3":23428.01171875,
        "-2":23612.626953125,
        "-1":23306.390625,
        "0":22921.841796875,
        "1":22785.3359375,
        "2":22939.1953125,
        "3":23526.546875,
        "4":23164.630859375,
        "5":22869.369140625,
        "6":22505.765625,
        "7":23692.015625,
        "8":23311.10546875,
        "9":22385.544921875,
        "10":22960.7265625,
        "11":22933.69921875,
        "12":23583.875,
        "13":22721.99609375,
        "14":23487.1171875,
        "15":23472.0390625,
        "16":23486.1953125,
        "17":23597.705078125,
        "18":22730.806640625,
        "19":23168.44140625,
        "20":23742.70703125,
        "21":23589.115234375,
        "22":23171.912109375,
        "23":23104.111328125,
        "24":23026.529296875,
        "25":23799.552734375,
        "26":23075.39453125,
        "27":23367.072265625,
        "28":22754.75,
        "29":23013.59375,
        "30":23876.67578125,
        "31":23259.73828125,
        "32":23912.533203125,
        "33":22885.412109375,
        "34":23342.390625,
        "35":23497.662109375,
        "36":24086.560546875,
        "37":22598.689453125,
        "38":22824.41015625,
        "39":22320.974609375,
        "40":23035.73046875,
        "41":22709.072265625,
        "42":22244.916015625,
        "43":23639.822265625,
        "44":22475.88671875,
        "45":23548.017578125,
        "46":23203.947265625,
        "47":23025.740234375,
        "48":22971.5078125,
        "49":22572.853515625
    }
}