{
    "data":{
        "-30":47482.98046875,
        "-29":46634.78515625,
        "-28":45269.8515625,
        "-27":47522.97265625,
        "-26":44129.76953125,
        "-25":45130.42578125,
        "-24":46491.24609375,
        "-23":48400.8671875,
        "-22":44005.37109375,
        "-21":47905.42578125,
        "-20":45217.29296875,
        "-19":48419.953125,
        "-18":50620.33984375,
        "-17":46891.8828125,
        "-16":48107.80859375,
        "-15":48788.890625,
        "-14":51349.0546875,
        "-13":52016.03125,
        "-12":56363.79296875,
        "-11":54287.58984375,
        "-10":54414.06640625,
        "-9":53854.8203125,
        "-8":53805.1796875,
        "-7":49527.17578125,
        "-6":53451.9921875,
        "-5":56314.16796875,
        "-4":53503.75,
        "-3":52082.046875,
        "-2":55873.3671875,
        "-1":52116.64453125,
        "0":52170.203125,
        "1":52323.88671875,
        "2":51851.31640625,
        "3":51849.08984375,
        "4":57976.36328125,
        "5":52056.58203125,
        "6":52586.39453125,
        "7":53418.0546875,
        "8":52201.6328125,
        "9":50626.58203125,
        "10":52088.76953125,
        "11":53157.43359375,
        "12":49813.53125,
        "13":52023.328125,
        "14":50868.98046875,
        "15":54386.56640625,
        "16":49455.8671875,
        "17":48331.6171875,
        "18":49528.48046875,
        "19":47308.83203125,
        "20":51524.39453125,
        "21":48772.0390625,
        "22":49115.41796875,
        "23":48464.81640625,
        "24":47365.4296875,
        "25":45924.6640625,
        "26":48528.2421875,
        "27":54483.45703125,
        "28":49396.11328125,
        "29":48779.91015625,
        "30":46889.91796875,
        "31":52517.19140625,
        "32":52000.9296875,
        "33":57954.26171875,
        "34":51388.5234375,
        "35":51366.3203125,
        "36":53919.2421875,
        "37":47734.20703125,
        "38":48619.61328125,
        "39":45835.4375,
        "40":49406.28125,
        "41":49407.4453125,
        "42":46637.9921875,
        "43":50223.59375,
        "44":54887.21875,
        "45":50398.4921875,
        "46":54498.8984375,
        "47":51284.53125,
        "48":45604.90234375,
        "49":49350.91015625
    },
    "std":{
        "-30":9324.291015625,
        "-29":9260.7705078125,
        "-28":9351.0078125,
        "-27":9694.7802734375,
        "-26":8636.87109375,
        "-25":9124.7275390625,
        "-24":9710.251953125,
        "-23":10114.6640625,
        "-22":9415.96484375,
        "-21":9214.107421875,
        "-20":10039.478515625,
        "-19":9556.201171875,
        "-18":9664.216796875,
        "-17":9353.267578125,
        "-16":8922.189453125,
        "-15":9488.095703125,
        "-14":8873.869140625,
        "-13":9797.7841796875,
        "-12":9619.8876953125,
        "-11":8941.07421875,
        "-10":10194.7607421875,
        "-9":9683.5009765625,
        "-8":9958.52734375,
        "-7":9227.1474609375,
        "-6":9192.0146484375,
        "-5":9344.0888671875,
        "-4":9612.09375,
        "-3":9595.998046875,
        "-2":9519.177734375,
        "-1":9596.6552734375,
        "0":9347.9990234375,
        "1":9240.4140625,
        "2":9265.1689453125,
        "3":9469.111328125,
        "4":9735.8408203125,
        "5":9851.900390625,
        "6":9557.9326171875,
        "7":9774.4150390625,
        "8":9289.4873046875,
        "9":9452.8662109375,
        "10":9500.0849609375,
        "11":9177.2490234375,
        "12":8633.294921875,
        "13":9189.341796875,
        "14":9392.0517578125,
        "15":9848.85546875,
        "16":8720.51171875,
        "17":9376.7607421875,
        "18":9535.8974609375,
        "19":9518.3740234375,
        "20":9810.3046875,
        "21":9409.3681640625,
        "22":9994.365234375,
        "23":9983.9755859375,
        "24":9368.361328125,
        "25":9612.1123046875,
        "26":9144.8818359375,
        "27":9269.1708984375,
        "28":8436.3115234375,
        "29":8888.3544921875,
        "30":8704.7119140625,
        "31":8951.5693359375,
        "32":8880.5498046875,
        "33":10314.3173828125,
        "34":9110.9033203125,
        "35":8472.2939453125,
        "36":9077.435546875,
        "37":8609.9287109375,
        "38":8980.0146484375,
        "39":8773.7685546875,
        "40":8987.6484375,
        "41":9169.357421875,
        "42":8604.26171875,
        "43":9805.45703125,
        "44":9304.7685546875,
        "45":8856.90625,
        "46":9390.53515625,
        "47":9443.5166015625,
        "48":9030.13671875,
        "49":8900.40625
    }
}