{
    "data":{
        "-30":9256.1142578125,
        "-29":10477.2685546875,
        "-28":9722.52734375,
        "-27":11094.0146484375,
        "-26":9119.6064453125,
        "-25":9304.9169921875,
        "-24":9045.576171875,
        "-23":8191.4829101562,
        "-22":10729.1484375,
        "-21":9552.6259765625,
        "-20":10921.8232421875,
        "-19":10213.76171875,
        "-18":12403.076171875,
        "-17":10511.361328125,
        "-16":9898.5087890625,
        "-15":9139.6923828125,
        "-14":13328.517578125,
        "-13":12157.1728515625,
        "-12":12502.8662109375,
        "-11":11135.796875,
        "-10":13656.9462890625,
        "-9":11238.5078125,
        "-8":9277.4248046875,
        "-7":12127.185546875,
        "-6":11708.05078125,
        "-5":11511.423828125,
        "-4":12699.11328125,
        "-3":11995.673828125,
        "-2":12514.2978515625,
        "-1":11166.1845703125,
        "0":12602.92578125,
        "1":12097.9453125,
        "2":11222.5615234375,
        "3":9778.9794921875,
        "4":8616.9189453125,
        "5":10534.919921875,
        "6":9811.158203125,
        "7":10595.4609375,
        "8":11056.236328125,
        "9":10025.3251953125,
        "10":12172.2607421875,
        "11":9743.3828125,
        "12":10717.6103515625,
        "13":9241.224609375,
        "14":10700.44140625,
        "15":9215.21484375,
        "16":11503.0517578125,
        "17":10690.2685546875,
        "18":9592.2548828125,
        "19":11468.1494140625,
        "20":12335.658203125,
        "21":12202.599609375,
        "22":13082.005859375,
        "23":11875.923828125,
        "24":8756.0419921875,
        "25":11423.8671875,
        "26":11015.1552734375,
        "27":10423.9580078125,
        "28":10672.0732421875,
        "29":9088.548828125,
        "30":12005.6826171875,
        "31":11031.568359375,
        "32":7661.3154296875,
        "33":10219.9560546875,
        "34":12051.6650390625,
        "35":10836.328125,
        "36":9286.1416015625,
        "37":10290.740234375,
        "38":10031.990234375,
        "39":11500.630859375,
        "40":10503.8828125,
        "41":10213.7734375,
        "42":7841.87890625,
        "43":11315.169921875,
        "44":10448.544921875,
        "45":13084.2646484375,
        "46":10692.6123046875,
        "47":10390.1591796875,
        "48":10515.9580078125,
        "49":10559.1044921875
    },
    "std":{
        "-30":1725.447265625,
        "-29":1654.8480224609,
        "-28":1664.5805664062,
        "-27":2546.4624023438,
        "-26":2164.310546875,
        "-25":2149.4580078125,
        "-24":1771.1281738281,
        "-23":2161.7849121094,
        "-22":2887.9741210938,
        "-21":2136.9367675781,
        "-20":2229.2055664062,
        "-19":2184.8676757812,
        "-18":2428.5600585938,
        "-17":3130.4860839844,
        "-16":2360.9694824219,
        "-15":2782.7238769531,
        "-14":2911.4543457031,
        "-13":3365.7426757812,
        "-12":2996.056640625,
        "-11":3121.9809570312,
        "-10":2671.4377441406,
        "-9":3264.1599121094,
        "-8":2783.6726074219,
        "-7":3567.9904785156,
        "-6":3121.3740234375,
        "-5":2932.9929199219,
        "-4":3554.1037597656,
        "-3":3607.1931152344,
        "-2":2987.4050292969,
        "-1":2535.3725585938,
        "0":3090.4826660156,
        "1":2128.0551757812,
        "2":2996.1162109375,
        "3":2859.6574707031,
        "4":2811.970703125,
        "5":1767.9663085938,
        "6":2150.7814941406,
        "7":1980.3315429688,
        "8":1760.3840332031,
        "9":1965.1845703125,
        "10":1972.716796875,
        "11":2608.4379882812,
        "12":2798.4440917969,
        "13":1992.5063476562,
        "14":2382.9750976562,
        "15":2094.533203125,
        "16":1701.6416015625,
        "17":2104.0004882812,
        "18":1729.9685058594,
        "19":3163.3779296875,
        "20":1837.6473388672,
        "21":2182.27734375,
        "22":2016.7261962891,
        "23":1673.0145263672,
        "24":2002.0986328125,
        "25":1678.3208007812,
        "26":1769.7707519531,
        "27":1494.8900146484,
        "28":1874.2397460938,
        "29":1609.8421630859,
        "30":1720.9241943359,
        "31":2193.9467773438,
        "32":1326.0679931641,
        "33":2072.2680664062,
        "34":1646.0805664062,
        "35":1913.7152099609,
        "36":1552.1794433594,
        "37":1671.1256103516,
        "38":2339.1999511719,
        "39":2320.6401367188,
        "40":1920.2764892578,
        "41":1602.1322021484,
        "42":1889.4642333984,
        "43":2048.1567382812,
        "44":2426.3479003906,
        "45":2293.015625,
        "46":1733.2794189453,
        "47":1842.6358642578,
        "48":1535.7515869141,
        "49":1772.2132568359
    }
}