{
    "data":{
        "-30":16740.83984375,
        "-29":18883.27734375,
        "-28":17209.974609375,
        "-27":17540.009765625,
        "-26":17504.376953125,
        "-25":15479.451171875,
        "-24":16211.498046875,
        "-23":15048.0517578125,
        "-22":14718.9599609375,
        "-21":18290.728515625,
        "-20":15625.3984375,
        "-19":18619.55859375,
        "-18":17439.75390625,
        "-17":16155.4775390625,
        "-16":17441.75390625,
        "-15":17171.30859375,
        "-14":18242.896484375,
        "-13":16158.9287109375,
        "-12":13451.099609375,
        "-11":12932.3212890625,
        "-10":15540.15625,
        "-9":14860.3955078125,
        "-8":14797.15625,
        "-7":16374.1396484375,
        "-6":17152.54296875,
        "-5":18616.12109375,
        "-4":18515.61328125,
        "-3":16876.107421875,
        "-2":16565.75390625,
        "-1":16408.103515625,
        "0":14858.966796875,
        "1":14437.5400390625,
        "2":15229.61328125,
        "3":17683.673828125,
        "4":15162.193359375,
        "5":13007.275390625,
        "6":16399.81640625,
        "7":16607.982421875,
        "8":15815.4580078125,
        "9":17282.1640625,
        "10":16097.61328125,
        "11":17117.265625,
        "12":13145.5537109375,
        "13":14003.5625,
        "14":16073.7412109375,
        "15":17356.33984375,
        "16":14175.9208984375,
        "17":17260.83203125,
        "18":15648.994140625,
        "19":12139.5234375,
        "20":14180.03125,
        "21":14784.8232421875,
        "22":14041.736328125,
        "23":12730.435546875,
        "24":15516.0595703125,
        "25":12254.5341796875,
        "26":15418.4462890625,
        "27":16494.28515625,
        "28":13179.6650390625,
        "29":10914.8486328125,
        "30":15667.4970703125,
        "31":14991.193359375,
        "32":9363.0263671875,
        "33":10637.9482421875,
        "34":13048.4892578125,
        "35":12359.1015625,
        "36":17966.267578125,
        "37":15277.3330078125,
        "38":12653.3388671875,
        "39":11705.787109375,
        "40":17078.08203125,
        "41":17547.689453125,
        "42":16413.05078125,
        "43":14631.2578125,
        "44":11288.919921875,
        "45":13751.111328125,
        "46":16197.919921875,
        "47":18119.212890625,
        "48":21937.546875,
        "49":15221.4375
    },
    "std":{
        "-30":5027.20703125,
        "-29":5802.7373046875,
        "-28":4105.1381835938,
        "-27":4254.7890625,
        "-26":4495.6137695312,
        "-25":4531.7426757812,
        "-24":3957.5280761719,
        "-23":3678.2004394531,
        "-22":4140.158203125,
        "-21":5069.263671875,
        "-20":4798.3862304688,
        "-19":4475.7099609375,
        "-18":4254.4541015625,
        "-17":3682.0922851562,
        "-16":5266.0493164062,
        "-15":5773.2919921875,
        "-14":4717.0737304688,
        "-13":4233.6811523438,
        "-12":4861.5541992188,
        "-11":4184.0942382812,
        "-10":4266.4267578125,
        "-9":4449.3559570312,
        "-8":3773.8342285156,
        "-7":3993.4333496094,
        "-6":5705.2348632812,
        "-5":5813.787109375,
        "-4":5253.2270507812,
        "-3":3697.8601074219,
        "-2":5153.1274414062,
        "-1":5675.033203125,
        "0":4420.7124023438,
        "1":4034.8330078125,
        "2":5372.1533203125,
        "3":6006.4448242188,
        "4":4695.2119140625,
        "5":3769.4782714844,
        "6":5025.5932617188,
        "7":5476.689453125,
        "8":4499.294921875,
        "9":4440.1489257812,
        "10":3434.7839355469,
        "11":4508.73046875,
        "12":4791.59375,
        "13":3592.8786621094,
        "14":3944.3974609375,
        "15":3120.4167480469,
        "16":4651.8676757812,
        "17":4677.6635742188,
        "18":3302.9323730469,
        "19":2962.04296875,
        "20":4791.3359375,
        "21":4296.6430664062,
        "22":4568.8540039062,
        "23":2124.9555664062,
        "24":2969.9851074219,
        "25":2531.380859375,
        "26":4554.1728515625,
        "27":4696.9921875,
        "28":3122.2202148438,
        "29":3432.1657714844,
        "30":4829.1435546875,
        "31":5447.8310546875,
        "32":2887.61328125,
        "33":2061.8149414062,
        "34":3950.740234375,
        "35":3739.5603027344,
        "36":5077.6831054688,
        "37":3861.8203125,
        "38":3461.763671875,
        "39":2812.6662597656,
        "40":4291.00390625,
        "41":5459.1884765625,
        "42":3836.9982910156,
        "43":3158.263671875,
        "44":4044.0390625,
        "45":4529.3046875,
        "46":3394.51953125,
        "47":4645.3227539062,
        "48":6020.21484375,
        "49":3995.4816894531
    }
}