{
    "data":{
        "-30":14667.6474609375,
        "-29":13294.9609375,
        "-28":12423.91796875,
        "-27":16482.314453125,
        "-26":15156.279296875,
        "-25":11391.48828125,
        "-24":13552.8271484375,
        "-23":14983.318359375,
        "-22":13279.1162109375,
        "-21":15541.404296875,
        "-20":13423.5908203125,
        "-19":13037.5771484375,
        "-18":12970.587890625,
        "-17":9199.9609375,
        "-16":15320.6484375,
        "-15":14961.3583984375,
        "-14":15512.8662109375,
        "-13":12591.744140625,
        "-12":13419.0205078125,
        "-11":13915.681640625,
        "-10":11778.947265625,
        "-9":15262.6474609375,
        "-8":13615.6875,
        "-7":14029.3359375,
        "-6":14267.2666015625,
        "-5":13822.6611328125,
        "-4":12462.9013671875,
        "-3":11002.8046875,
        "-2":14979.685546875,
        "-1":14009.5849609375,
        "0":12773.306640625,
        "1":13033.111328125,
        "2":13361.330078125,
        "3":13546.806640625,
        "4":14312.5107421875,
        "5":13985.1171875,
        "6":14605.7529296875,
        "7":13083.087890625,
        "8":14566.9208984375,
        "9":14315.0166015625,
        "10":12046.6591796875,
        "11":12022.021484375,
        "12":14809.357421875,
        "13":13234.3076171875,
        "14":15666.7392578125,
        "15":14637.54296875,
        "16":13605.4892578125,
        "17":11705.3974609375,
        "18":13882.841796875,
        "19":12569.3779296875,
        "20":12545.212890625,
        "21":13380.21875,
        "22":14344.2216796875,
        "23":14867.8466796875,
        "24":12076.7783203125,
        "25":12075.546875,
        "26":11855.3115234375,
        "27":14246.3203125,
        "28":13861.5234375,
        "29":14853.7080078125,
        "30":12045.380859375,
        "31":12966.1728515625,
        "32":13853.92578125,
        "33":10829.642578125,
        "34":12529.9765625,
        "35":14403.5517578125,
        "36":14026.779296875,
        "37":13378.5849609375,
        "38":13037.123046875,
        "39":12798.8603515625,
        "40":16585.095703125,
        "41":13823.705078125,
        "42":15716.8779296875,
        "43":14750.6162109375,
        "44":10811.345703125,
        "45":14385.01953125,
        "46":14495.8076171875,
        "47":14348.529296875,
        "48":12434.376953125,
        "49":12894.2294921875
    },
    "std":{
        "-30":3125.0651855469,
        "-29":3458.5268554688,
        "-28":3252.5939941406,
        "-27":2889.6357421875,
        "-26":3734.9384765625,
        "-25":2786.4226074219,
        "-24":3620.5883789062,
        "-23":3406.8520507812,
        "-22":2856.8671875,
        "-21":2955.8828125,
        "-20":2664.5454101562,
        "-19":3305.7338867188,
        "-18":1886.1907958984,
        "-17":1604.6687011719,
        "-16":2654.962890625,
        "-15":2543.6960449219,
        "-14":2348.0783691406,
        "-13":2134.5363769531,
        "-12":2316.6979980469,
        "-11":1808.5744628906,
        "-10":2623.3881835938,
        "-9":2413.81640625,
        "-8":2145.6196289062,
        "-7":1824.4720458984,
        "-6":1763.7833251953,
        "-5":1944.7889404297,
        "-4":2071.0378417969,
        "-3":1633.7749023438,
        "-2":1733.12890625,
        "-1":2158.1765136719,
        "0":2210.4526367188,
        "1":1985.4094238281,
        "2":1981.7719726562,
        "3":2303.7255859375,
        "4":2262.1450195312,
        "5":2460.1140136719,
        "6":2353.3532714844,
        "7":2494.9169921875,
        "8":3089.2531738281,
        "9":2503.1645507812,
        "10":2676.5180664062,
        "11":2244.6574707031,
        "12":2813.1745605469,
        "13":2275.2177734375,
        "14":2873.2717285156,
        "15":3285.7434082031,
        "16":2281.2478027344,
        "17":2720.1730957031,
        "18":2836.5327148438,
        "19":2255.8486328125,
        "20":2927.1447753906,
        "21":2506.6345214844,
        "22":3118.423828125,
        "23":3157.1904296875,
        "24":2482.1000976562,
        "25":3160.2749023438,
        "26":2825.3762207031,
        "27":2809.7456054688,
        "28":3131.8659667969,
        "29":2746.3142089844,
        "30":2578.2048339844,
        "31":3341.4074707031,
        "32":3111.2429199219,
        "33":2447.9443359375,
        "34":3244.7839355469,
        "35":2792.4694824219,
        "36":3125.86328125,
        "37":3005.5546875,
        "38":3739.2055664062,
        "39":3611.6867675781,
        "40":3488.1772460938,
        "41":3114.3276367188,
        "42":2999.4516601562,
        "43":2675.4602050781,
        "44":3234.544921875,
        "45":3181.7592773438,
        "46":3106.4050292969,
        "47":3131.4890136719,
        "48":3505.6062011719,
        "49":3198.4982910156
    }
}