{
    "data":{
        "-30":10122.8544921875,
        "-29":10117.4921875,
        "-28":12974.25,
        "-27":10656.5615234375,
        "-26":7998.5458984375,
        "-25":9503.015625,
        "-24":11510.3515625,
        "-23":10937.7421875,
        "-22":8991.78515625,
        "-21":9509.9951171875,
        "-20":12265.482421875,
        "-19":10653.6953125,
        "-18":9198.0029296875,
        "-17":10906.9423828125,
        "-16":6475.7172851562,
        "-15":7557.0,
        "-14":10311.072265625,
        "-13":11392.4765625,
        "-12":9423.009765625,
        "-11":9466.4208984375,
        "-10":10386.4951171875,
        "-9":10054.7138671875,
        "-8":7877.6831054688,
        "-7":8475.6669921875,
        "-6":12078.0830078125,
        "-5":12338.5048828125,
        "-4":10962.97265625,
        "-3":7113.3637695312,
        "-2":9678.9970703125,
        "-1":9456.0546875,
        "0":12797.9267578125,
        "1":12507.5029296875,
        "2":10781.119140625,
        "3":10881.767578125,
        "4":8881.685546875,
        "5":9735.0166015625,
        "6":7151.6147460938,
        "7":9849.09375,
        "8":12005.70703125,
        "9":13493.201171875,
        "10":8064.2172851562,
        "11":8056.76171875,
        "12":10862.9404296875,
        "13":8391.345703125,
        "14":11909.060546875,
        "15":11353.802734375,
        "16":10450.8583984375,
        "17":11025.1572265625,
        "18":9284.974609375,
        "19":9980.623046875,
        "20":9833.1767578125,
        "21":12346.6962890625,
        "22":11461.1572265625,
        "23":10658.3046875,
        "24":10999.7734375,
        "25":10063.5869140625,
        "26":10837.2412109375,
        "27":9939.3388671875,
        "28":10792.6328125,
        "29":7930.9077148438,
        "30":12677.193359375,
        "31":11178.9970703125,
        "32":11001.5302734375,
        "33":7591.9575195312,
        "34":7893.7802734375,
        "35":8101.9272460938,
        "36":9357.8564453125,
        "37":8425.701171875,
        "38":11611.1796875,
        "39":10781.4345703125,
        "40":11287.7607421875,
        "41":10859.462890625,
        "42":11554.068359375,
        "43":7676.51953125,
        "44":9863.140625,
        "45":10223.8701171875,
        "46":8839.60546875,
        "47":6710.0439453125,
        "48":10588.1767578125,
        "49":11479.05078125
    },
    "std":{
        "-30":2689.8029785156,
        "-29":2092.3168945312,
        "-28":2490.1110839844,
        "-27":2081.2165527344,
        "-26":1713.4727783203,
        "-25":1346.3264160156,
        "-24":1303.1330566406,
        "-23":2843.7023925781,
        "-22":2313.2946777344,
        "-21":2391.3012695312,
        "-20":2647.7119140625,
        "-19":2368.009765625,
        "-18":1624.0555419922,
        "-17":1744.9783935547,
        "-16":1577.2600097656,
        "-15":1950.48046875,
        "-14":2683.3322753906,
        "-13":3097.3349609375,
        "-12":1715.0675048828,
        "-11":2010.5592041016,
        "-10":1900.9425048828,
        "-9":3364.0737304688,
        "-8":1455.9527587891,
        "-7":1258.8503417969,
        "-6":3090.8737792969,
        "-5":3402.6616210938,
        "-4":2345.8564453125,
        "-3":1370.6182861328,
        "-2":1982.4144287109,
        "-1":1807.2647705078,
        "0":2976.6647949219,
        "1":2830.3293457031,
        "2":2189.5771484375,
        "3":3222.3930664062,
        "4":1657.3062744141,
        "5":1633.6967773438,
        "6":1644.3093261719,
        "7":1479.5280761719,
        "8":3136.2375488281,
        "9":3777.77734375,
        "10":1184.1072998047,
        "11":1714.40234375,
        "12":2199.4748535156,
        "13":3168.86328125,
        "14":3111.5715332031,
        "15":2735.9489746094,
        "16":2047.4007568359,
        "17":2512.2744140625,
        "18":1742.6518554688,
        "19":2062.0666503906,
        "20":1931.8677978516,
        "21":2272.8576660156,
        "22":2011.7368164062,
        "23":3523.9499511719,
        "24":2777.291015625,
        "25":2491.1618652344,
        "26":2378.9799804688,
        "27":2575.0231933594,
        "28":2411.07421875,
        "29":1179.2364501953,
        "30":3462.7116699219,
        "31":2898.1313476562,
        "32":2471.9514160156,
        "33":2017.1782226562,
        "34":1655.9149169922,
        "35":907.0501098633,
        "36":1758.0158691406,
        "37":1514.9733886719,
        "38":3188.2104492188,
        "39":2441.8386230469,
        "40":2542.7727050781,
        "41":2962.6120605469,
        "42":2569.4948730469,
        "43":2165.0004882812,
        "44":2366.3447265625,
        "45":1972.232421875,
        "46":1297.0065917969,
        "47":1216.8055419922,
        "48":2646.1611328125,
        "49":1925.6979980469
    }
}