{
    "data":{
        "-30":12506.826171875,
        "-29":10178.90625,
        "-28":12378.8759765625,
        "-27":11404.0029296875,
        "-26":10175.1357421875,
        "-25":10854.6181640625,
        "-24":9300.0703125,
        "-23":11401.6376953125,
        "-22":11745.4111328125,
        "-21":12223.7294921875,
        "-20":12395.1337890625,
        "-19":12773.10546875,
        "-18":11508.2451171875,
        "-17":11178.408203125,
        "-16":13917.267578125,
        "-15":10673.521484375,
        "-14":11225.8984375,
        "-13":13731.9658203125,
        "-12":13884.8720703125,
        "-11":10892.423828125,
        "-10":11724.623046875,
        "-9":13332.7216796875,
        "-8":13089.810546875,
        "-7":14762.01171875,
        "-6":15271.1103515625,
        "-5":14369.2529296875,
        "-4":13483.0458984375,
        "-3":9695.689453125,
        "-2":12905.6669921875,
        "-1":14335.80078125,
        "0":12749.3291015625,
        "1":13200.26171875,
        "2":15004.5341796875,
        "3":13310.0166015625,
        "4":13291.630859375,
        "5":15560.4541015625,
        "6":14031.3203125,
        "7":13327.216796875,
        "8":15250.8525390625,
        "9":11627.4033203125,
        "10":12804.4228515625,
        "11":14511.9111328125,
        "12":14292.037109375,
        "13":13933.669921875,
        "14":13789.2919921875,
        "15":13310.94921875,
        "16":14461.6533203125,
        "17":12801.861328125,
        "18":13612.5205078125,
        "19":12571.8642578125,
        "20":12057.9619140625,
        "21":13853.5224609375,
        "22":17140.85546875,
        "23":16150.5419921875,
        "24":15850.3203125,
        "25":15613.6474609375,
        "26":14463.4228515625,
        "27":13945.642578125,
        "28":14946.505859375,
        "29":14411.537109375,
        "30":17373.751953125,
        "31":15299.8076171875,
        "32":13940.26171875,
        "33":15421.69921875,
        "34":16063.0908203125,
        "35":14989.125,
        "36":16547.515625,
        "37":15318.142578125,
        "38":15785.185546875,
        "39":13338.0,
        "40":14487.63671875,
        "41":15067.685546875,
        "42":12674.783203125,
        "43":17086.140625,
        "44":13517.544921875,
        "45":13146.654296875,
        "46":13281.6611328125,
        "47":11639.416015625,
        "48":11206.232421875,
        "49":11693.6376953125
    },
    "std":{
        "-30":2046.4791259766,
        "-29":1979.4613037109,
        "-28":1967.1257324219,
        "-27":1773.1324462891,
        "-26":2420.8986816406,
        "-25":2615.3898925781,
        "-24":1471.2028808594,
        "-23":1861.5994873047,
        "-22":2442.7778320312,
        "-21":2107.8024902344,
        "-20":2089.1279296875,
        "-19":1859.3325195312,
        "-18":2048.5178222656,
        "-17":2126.5825195312,
        "-16":2642.7407226562,
        "-15":2455.4685058594,
        "-14":2241.5270996094,
        "-13":2350.4602050781,
        "-12":2311.9133300781,
        "-11":2779.8764648438,
        "-10":2464.6076660156,
        "-9":2084.4338378906,
        "-8":2947.1533203125,
        "-7":2671.9699707031,
        "-6":2030.1231689453,
        "-5":2886.0754394531,
        "-4":2639.8374023438,
        "-3":2537.7707519531,
        "-2":2868.6760253906,
        "-1":2631.4665527344,
        "0":2841.9157714844,
        "1":1860.5501708984,
        "2":2465.7377929688,
        "3":1821.9493408203,
        "4":2555.1479492188,
        "5":3048.7351074219,
        "6":2436.9543457031,
        "7":2016.3204345703,
        "8":3288.650390625,
        "9":1781.0192871094,
        "10":2998.7399902344,
        "11":2805.2014160156,
        "12":2797.9072265625,
        "13":2991.2197265625,
        "14":2667.2023925781,
        "15":2840.0732421875,
        "16":2483.4702148438,
        "17":2599.8208007812,
        "18":2530.27734375,
        "19":2649.5920410156,
        "20":2462.0603027344,
        "21":2701.3815917969,
        "22":3039.0400390625,
        "23":2648.3981933594,
        "24":2282.1418457031,
        "25":2634.033203125,
        "26":2680.4147949219,
        "27":2557.078125,
        "28":2739.0446777344,
        "29":2710.44921875,
        "30":2350.7639160156,
        "31":2063.9663085938,
        "32":2015.5994873047,
        "33":2658.9255371094,
        "34":2598.767578125,
        "35":2432.2727050781,
        "36":2266.8562011719,
        "37":2182.0231933594,
        "38":2833.5947265625,
        "39":1928.8123779297,
        "40":2855.8005371094,
        "41":2648.3991699219,
        "42":2459.650390625,
        "43":2159.9968261719,
        "44":2182.7321777344,
        "45":2155.8520507812,
        "46":2411.52734375,
        "47":2129.2116699219,
        "48":1946.0377197266,
        "49":1904.5366210938
    }
}