{
    "data":{
        "-30":9705.6640625,
        "-29":9569.2890625,
        "-28":9579.642578125,
        "-27":9719.2158203125,
        "-26":10215.021484375,
        "-25":8604.3408203125,
        "-24":10755.001953125,
        "-23":8766.9326171875,
        "-22":12150.1640625,
        "-21":10823.5703125,
        "-20":8817.6982421875,
        "-19":9504.4716796875,
        "-18":11094.8427734375,
        "-17":8875.4541015625,
        "-16":8422.779296875,
        "-15":10457.9365234375,
        "-14":9306.6171875,
        "-13":9303.853515625,
        "-12":6542.98046875,
        "-11":6399.90625,
        "-10":11637.4072265625,
        "-9":6256.8549804688,
        "-8":8170.865234375,
        "-7":9032.060546875,
        "-6":7661.6196289062,
        "-5":7573.0102539062,
        "-4":7766.8764648438,
        "-3":6380.6821289062,
        "-2":7592.5444335938,
        "-1":7313.9775390625,
        "0":8411.1630859375,
        "1":6751.5498046875,
        "2":6913.6337890625,
        "3":6233.4506835938,
        "4":9604.0234375,
        "5":7214.7885742188,
        "6":7067.8134765625,
        "7":8184.4145507812,
        "8":7666.787109375,
        "9":8464.642578125,
        "10":6079.3637695312,
        "11":8930.8837890625,
        "12":7447.7724609375,
        "13":9944.0537109375,
        "14":9224.2275390625,
        "15":10461.8642578125,
        "16":7068.9799804688,
        "17":8233.6416015625,
        "18":10041.5390625,
        "19":8379.134765625,
        "20":8349.8896484375,
        "21":6829.9946289062,
        "22":8093.2490234375,
        "23":8504.49609375,
        "24":7707.0966796875,
        "25":6536.8393554688,
        "26":7930.150390625,
        "27":9138.6826171875,
        "28":8611.318359375,
        "29":11069.1728515625,
        "30":9421.5205078125,
        "31":8814.9453125,
        "32":6851.7783203125,
        "33":7931.8271484375,
        "34":9519.904296875,
        "35":9840.0390625,
        "36":9390.4921875,
        "37":9657.5107421875,
        "38":10893.591796875,
        "39":7731.734375,
        "40":9411.5146484375,
        "41":9035.2548828125,
        "42":8612.3076171875,
        "43":8999.9990234375,
        "44":9098.0751953125,
        "45":7740.8110351562,
        "46":11793.7041015625,
        "47":9994.3369140625,
        "48":9544.796875,
        "49":10673.3349609375
    },
    "std":{
        "-30":1563.7241210938,
        "-29":1817.8270263672,
        "-28":1565.9925537109,
        "-27":2160.4064941406,
        "-26":2000.5133056641,
        "-25":1430.7094726562,
        "-24":1646.6929931641,
        "-23":2782.0815429688,
        "-22":2367.5639648438,
        "-21":2152.0349121094,
        "-20":2014.4737548828,
        "-19":3326.3942871094,
        "-18":2488.4780273438,
        "-17":2437.2795410156,
        "-16":1579.0561523438,
        "-15":2125.6411132812,
        "-14":1758.7095947266,
        "-13":1243.5462646484,
        "-12":1116.9073486328,
        "-11":1331.6530761719,
        "-10":2066.314453125,
        "-9":1153.5587158203,
        "-8":1831.2242431641,
        "-7":1522.5610351562,
        "-6":1571.8328857422,
        "-5":1314.2121582031,
        "-4":1325.2735595703,
        "-3":1312.2475585938,
        "-2":1040.4949951172,
        "-1":1631.2153320312,
        "0":1421.677734375,
        "1":1126.2202148438,
        "2":1159.1418457031,
        "3":1413.7874755859,
        "4":1462.9471435547,
        "5":1419.4801025391,
        "6":1113.6149902344,
        "7":1431.9566650391,
        "8":1287.8559570312,
        "9":1232.4477539062,
        "10":888.9724121094,
        "11":1624.6928710938,
        "12":1369.6868896484,
        "13":1330.0529785156,
        "14":1630.0037841797,
        "15":1655.1115722656,
        "16":1140.7677001953,
        "17":1530.4482421875,
        "18":1760.5562744141,
        "19":1414.2561035156,
        "20":1474.5159912109,
        "21":1291.1658935547,
        "22":1483.4055175781,
        "23":1411.4642333984,
        "24":1388.6838378906,
        "25":1431.5953369141,
        "26":2624.2329101562,
        "27":1943.8563232422,
        "28":2116.7133789062,
        "29":1470.71875,
        "30":1994.8277587891,
        "31":2156.5314941406,
        "32":1587.9710693359,
        "33":1295.5777587891,
        "34":1856.1296386719,
        "35":1688.0782470703,
        "36":1761.6950683594,
        "37":1886.1922607422,
        "38":1960.8083496094,
        "39":1598.5294189453,
        "40":1956.7149658203,
        "41":2034.0545654297,
        "42":1537.9683837891,
        "43":1582.7342529297,
        "44":1331.0660400391,
        "45":1544.6077880859,
        "46":2220.6066894531,
        "47":1537.6450195312,
        "48":1911.2104492188,
        "49":1459.4968261719
    }
}