{
    "data":{
        "-30":16619.19140625,
        "-29":16245.03125,
        "-28":13090.580078125,
        "-27":16345.65625,
        "-26":15632.376953125,
        "-25":16595.27734375,
        "-24":14464.1591796875,
        "-23":13512.46875,
        "-22":13976.3232421875,
        "-21":17237.478515625,
        "-20":16590.107421875,
        "-19":11914.9384765625,
        "-18":13895.548828125,
        "-17":15024.193359375,
        "-16":12781.16796875,
        "-15":14058.2958984375,
        "-14":13577.3671875,
        "-13":13194.9404296875,
        "-12":16307.8798828125,
        "-11":11677.6337890625,
        "-10":14178.0625,
        "-9":12383.111328125,
        "-8":14935.2607421875,
        "-7":11637.0986328125,
        "-6":15747.13671875,
        "-5":16244.736328125,
        "-4":14620.4208984375,
        "-3":13477.6923828125,
        "-2":17102.3046875,
        "-1":11957.24609375,
        "0":15737.9580078125,
        "1":15868.720703125,
        "2":12670.736328125,
        "3":14661.0087890625,
        "4":12173.4580078125,
        "5":14286.9765625,
        "6":14521.2421875,
        "7":14455.0712890625,
        "8":13919.0517578125,
        "9":14087.0537109375,
        "10":13941.0966796875,
        "11":12805.7236328125,
        "12":16775.869140625,
        "13":15732.2451171875,
        "14":13836.1357421875,
        "15":16045.38671875,
        "16":19505.62890625,
        "17":13661.6708984375,
        "18":12388.765625,
        "19":14216.185546875,
        "20":15618.7783203125,
        "21":15006.369140625,
        "22":13401.607421875,
        "23":17350.0546875,
        "24":13710.087890625,
        "25":12939.3837890625,
        "26":12916.4912109375,
        "27":14434.6767578125,
        "28":11954.8916015625,
        "29":15439.0888671875,
        "30":15721.91796875,
        "31":15324.876953125,
        "32":14608.1171875,
        "33":15643.2666015625,
        "34":12110.3251953125,
        "35":19324.326171875,
        "36":16444.404296875,
        "37":16334.8125,
        "38":15700.826171875,
        "39":13413.7294921875,
        "40":15722.154296875,
        "41":14356.1083984375,
        "42":17599.78125,
        "43":16860.169921875,
        "44":16517.029296875,
        "45":16947.759765625,
        "46":16762.685546875,
        "47":17629.40625,
        "48":14820.2607421875,
        "49":13381.5712890625
    },
    "std":{
        "-30":2897.6416015625,
        "-29":3661.1459960938,
        "-28":3195.8361816406,
        "-27":3732.9506835938,
        "-26":3015.1374511719,
        "-25":3665.8630371094,
        "-24":4179.3256835938,
        "-23":4213.8823242188,
        "-22":3512.9152832031,
        "-21":4169.2724609375,
        "-20":3635.8666992188,
        "-19":3220.1770019531,
        "-18":3251.6960449219,
        "-17":3427.9624023438,
        "-16":2697.0490722656,
        "-15":2422.0981445312,
        "-14":3196.5148925781,
        "-13":2874.5334472656,
        "-12":2979.3671875,
        "-11":1560.2526855469,
        "-10":2822.04296875,
        "-9":2767.9089355469,
        "-8":3101.3579101562,
        "-7":2672.7854003906,
        "-6":2499.5139160156,
        "-5":2460.2939453125,
        "-4":2070.8395996094,
        "-3":2478.6059570312,
        "-2":3455.8076171875,
        "-1":2589.2836914062,
        "0":2643.8217773438,
        "1":2092.0954589844,
        "2":2176.7351074219,
        "3":2780.2426757812,
        "4":2674.6530761719,
        "5":2174.7387695312,
        "6":2055.2185058594,
        "7":2290.0390625,
        "8":2147.0178222656,
        "9":1981.7478027344,
        "10":2434.5888671875,
        "11":2237.525390625,
        "12":2323.1887207031,
        "13":2053.5317382812,
        "14":2534.5444335938,
        "15":2288.7001953125,
        "16":1912.7453613281,
        "17":2877.4428710938,
        "18":1892.6678466797,
        "19":2031.4898681641,
        "20":2184.0180664062,
        "21":2365.8193359375,
        "22":1964.6857910156,
        "23":2370.0014648438,
        "24":1860.3747558594,
        "25":2461.55859375,
        "26":2960.318359375,
        "27":2123.8854980469,
        "28":2273.7443847656,
        "29":3185.5207519531,
        "30":2840.5004882812,
        "31":2595.7946777344,
        "32":2465.904296875,
        "33":1975.1740722656,
        "34":2820.9765625,
        "35":2476.9455566406,
        "36":3553.2272949219,
        "37":3106.3366699219,
        "38":2700.5319824219,
        "39":2736.6120605469,
        "40":3219.58203125,
        "41":2484.9970703125,
        "42":2756.765625,
        "43":3641.7900390625,
        "44":3593.3759765625,
        "45":3077.560546875,
        "46":3510.5671386719,
        "47":3416.8657226562,
        "48":3083.0380859375,
        "49":3504.4755859375
    }
}