{
    "data":{
        "-30":12781.9775390625,
        "-29":11440.4091796875,
        "-28":9640.1953125,
        "-27":14750.76953125,
        "-26":11185.7294921875,
        "-25":13735.8408203125,
        "-24":11372.6328125,
        "-23":12324.08984375,
        "-22":8452.6298828125,
        "-21":12600.1591796875,
        "-20":13062.6328125,
        "-19":10795.1982421875,
        "-18":10496.388671875,
        "-17":13184.9833984375,
        "-16":11638.2578125,
        "-15":10577.15625,
        "-14":9551.6552734375,
        "-13":10094.416015625,
        "-12":12142.8701171875,
        "-11":9031.341796875,
        "-10":12182.5078125,
        "-9":10242.9873046875,
        "-8":12276.4248046875,
        "-7":11964.6142578125,
        "-6":10709.7744140625,
        "-5":10617.216796875,
        "-4":10670.9482421875,
        "-3":12587.9482421875,
        "-2":15292.6953125,
        "-1":10089.9755859375,
        "0":14118.8388671875,
        "1":7316.2211914062,
        "2":9630.119140625,
        "3":12141.02734375,
        "4":13912.3798828125,
        "5":11544.3662109375,
        "6":9163.6044921875,
        "7":12684.2216796875,
        "8":8696.1845703125,
        "9":12202.8125,
        "10":11648.5966796875,
        "11":11025.751953125,
        "12":13921.3125,
        "13":11093.8828125,
        "14":11995.0390625,
        "15":12438.6064453125,
        "16":8429.9921875,
        "17":11086.1728515625,
        "18":13422.5224609375,
        "19":13142.9423828125,
        "20":11688.208984375,
        "21":14135.0048828125,
        "22":12984.669921875,
        "23":9839.0126953125,
        "24":12885.5830078125,
        "25":13873.873046875,
        "26":11723.873046875,
        "27":11065.2939453125,
        "28":10796.4072265625,
        "29":10721.9453125,
        "30":10547.64453125,
        "31":12118.111328125,
        "32":12611.529296875,
        "33":9578.9560546875,
        "34":9023.310546875,
        "35":13386.0,
        "36":10754.79296875,
        "37":11793.1201171875,
        "38":12582.158203125,
        "39":11327.9853515625,
        "40":10415.5517578125,
        "41":10963.17578125,
        "42":10911.087890625,
        "43":12447.294921875,
        "44":10635.607421875,
        "45":14010.861328125,
        "46":13375.0234375,
        "47":12541.2392578125,
        "48":11726.744140625,
        "49":8784.595703125
    },
    "std":{
        "-30":2420.8684082031,
        "-29":2220.3110351562,
        "-28":2247.0180664062,
        "-27":2334.173828125,
        "-26":2488.3146972656,
        "-25":2479.5803222656,
        "-24":2482.1640625,
        "-23":1800.0458984375,
        "-22":2391.9326171875,
        "-21":2523.822265625,
        "-20":2316.3127441406,
        "-19":2652.6237792969,
        "-18":2395.3679199219,
        "-17":2680.7993164062,
        "-16":2079.5720214844,
        "-15":2532.4584960938,
        "-14":1914.3206787109,
        "-13":2589.0974121094,
        "-12":2953.0532226562,
        "-11":1816.5198974609,
        "-10":2054.1596679688,
        "-9":2088.7543945312,
        "-8":2043.1743164062,
        "-7":1746.0616455078,
        "-6":2084.6850585938,
        "-5":1631.2719726562,
        "-4":1775.1995849609,
        "-3":2013.4816894531,
        "-2":1790.0169677734,
        "-1":1609.6887207031,
        "0":1734.8570556641,
        "1":1426.5145263672,
        "2":2192.2407226562,
        "3":2142.1123046875,
        "4":2537.4331054688,
        "5":1807.8646240234,
        "6":1639.1760253906,
        "7":1609.7735595703,
        "8":1831.9224853516,
        "9":2278.3298339844,
        "10":2140.2329101562,
        "11":1744.9282226562,
        "12":2595.0207519531,
        "13":2044.8726806641,
        "14":2661.7795410156,
        "15":2218.8962402344,
        "16":2166.6708984375,
        "17":1771.0272216797,
        "18":1866.7045898438,
        "19":1941.2175292969,
        "20":1767.4635009766,
        "21":2303.28125,
        "22":2542.0263671875,
        "23":1904.7854003906,
        "24":2385.2033691406,
        "25":2588.6477050781,
        "26":2053.4926757812,
        "27":2557.4926757812,
        "28":1967.4942626953,
        "29":2369.4870605469,
        "30":2296.4106445312,
        "31":2366.0456542969,
        "32":2957.0925292969,
        "33":2473.3110351562,
        "34":1870.2916259766,
        "35":2713.384765625,
        "36":2395.7922363281,
        "37":2828.6481933594,
        "38":3164.5749511719,
        "39":2406.5595703125,
        "40":2384.6784667969,
        "41":2205.4055175781,
        "42":2271.23828125,
        "43":3094.8005371094,
        "44":2024.279296875,
        "45":2792.4079589844,
        "46":3018.3146972656,
        "47":2339.7565917969,
        "48":2209.2651367188,
        "49":1945.2182617188
    }
}