{
    "data":{
        "-30":11463.904296875,
        "-29":10576.078125,
        "-28":12091.9609375,
        "-27":14960.98046875,
        "-26":12168.8330078125,
        "-25":12873.650390625,
        "-24":12278.064453125,
        "-23":13652.0205078125,
        "-22":13473.4375,
        "-21":11928.9482421875,
        "-20":13554.1396484375,
        "-19":15860.779296875,
        "-18":11664.462890625,
        "-17":14214.7333984375,
        "-16":13072.3095703125,
        "-15":13291.314453125,
        "-14":13353.4833984375,
        "-13":11246.0029296875,
        "-12":11016.0341796875,
        "-11":11593.015625,
        "-10":12636.5390625,
        "-9":10618.7919921875,
        "-8":9474.033203125,
        "-7":11488.189453125,
        "-6":13240.3330078125,
        "-5":10853.548828125,
        "-4":8991.5986328125,
        "-3":13032.0732421875,
        "-2":10018.7197265625,
        "-1":12325.7421875,
        "0":11538.0146484375,
        "1":11356.9169921875,
        "2":10762.265625,
        "3":10319.7880859375,
        "4":9790.6044921875,
        "5":10994.779296875,
        "6":12111.521484375,
        "7":12811.3828125,
        "8":11926.970703125,
        "9":12604.7021484375,
        "10":10388.8369140625,
        "11":11686.029296875,
        "12":8582.791015625,
        "13":9304.705078125,
        "14":12092.201171875,
        "15":11017.6357421875,
        "16":11620.39453125,
        "17":10658.6552734375,
        "18":9187.908203125,
        "19":10870.9521484375,
        "20":10750.2236328125,
        "21":12227.2734375,
        "22":13074.1328125,
        "23":11383.59375,
        "24":14109.0029296875,
        "25":10788.12109375,
        "26":13451.904296875,
        "27":15708.9921875,
        "28":17389.19140625,
        "29":13012.86328125,
        "30":11443.373046875,
        "31":14153.08203125,
        "32":16397.501953125,
        "33":15722.6162109375,
        "34":14713.1103515625,
        "35":13851.3583984375,
        "36":15534.056640625,
        "37":16805.29296875,
        "38":17713.435546875,
        "39":14300.9794921875,
        "40":16468.078125,
        "41":13942.037109375,
        "42":16652.046875,
        "43":13300.9287109375,
        "44":11841.0380859375,
        "45":15748.154296875,
        "46":14483.716796875,
        "47":13792.7080078125,
        "48":12815.6396484375,
        "49":15113.1083984375
    },
    "std":{
        "-30":3129.6164550781,
        "-29":3224.3029785156,
        "-28":3769.1791992188,
        "-27":4003.5671386719,
        "-26":3992.654296875,
        "-25":3045.4548339844,
        "-24":3763.1477050781,
        "-23":3499.5751953125,
        "-22":3811.2673339844,
        "-21":3957.0144042969,
        "-20":3563.5478515625,
        "-19":3506.9990234375,
        "-18":4377.5258789062,
        "-17":3812.6364746094,
        "-16":3430.8098144531,
        "-15":3154.6140136719,
        "-14":4003.7961425781,
        "-13":4016.958984375,
        "-12":2686.7216796875,
        "-11":3661.1381835938,
        "-10":3428.2397460938,
        "-9":2739.92578125,
        "-8":2927.1276855469,
        "-7":2515.052734375,
        "-6":2773.7409667969,
        "-5":2380.4907226562,
        "-4":2236.8251953125,
        "-3":2434.2744140625,
        "-2":2591.7260742188,
        "-1":2288.2390136719,
        "0":2781.3122558594,
        "1":3477.0026855469,
        "2":2327.4558105469,
        "3":2272.4887695312,
        "4":2476.2373046875,
        "5":2547.2917480469,
        "6":2864.3210449219,
        "7":2374.4272460938,
        "8":2436.9350585938,
        "9":1932.7536621094,
        "10":2570.5009765625,
        "11":2447.4597167969,
        "12":2134.6311035156,
        "13":2542.0979003906,
        "14":3111.4821777344,
        "15":2388.2326660156,
        "16":2277.5324707031,
        "17":2280.7507324219,
        "18":2594.2897949219,
        "19":2338.2299804688,
        "20":2055.9291992188,
        "21":2734.5793457031,
        "22":2933.091796875,
        "23":2519.0197753906,
        "24":2865.5075683594,
        "25":2199.7199707031,
        "26":3406.6926269531,
        "27":2542.9721679688,
        "28":3812.5119628906,
        "29":3413.8957519531,
        "30":3112.33984375,
        "31":3205.7734375,
        "32":3797.1437988281,
        "33":3770.2978515625,
        "34":3583.3981933594,
        "35":3316.1481933594,
        "36":4217.4912109375,
        "37":4249.29296875,
        "38":4152.056640625,
        "39":3663.6469726562,
        "40":4109.3408203125,
        "41":4046.7373046875,
        "42":3445.658203125,
        "43":4146.5961914062,
        "44":3706.3608398438,
        "45":3745.3698730469,
        "46":3667.7963867188,
        "47":3513.583984375,
        "48":3215.01171875,
        "49":4089.2607421875
    }
}