{
    "data":{
        "-30":0.1350667964,
        "-29":0.1308018702,
        "-28":0.1293528181,
        "-27":0.1276955634,
        "-26":0.1289287731,
        "-25":0.1332954481,
        "-24":0.1286551278,
        "-23":0.1280067245,
        "-22":0.1285880927,
        "-21":0.1327301664,
        "-20":0.1274039485,
        "-19":0.1328815353,
        "-18":0.1264009811,
        "-17":0.1236072872,
        "-16":0.1261434177,
        "-15":0.1304074413,
        "-14":0.1262859578,
        "-13":0.129757497,
        "-12":0.128947085,
        "-11":0.1307674463,
        "-10":0.1254376354,
        "-9":0.1309333859,
        "-8":0.1277216803,
        "-7":0.1303938579,
        "-6":0.1285833634,
        "-5":0.1275051554,
        "-4":0.1284697839,
        "-3":0.1286422074,
        "-2":0.1256964133,
        "-1":0.1302988973,
        "0":0.1290328394,
        "1":0.1289073688,
        "2":0.1337724654,
        "3":0.1272300336,
        "4":0.1330157002,
        "5":0.1319583985,
        "6":0.1267826759,
        "7":0.1318993641,
        "8":0.1301890574,
        "9":0.1308076032,
        "10":0.1262146384,
        "11":0.1309813027,
        "12":0.1411234628,
        "13":0.1357901886,
        "14":0.1367465608,
        "15":0.1422865937,
        "16":0.1506259083,
        "17":0.1490604483,
        "18":0.1447565334,
        "19":0.1460908672,
        "20":0.1411344583,
        "21":0.1455125054,
        "22":0.1456447321,
        "23":0.1416544972,
        "24":0.1397107019,
        "25":0.1442847358,
        "26":0.1416862159,
        "27":0.1427173082,
        "28":0.1432270028,
        "29":0.1437459222,
        "30":0.1390535889,
        "31":0.1411750204,
        "32":0.1363955222,
        "33":0.1339905581,
        "34":0.136444069,
        "35":0.1352423995,
        "36":0.1342168748,
        "37":0.1376285734,
        "38":0.1348218034,
        "39":0.135161729,
        "40":0.1416142438,
        "41":0.1350377219,
        "42":0.1379639875,
        "43":0.1358725481,
        "44":0.133634056,
        "45":0.1332393255,
        "46":0.1372577668,
        "47":0.1308483756,
        "48":0.1357270092,
        "49":0.1329434218
    },
    "std":{
        "-30":0.0067044096,
        "-29":0.0039901128,
        "-28":0.0042871343,
        "-27":0.005017892,
        "-26":0.0038316514,
        "-25":0.0046561744,
        "-24":0.0056865927,
        "-23":0.0045655762,
        "-22":0.0030203779,
        "-21":0.0049100089,
        "-20":0.0043981198,
        "-19":0.0040823527,
        "-18":0.0045844272,
        "-17":0.0047055638,
        "-16":0.0040948821,
        "-15":0.0052007479,
        "-14":0.0048895532,
        "-13":0.0044382199,
        "-12":0.0055423872,
        "-11":0.0050100977,
        "-10":0.003760224,
        "-9":0.0047966089,
        "-8":0.003990257,
        "-7":0.0050515708,
        "-6":0.0049008072,
        "-5":0.0030652855,
        "-4":0.0043096533,
        "-3":0.0036286298,
        "-2":0.0034607901,
        "-1":0.0045790224,
        "0":0.003259003,
        "1":0.0056190287,
        "2":0.0049023663,
        "3":0.0040886043,
        "4":0.004002712,
        "5":0.0041737412,
        "6":0.003951438,
        "7":0.0044927314,
        "8":0.0044448855,
        "9":0.0056783816,
        "10":0.005496138,
        "11":0.0065037264,
        "12":0.008566628,
        "13":0.006819855,
        "14":0.00756371,
        "15":0.0101557101,
        "16":0.0108218618,
        "17":0.0109353156,
        "18":0.0117555019,
        "19":0.0135543543,
        "20":0.0113758873,
        "21":0.0110967494,
        "22":0.0112154096,
        "23":0.0120420965,
        "24":0.010481647,
        "25":0.0096317136,
        "26":0.0094941405,
        "27":0.0085800662,
        "28":0.0104039163,
        "29":0.0103034523,
        "30":0.0092003788,
        "31":0.0073493506,
        "32":0.0075215941,
        "33":0.0086966887,
        "34":0.0076914993,
        "35":0.0079963971,
        "36":0.0071103795,
        "37":0.0078847193,
        "38":0.0090107949,
        "39":0.0072323208,
        "40":0.0070372154,
        "41":0.0064610814,
        "42":0.0093766892,
        "43":0.0078114437,
        "44":0.0071897092,
        "45":0.0058343601,
        "46":0.0077549367,
        "47":0.0071559967,
        "48":0.0067650103,
        "49":0.0049089476
    }
}