{
    "data":{
        "-30":0.2884830796,
        "-29":0.2897499302,
        "-28":0.2884107485,
        "-27":0.2889167661,
        "-26":0.2755796439,
        "-25":0.2904880896,
        "-24":0.2850779838,
        "-23":0.2825216971,
        "-22":0.2952920973,
        "-21":0.293827627,
        "-20":0.2800397932,
        "-19":0.2887266403,
        "-18":0.2941783907,
        "-17":0.291466375,
        "-16":0.2871735027,
        "-15":0.2917307124,
        "-14":0.2912161231,
        "-13":0.2894655258,
        "-12":0.2866162779,
        "-11":0.2784242932,
        "-10":0.2853185712,
        "-9":0.2892155519,
        "-8":0.2841667886,
        "-7":0.2748898928,
        "-6":0.2815337609,
        "-5":0.2843658833,
        "-4":0.2860326196,
        "-3":0.2929852762,
        "-2":0.2886009114,
        "-1":0.2893927532,
        "0":0.2792270316,
        "1":0.2939174835,
        "2":0.2818330609,
        "3":0.2860347528,
        "4":0.2960379861,
        "5":0.29157607,
        "6":0.2950931367,
        "7":0.2919517509,
        "8":0.2865393855,
        "9":0.2926786162,
        "10":0.297845802,
        "11":0.2916772314,
        "12":0.2961061879,
        "13":0.2904020671,
        "14":0.2871942409,
        "15":0.2919382708,
        "16":0.2858955747,
        "17":0.2870599761,
        "18":0.290721154,
        "19":0.2888889674,
        "20":0.2877163487,
        "21":0.2938935759,
        "22":0.2967128884,
        "23":0.2907342601,
        "24":0.2912792137,
        "25":0.2939727303,
        "26":0.2983186158,
        "27":0.2990832202,
        "28":0.2981616547,
        "29":0.2976381067,
        "30":0.3036870715,
        "31":0.3004955276,
        "32":0.2960220446,
        "33":0.28501594,
        "34":0.2995320267,
        "35":0.301431145,
        "36":0.2903028049,
        "37":0.3009876746,
        "38":0.3066151908,
        "39":0.3089715875,
        "40":0.3032519623,
        "41":0.3038207837,
        "42":0.297157678,
        "43":0.3020286349,
        "44":0.3009761714,
        "45":0.3082154709,
        "46":0.3027810403,
        "47":0.2991693009,
        "48":0.3051048559,
        "49":0.2955633674
    },
    "std":{
        "-30":0.0123381809,
        "-29":0.016119716,
        "-28":0.0103933064,
        "-27":0.0135134649,
        "-26":0.0133289116,
        "-25":0.0121149136,
        "-24":0.012939615,
        "-23":0.0124233396,
        "-22":0.0115047055,
        "-21":0.011716609,
        "-20":0.0124269717,
        "-19":0.013126112,
        "-18":0.0115007497,
        "-17":0.0127715928,
        "-16":0.0102835477,
        "-15":0.0128508418,
        "-14":0.011755698,
        "-13":0.0100041726,
        "-12":0.0116671956,
        "-11":0.011885303,
        "-10":0.0119101925,
        "-9":0.0114541511,
        "-8":0.0105553585,
        "-7":0.0108591264,
        "-6":0.0110003666,
        "-5":0.0103609581,
        "-4":0.0124153658,
        "-3":0.0125064507,
        "-2":0.0128941263,
        "-1":0.011770453,
        "0":0.0125244037,
        "1":0.0132477768,
        "2":0.014568508,
        "3":0.0136682272,
        "4":0.014092421,
        "5":0.0154670409,
        "6":0.014667993,
        "7":0.0145790196,
        "8":0.0161782627,
        "9":0.0140852276,
        "10":0.0152349047,
        "11":0.0164268453,
        "12":0.0170531661,
        "13":0.0143211475,
        "14":0.0158727055,
        "15":0.0161803131,
        "16":0.0185214458,
        "17":0.0180352025,
        "18":0.0198743044,
        "19":0.0186193661,
        "20":0.0193052325,
        "21":0.0187028843,
        "22":0.0194486099,
        "23":0.0177868735,
        "24":0.0168675518,
        "25":0.0178045042,
        "26":0.0191798399,
        "27":0.0201734067,
        "28":0.0199220654,
        "29":0.0190482778,
        "30":0.0182321041,
        "31":0.0183142695,
        "32":0.0175800118,
        "33":0.018156863,
        "34":0.0180363226,
        "35":0.0186255865,
        "36":0.0191746014,
        "37":0.0216599194,
        "38":0.0195143227,
        "39":0.019873923,
        "40":0.0188827584,
        "41":0.0192017268,
        "42":0.0193930583,
        "43":0.0186058249,
        "44":0.0188239731,
        "45":0.017818575,
        "46":0.0176138165,
        "47":0.0176648837,
        "48":0.0199458712,
        "49":0.0171499302
    }
}