{
    "data":{
        "-30":0.1937002842,
        "-29":0.1938964349,
        "-28":0.1939324961,
        "-27":0.2015462521,
        "-26":0.1975779179,
        "-25":0.202528989,
        "-24":0.2046022137,
        "-23":0.202922524,
        "-22":0.1993602771,
        "-21":0.2019694527,
        "-20":0.1948469696,
        "-19":0.2001908531,
        "-18":0.2000928868,
        "-17":0.2042568676,
        "-16":0.204134028,
        "-15":0.1957996059,
        "-14":0.1947690948,
        "-13":0.2093296183,
        "-12":0.1967141549,
        "-11":0.1967629118,
        "-10":0.1949905295,
        "-9":0.2018011451,
        "-8":0.1996721633,
        "-7":0.1991399152,
        "-6":0.2056314286,
        "-5":0.1981960711,
        "-4":0.207826814,
        "-3":0.1931053331,
        "-2":0.1996287797,
        "-1":0.2018316835,
        "0":0.1972783878,
        "1":0.2014508467,
        "2":0.1952938072,
        "3":0.1989470727,
        "4":0.198188017,
        "5":0.2012470215,
        "6":0.2007188136,
        "7":0.2021124306,
        "8":0.199222403,
        "9":0.1938614251,
        "10":0.2002509266,
        "11":0.1884107559,
        "12":0.199876717,
        "13":0.1946606896,
        "14":0.2033285337,
        "15":0.2010365996,
        "16":0.1946879672,
        "17":0.1967430041,
        "18":0.1979458392,
        "19":0.1957696172,
        "20":0.1980411591,
        "21":0.1980827603,
        "22":0.1989031093,
        "23":0.1988285868,
        "24":0.1954914488,
        "25":0.1992040399,
        "26":0.1974976074,
        "27":0.1971576854,
        "28":0.2011857003,
        "29":0.1951971676,
        "30":0.1972597822,
        "31":0.2023768528,
        "32":0.20497084,
        "33":0.1956432758,
        "34":0.1971925773,
        "35":0.2093436722,
        "36":0.1994551581,
        "37":0.1996411768,
        "38":0.1965735347,
        "39":0.2001077072,
        "40":0.2007966689,
        "41":0.1982853549,
        "42":0.2004484288,
        "43":0.1971595728,
        "44":0.2015205385,
        "45":0.1999415486,
        "46":0.2054904009,
        "47":0.1925033402,
        "48":0.1950220535,
        "49":0.1945309522
    },
    "std":{
        "-30":0.0049323569,
        "-29":0.0054099715,
        "-28":0.0054692058,
        "-27":0.0048533875,
        "-26":0.0068185664,
        "-25":0.007049472,
        "-24":0.0068210035,
        "-23":0.0053909368,
        "-22":0.0049269902,
        "-21":0.0065370669,
        "-20":0.0060744888,
        "-19":0.0064635427,
        "-18":0.0055257207,
        "-17":0.0066310018,
        "-16":0.0053426457,
        "-15":0.0056333633,
        "-14":0.0062450556,
        "-13":0.0051654409,
        "-12":0.0051806729,
        "-11":0.0047950445,
        "-10":0.0052581363,
        "-9":0.005268925,
        "-8":0.0052029656,
        "-7":0.004632258,
        "-6":0.0040830928,
        "-5":0.005588062,
        "-4":0.004527544,
        "-3":0.0041437105,
        "-2":0.0043390055,
        "-1":0.00391455,
        "0":0.0047350644,
        "1":0.0053585886,
        "2":0.0052088819,
        "3":0.004718846,
        "4":0.0042484968,
        "5":0.005373928,
        "6":0.0042900431,
        "7":0.0042064984,
        "8":0.004655874,
        "9":0.0060043772,
        "10":0.0056975663,
        "11":0.0035552081,
        "12":0.0050444873,
        "13":0.0047780715,
        "14":0.0032421826,
        "15":0.0045797925,
        "16":0.003406737,
        "17":0.004134434,
        "18":0.005633093,
        "19":0.0040870991,
        "20":0.0045552145,
        "21":0.0049253551,
        "22":0.00427145,
        "23":0.005566898,
        "24":0.0056239227,
        "25":0.0050025328,
        "26":0.0053602421,
        "27":0.0050455584,
        "28":0.0046111795,
        "29":0.0049680368,
        "30":0.0051670271,
        "31":0.0048623979,
        "32":0.0040447405,
        "33":0.005184382,
        "34":0.0058734052,
        "35":0.0045413327,
        "36":0.0063966167,
        "37":0.0065348368,
        "38":0.0052226003,
        "39":0.0049757241,
        "40":0.005759705,
        "41":0.00607708,
        "42":0.0056613686,
        "43":0.0061823733,
        "44":0.0047478232,
        "45":0.0057375313,
        "46":0.0060438537,
        "47":0.0050995746,
        "48":0.0054407682,
        "49":0.004863581
    }
}