{
    "data":{
        "-30":0.1711658887,
        "-29":0.176033059,
        "-28":0.16527076,
        "-27":0.166981718,
        "-26":0.1681376973,
        "-25":0.1730982476,
        "-24":0.1679708195,
        "-23":0.1679296973,
        "-22":0.1705768196,
        "-21":0.1607575451,
        "-20":0.166543196,
        "-19":0.1718336917,
        "-18":0.189316513,
        "-17":0.1655694358,
        "-16":0.1700555691,
        "-15":0.1696777471,
        "-14":0.17504194,
        "-13":0.1649626522,
        "-12":0.1674967029,
        "-11":0.1714998657,
        "-10":0.1623421607,
        "-9":0.1633219252,
        "-8":0.1606881187,
        "-7":0.1754705548,
        "-6":0.1685088126,
        "-5":0.1793510829,
        "-4":0.1658213577,
        "-3":0.1705999401,
        "-2":0.1668166259,
        "-1":0.1629917621,
        "0":0.16930048,
        "1":0.1642223185,
        "2":0.1651865086,
        "3":0.1645390913,
        "4":0.1653664263,
        "5":0.1681480358,
        "6":0.1685496413,
        "7":0.1614319571,
        "8":0.1656163537,
        "9":0.1662311941,
        "10":0.1615318357,
        "11":0.1684937668,
        "12":0.1662085509,
        "13":0.1706110603,
        "14":0.1668278449,
        "15":0.159602265,
        "16":0.1619904997,
        "17":0.1660362527,
        "18":0.1620637643,
        "19":0.1561541505,
        "20":0.1751885071,
        "21":0.1678006988,
        "22":0.1671806006,
        "23":0.1637273805,
        "24":0.1649519527,
        "25":0.1570827954,
        "26":0.162446772,
        "27":0.1612852308,
        "28":0.1644678478,
        "29":0.1566305426,
        "30":0.1577447585,
        "31":0.1728196925,
        "32":0.1727418013,
        "33":0.1575326262,
        "34":0.165248015,
        "35":0.1647040712,
        "36":0.1626221718,
        "37":0.1665575676,
        "38":0.1691968378,
        "39":0.1561940606,
        "40":0.1698877419,
        "41":0.1674063124,
        "42":0.1630636009,
        "43":0.1746992597,
        "44":0.1718808917,
        "45":0.1638443534,
        "46":0.1689612051,
        "47":0.166301779,
        "48":0.1747410595,
        "49":0.1631409183
    },
    "std":{
        "-30":0.0069466746,
        "-29":0.0055145637,
        "-28":0.0059343351,
        "-27":0.0058649106,
        "-26":0.007102034,
        "-25":0.0060496238,
        "-24":0.0063262091,
        "-23":0.0049727371,
        "-22":0.0074106495,
        "-21":0.0065961573,
        "-20":0.0058829757,
        "-19":0.0065098571,
        "-18":0.0058009275,
        "-17":0.0055512163,
        "-16":0.0059298455,
        "-15":0.0061887837,
        "-14":0.0061400024,
        "-13":0.007113473,
        "-12":0.0062695434,
        "-11":0.0070265142,
        "-10":0.0055109568,
        "-9":0.0056827121,
        "-8":0.0054727482,
        "-7":0.0072907988,
        "-6":0.0062624158,
        "-5":0.0062083971,
        "-4":0.0053529243,
        "-3":0.0046653639,
        "-2":0.0044500444,
        "-1":0.0068149766,
        "0":0.0054249494,
        "1":0.005333369,
        "2":0.0050941011,
        "3":0.0076069249,
        "4":0.006293737,
        "5":0.0075872667,
        "6":0.0055760875,
        "7":0.0036407159,
        "8":0.005045826,
        "9":0.0049704906,
        "10":0.0051808607,
        "11":0.0058802643,
        "12":0.0048888502,
        "13":0.0059163688,
        "14":0.0058987698,
        "15":0.0037608706,
        "16":0.0034814456,
        "17":0.0055115514,
        "18":0.0055458345,
        "19":0.0048814796,
        "20":0.0062161783,
        "21":0.0063187759,
        "22":0.0049756713,
        "23":0.0043783448,
        "24":0.006449679,
        "25":0.0056041722,
        "26":0.0052926325,
        "27":0.0056685872,
        "28":0.0058296382,
        "29":0.0041014033,
        "30":0.0069540315,
        "31":0.0050268418,
        "32":0.0061458955,
        "33":0.0064945261,
        "34":0.0051086573,
        "35":0.0050528194,
        "36":0.0058417435,
        "37":0.0049276809,
        "38":0.00689094,
        "39":0.0057497248,
        "40":0.0038933065,
        "41":0.0060357408,
        "42":0.004838393,
        "43":0.0056333076,
        "44":0.0066604516,
        "45":0.0066556833,
        "46":0.0057315994,
        "47":0.0071728448,
        "48":0.0046789647,
        "49":0.0059366248
    }
}