{
    "data":{
        "-30":0.1585263355,
        "-29":0.1564489645,
        "-28":0.160941509,
        "-27":0.152917258,
        "-26":0.1547866262,
        "-25":0.1572751131,
        "-24":0.1583349125,
        "-23":0.1547613361,
        "-22":0.1545336578,
        "-21":0.1562984809,
        "-20":0.1553847882,
        "-19":0.1625669666,
        "-18":0.1626197738,
        "-17":0.1541169241,
        "-16":0.1556664504,
        "-15":0.1580366983,
        "-14":0.1586114667,
        "-13":0.1585766046,
        "-12":0.1577789396,
        "-11":0.1565270934,
        "-10":0.1601894159,
        "-9":0.1570936813,
        "-8":0.1567064838,
        "-7":0.1594384761,
        "-6":0.152950218,
        "-5":0.1634681107,
        "-4":0.1649119587,
        "-3":0.1582633126,
        "-2":0.1555769487,
        "-1":0.1527884018,
        "0":0.1580898096,
        "1":0.1524754547,
        "2":0.1553580143,
        "3":0.151595557,
        "4":0.1642487967,
        "5":0.1562912005,
        "6":0.1503093696,
        "7":0.1620697012,
        "8":0.1592560018,
        "9":0.1600613102,
        "10":0.1565871096,
        "11":0.158698923,
        "12":0.159077647,
        "13":0.1593440746,
        "14":0.1578655623,
        "15":0.1559979213,
        "16":0.1523426499,
        "17":0.151273976,
        "18":0.1609540374,
        "19":0.1544771681,
        "20":0.1615852071,
        "21":0.1635811239,
        "22":0.1619762539,
        "23":0.1555283077,
        "24":0.1546254966,
        "25":0.1602224381,
        "26":0.1559800572,
        "27":0.161240514,
        "28":0.1615875806,
        "29":0.157346312,
        "30":0.1592489922,
        "31":0.1585103697,
        "32":0.1573946499,
        "33":0.1571527001,
        "34":0.1521027139,
        "35":0.1557483038,
        "36":0.1560128916,
        "37":0.153197837,
        "38":0.1551451715,
        "39":0.1560238676,
        "40":0.1591852147,
        "41":0.1589864655,
        "42":0.1559893459,
        "43":0.1607435632,
        "44":0.1558029635,
        "45":0.1614484754,
        "46":0.1518572876,
        "47":0.1575491314,
        "48":0.1534381163,
        "49":0.1610668986
    },
    "std":{
        "-30":0.0042453555,
        "-29":0.0034246169,
        "-28":0.0028499721,
        "-27":0.0038578781,
        "-26":0.0045444748,
        "-25":0.0034425424,
        "-24":0.0030478541,
        "-23":0.0035222788,
        "-22":0.0024914105,
        "-21":0.004222832,
        "-20":0.0026253862,
        "-19":0.0024980813,
        "-18":0.0041873942,
        "-17":0.0030518013,
        "-16":0.0027578092,
        "-15":0.0041016841,
        "-14":0.0048153701,
        "-13":0.0036392412,
        "-12":0.0042927253,
        "-11":0.0026773473,
        "-10":0.0038632168,
        "-9":0.0033923177,
        "-8":0.0038716568,
        "-7":0.003598826,
        "-6":0.0030544774,
        "-5":0.0025676479,
        "-4":0.0027917965,
        "-3":0.0030004718,
        "-2":0.0027692825,
        "-1":0.0030499903,
        "0":0.0035483551,
        "1":0.0025397975,
        "2":0.0031593968,
        "3":0.0028448178,
        "4":0.002816396,
        "5":0.0029072742,
        "6":0.003140071,
        "7":0.0039501892,
        "8":0.0039731938,
        "9":0.0039769797,
        "10":0.0037743384,
        "11":0.0034303642,
        "12":0.0033052489,
        "13":0.0024413582,
        "14":0.0028629062,
        "15":0.0040743238,
        "16":0.0046847122,
        "17":0.0035091395,
        "18":0.0045917722,
        "19":0.0035376522,
        "20":0.0047215027,
        "21":0.0037062261,
        "22":0.0032185741,
        "23":0.0033309281,
        "24":0.0040874785,
        "25":0.0036865052,
        "26":0.0042282598,
        "27":0.0047709158,
        "28":0.0041695657,
        "29":0.0032683906,
        "30":0.0041646596,
        "31":0.0028829544,
        "32":0.0029875677,
        "33":0.0040861632,
        "34":0.004293981,
        "35":0.003527744,
        "36":0.0029949821,
        "37":0.0040849873,
        "38":0.0032940434,
        "39":0.0036851639,
        "40":0.0029590877,
        "41":0.0029936194,
        "42":0.0025131714,
        "43":0.0036477514,
        "44":0.0029475409,
        "45":0.0039807935,
        "46":0.0031414674,
        "47":0.0029690628,
        "48":0.0044434937,
        "49":0.0031541675
    }
}