{
    "data":{
        "-30":0.3786398153,
        "-29":0.3758570188,
        "-28":0.3773947059,
        "-27":0.3796172973,
        "-26":0.37572093,
        "-25":0.3836321468,
        "-24":0.379865553,
        "-23":0.3891471174,
        "-22":0.391660098,
        "-21":0.3851747578,
        "-20":0.3875296629,
        "-19":0.3872545764,
        "-18":0.3946945886,
        "-17":0.3815948134,
        "-16":0.3948953361,
        "-15":0.3923142558,
        "-14":0.393238462,
        "-13":0.3843935796,
        "-12":0.3879208527,
        "-11":0.3912337519,
        "-10":0.383114613,
        "-9":0.3901308225,
        "-8":0.3893874105,
        "-7":0.3820442096,
        "-6":0.3860280638,
        "-5":0.3893799846,
        "-4":0.3959023362,
        "-3":0.391521001,
        "-2":0.3867980089,
        "-1":0.3914979534,
        "0":0.3890378795,
        "1":0.3804219935,
        "2":0.3876626561,
        "3":0.3912663222,
        "4":0.3950628312,
        "5":0.3817879343,
        "6":0.3912326178,
        "7":0.3788147895,
        "8":0.3917382771,
        "9":0.3904780016,
        "10":0.3864953048,
        "11":0.3905770273,
        "12":0.3825630756,
        "13":0.3866410941,
        "14":0.3690560071,
        "15":0.383252268,
        "16":0.3824098138,
        "17":0.3773687384,
        "18":0.3783223892,
        "19":0.3778353236,
        "20":0.3749985229,
        "21":0.3718914015,
        "22":0.3677195235,
        "23":0.3765462593,
        "24":0.3720174342,
        "25":0.372802163,
        "26":0.3639413895,
        "27":0.365323566,
        "28":0.369134513,
        "29":0.3740448942,
        "30":0.3699324439,
        "31":0.3663051799,
        "32":0.3640863915,
        "33":0.366967359,
        "34":0.3690931017,
        "35":0.3589389813,
        "36":0.3565839865,
        "37":0.3587726685,
        "38":0.3555473359,
        "39":0.3567284941,
        "40":0.3590574845,
        "41":0.3530941963,
        "42":0.3467138247,
        "43":0.3511125722,
        "44":0.3551756036,
        "45":0.3656998361,
        "46":0.3448312676,
        "47":0.3596505227,
        "48":0.3547607695,
        "49":0.3519485112
    },
    "std":{
        "-30":0.0417824922,
        "-29":0.042961756,
        "-28":0.0412805102,
        "-27":0.041131541,
        "-26":0.0413367126,
        "-25":0.0387737161,
        "-24":0.0397689946,
        "-23":0.0410952428,
        "-22":0.0431803152,
        "-21":0.040608555,
        "-20":0.0404062678,
        "-19":0.0398759997,
        "-18":0.0405644085,
        "-17":0.0399828944,
        "-16":0.0412370941,
        "-15":0.0414801148,
        "-14":0.0390157548,
        "-13":0.0394062552,
        "-12":0.0397302595,
        "-11":0.0401781227,
        "-10":0.0393993701,
        "-9":0.0412475205,
        "-8":0.0393384243,
        "-7":0.0404640632,
        "-6":0.0394373934,
        "-5":0.0388377985,
        "-4":0.0400613323,
        "-3":0.0417575664,
        "-2":0.0400451994,
        "-1":0.0395419457,
        "0":0.0413504875,
        "1":0.0402980058,
        "2":0.0413288607,
        "3":0.0398617815,
        "4":0.0410387381,
        "5":0.0407718924,
        "6":0.041371408,
        "7":0.0402541862,
        "8":0.0427787258,
        "9":0.0425176523,
        "10":0.0410139148,
        "11":0.0408778918,
        "12":0.0411438786,
        "13":0.0430104872,
        "14":0.0417395874,
        "15":0.0398744098,
        "16":0.0405860227,
        "17":0.04103524,
        "18":0.0428303443,
        "19":0.0414098041,
        "20":0.0412041955,
        "21":0.0394724541,
        "22":0.0405799111,
        "23":0.0402075254,
        "24":0.040032211,
        "25":0.03987662,
        "26":0.0402208001,
        "27":0.0407549978,
        "28":0.0398825847,
        "29":0.0394031245,
        "30":0.0375074329,
        "31":0.0396263135,
        "32":0.0397153472,
        "33":0.0372537699,
        "34":0.0389428465,
        "35":0.0390740546,
        "36":0.0390651022,
        "37":0.0393958555,
        "38":0.0365253203,
        "39":0.0376935152,
        "40":0.0387207608,
        "41":0.0376342206,
        "42":0.0381353641,
        "43":0.0372268715,
        "44":0.037546235,
        "45":0.040811445,
        "46":0.0379349367,
        "47":0.0374475049,
        "48":0.0388549441,
        "49":0.0370325304
    }
}