{
    "data":{
        "-30":0.2439624568,
        "-29":0.2429460587,
        "-28":0.2450964335,
        "-27":0.2458175948,
        "-26":0.2373199739,
        "-25":0.242533086,
        "-24":0.2443403994,
        "-23":0.2366891299,
        "-22":0.2499966994,
        "-21":0.2397002681,
        "-20":0.2452259072,
        "-19":0.2494523058,
        "-18":0.2485583627,
        "-17":0.2468595738,
        "-16":0.2409948799,
        "-15":0.2390160716,
        "-14":0.2410798069,
        "-13":0.2438660677,
        "-12":0.2393552953,
        "-11":0.2471513299,
        "-10":0.2429860256,
        "-9":0.2439923613,
        "-8":0.2343106291,
        "-7":0.2399657503,
        "-6":0.2443453133,
        "-5":0.2455513466,
        "-4":0.243716686,
        "-3":0.246701325,
        "-2":0.250982332,
        "-1":0.2444376643,
        "0":0.2520716159,
        "1":0.2422587648,
        "2":0.2467110042,
        "3":0.2440151553,
        "4":0.2395763255,
        "5":0.2469560823,
        "6":0.2392956679,
        "7":0.2519944791,
        "8":0.2420212506,
        "9":0.2427076293,
        "10":0.2446839324,
        "11":0.2458547652,
        "12":0.2435388566,
        "13":0.2483180393,
        "14":0.2403783463,
        "15":0.2361927858,
        "16":0.2403732663,
        "17":0.2414056559,
        "18":0.2455881746,
        "19":0.2401521757,
        "20":0.2444595195,
        "21":0.2439465513,
        "22":0.2542053784,
        "23":0.2532904865,
        "24":0.2395205396,
        "25":0.2471702104,
        "26":0.2405654728,
        "27":0.2443719681,
        "28":0.2525146803,
        "29":0.2469939997,
        "30":0.2408624569,
        "31":0.2440756404,
        "32":0.2503267289,
        "33":0.2515728284,
        "34":0.2484183703,
        "35":0.2479066009,
        "36":0.2560863555,
        "37":0.2446422317,
        "38":0.2519406281,
        "39":0.2507683973,
        "40":0.2467547263,
        "41":0.2480427691,
        "42":0.2487490172,
        "43":0.2437158951,
        "44":0.2484825367,
        "45":0.2462015429,
        "46":0.253999328,
        "47":0.2462453869,
        "48":0.2486611958,
        "49":0.2469905122
    },
    "std":{
        "-30":0.0190385553,
        "-29":0.0190701654,
        "-28":0.0169954911,
        "-27":0.018043368,
        "-26":0.0153248134,
        "-25":0.018070514,
        "-24":0.0168076601,
        "-23":0.0165312098,
        "-22":0.0163961482,
        "-21":0.0174055209,
        "-20":0.0157231321,
        "-19":0.0173906068,
        "-18":0.0157999443,
        "-17":0.0151052225,
        "-16":0.0153719303,
        "-15":0.0156265054,
        "-14":0.0154242366,
        "-13":0.0165804543,
        "-12":0.0146815742,
        "-11":0.0161334487,
        "-10":0.0142573634,
        "-9":0.0126263853,
        "-8":0.0153806923,
        "-7":0.0142293246,
        "-6":0.0133075815,
        "-5":0.0158529124,
        "-4":0.0152641173,
        "-3":0.014367603,
        "-2":0.0149235927,
        "-1":0.0159710373,
        "0":0.0152261781,
        "1":0.0155679034,
        "2":0.0149669878,
        "3":0.0163319635,
        "4":0.0159794951,
        "5":0.0153350038,
        "6":0.0158858491,
        "7":0.0160409555,
        "8":0.0137745725,
        "9":0.0163946711,
        "10":0.0148236298,
        "11":0.0141971767,
        "12":0.0171486218,
        "13":0.0149878344,
        "14":0.0147615902,
        "15":0.0144938869,
        "16":0.016286185,
        "17":0.0177581947,
        "18":0.017422735,
        "19":0.0159902887,
        "20":0.0166977621,
        "21":0.0165448162,
        "22":0.0186208033,
        "23":0.018518003,
        "24":0.0172047855,
        "25":0.0162400512,
        "26":0.0163500992,
        "27":0.0184603844,
        "28":0.0195101878,
        "29":0.0166194054,
        "30":0.0170826008,
        "31":0.0178562004,
        "32":0.0192165563,
        "33":0.0186117373,
        "34":0.0195638725,
        "35":0.0199612008,
        "36":0.0204485266,
        "37":0.0208599001,
        "38":0.0189994277,
        "39":0.0193664206,
        "40":0.0197966956,
        "41":0.0184924777,
        "42":0.0192164673,
        "43":0.0187799593,
        "44":0.0180759755,
        "45":0.0189761857,
        "46":0.0185773878,
        "47":0.0184429106,
        "48":0.0187523545,
        "49":0.0168406384
    }
}