{
    "data":{
        "-30":0.2003268534,
        "-29":0.1880775758,
        "-28":0.1909729642,
        "-27":0.1919903534,
        "-26":0.1939365889,
        "-25":0.1985937705,
        "-24":0.1930963577,
        "-23":0.1892042608,
        "-22":0.197767885,
        "-21":0.1927327479,
        "-20":0.1829968745,
        "-19":0.195564324,
        "-18":0.1921324192,
        "-17":0.1933046698,
        "-16":0.1928985747,
        "-15":0.1857774698,
        "-14":0.190832709,
        "-13":0.1868370553,
        "-12":0.2017878723,
        "-11":0.1894435129,
        "-10":0.191859577,
        "-9":0.1926536053,
        "-8":0.1940669745,
        "-7":0.1973350835,
        "-6":0.201979437,
        "-5":0.1994615698,
        "-4":0.199902855,
        "-3":0.1944126556,
        "-2":0.2025444761,
        "-1":0.2033147603,
        "0":0.2033764664,
        "1":0.2001424243,
        "2":0.2071575085,
        "3":0.1902699207,
        "4":0.2110201948,
        "5":0.2142272131,
        "6":0.2013681137,
        "7":0.2074786277,
        "8":0.209829632,
        "9":0.2039426302,
        "10":0.2070558347,
        "11":0.2149823347,
        "12":0.2133673196,
        "13":0.2037108603,
        "14":0.2046519375,
        "15":0.1993756531,
        "16":0.2126151105,
        "17":0.2088645219,
        "18":0.2067126298,
        "19":0.2108358729,
        "20":0.2071832435,
        "21":0.2097196419,
        "22":0.199991602,
        "23":0.2067390323,
        "24":0.2042896911,
        "25":0.2099409721,
        "26":0.2030785034,
        "27":0.1975623993,
        "28":0.2022256554,
        "29":0.2090349594,
        "30":0.2048946406,
        "31":0.2006554128,
        "32":0.2020426258,
        "33":0.2028925227,
        "34":0.1888705647,
        "35":0.1990092108,
        "36":0.197631794,
        "37":0.1980986704,
        "38":0.1968612249,
        "39":0.1923913444,
        "40":0.1976837343,
        "41":0.1927852752,
        "42":0.1991565903,
        "43":0.195212167,
        "44":0.1948013922,
        "45":0.1892566428,
        "46":0.1948918677,
        "47":0.1908523812,
        "48":0.1912168069,
        "49":0.1918201316
    },
    "std":{
        "-30":0.0082889279,
        "-29":0.0104215996,
        "-28":0.0088731181,
        "-27":0.0081901975,
        "-26":0.0075602086,
        "-25":0.0093016218,
        "-24":0.0073221901,
        "-23":0.0074892786,
        "-22":0.0087184054,
        "-21":0.0093128645,
        "-20":0.0068380771,
        "-19":0.006973481,
        "-18":0.0084129783,
        "-17":0.0081220354,
        "-16":0.0050458765,
        "-15":0.0049977811,
        "-14":0.0066633947,
        "-13":0.0065706212,
        "-12":0.0048832091,
        "-11":0.0060246775,
        "-10":0.0075919673,
        "-9":0.0083140321,
        "-8":0.0081753547,
        "-7":0.008300197,
        "-6":0.008164761,
        "-5":0.0081209099,
        "-4":0.0080196432,
        "-3":0.0100632453,
        "-2":0.0114710803,
        "-1":0.0120459062,
        "0":0.0139252594,
        "1":0.0120622426,
        "2":0.0149253503,
        "3":0.0140917035,
        "4":0.0150196583,
        "5":0.0160378473,
        "6":0.0184602118,
        "7":0.0143943911,
        "8":0.0190914668,
        "9":0.019395281,
        "10":0.0183888048,
        "11":0.0198734909,
        "12":0.0210986401,
        "13":0.0209638743,
        "14":0.0207799077,
        "15":0.0168232445,
        "16":0.0186049753,
        "17":0.0185824161,
        "18":0.0167481982,
        "19":0.0178391521,
        "20":0.0182575353,
        "21":0.0168433443,
        "22":0.0177854837,
        "23":0.0156546227,
        "24":0.016518087,
        "25":0.0169127239,
        "26":0.0136470381,
        "27":0.0132604113,
        "28":0.0124491891,
        "29":0.0139848295,
        "30":0.014813415,
        "31":0.01248603,
        "32":0.0124029571,
        "33":0.0114372654,
        "34":0.0101737047,
        "35":0.0117167424,
        "36":0.0132980798,
        "37":0.0109814596,
        "38":0.0120606912,
        "39":0.0103337433,
        "40":0.0092636349,
        "41":0.0099219757,
        "42":0.0098505143,
        "43":0.0089038735,
        "44":0.0095977471,
        "45":0.0074733599,
        "46":0.0094342314,
        "47":0.008224953,
        "48":0.0106084006,
        "49":0.0091222599
    }
}