{
    "data":{
        "-30":0.2164185995,
        "-29":0.219108644,
        "-28":0.2141643757,
        "-27":0.2183247949,
        "-26":0.2191957503,
        "-25":0.2204424661,
        "-24":0.2159941841,
        "-23":0.2211231407,
        "-22":0.2179667293,
        "-21":0.216094411,
        "-20":0.219216119,
        "-19":0.215856321,
        "-18":0.2193660718,
        "-17":0.2126709494,
        "-16":0.2163191632,
        "-15":0.2175695848,
        "-14":0.2188892276,
        "-13":0.2187494074,
        "-12":0.2201400152,
        "-11":0.2131315386,
        "-10":0.2208025167,
        "-9":0.2199296181,
        "-8":0.2235412181,
        "-7":0.2133956025,
        "-6":0.2186809257,
        "-5":0.2186153592,
        "-4":0.2186252397,
        "-3":0.2121819928,
        "-2":0.2165930231,
        "-1":0.2170392984,
        "0":0.2103517184,
        "1":0.217658264,
        "2":0.2161827147,
        "3":0.2116975485,
        "4":0.222370826,
        "5":0.2159123609,
        "6":0.2121448548,
        "7":0.2143243898,
        "8":0.2126818087,
        "9":0.2123302193,
        "10":0.210721774,
        "11":0.2099589739,
        "12":0.2101917923,
        "13":0.214158803,
        "14":0.2088535859,
        "15":0.2077635815,
        "16":0.2056562306,
        "17":0.209916087,
        "18":0.2152312482,
        "19":0.206796231,
        "20":0.2087384447,
        "21":0.210664318,
        "22":0.21071627,
        "23":0.2068187823,
        "24":0.2106710414,
        "25":0.2145617641,
        "26":0.2085666923,
        "27":0.2099034502,
        "28":0.2068414359,
        "29":0.2172382619,
        "30":0.2147255636,
        "31":0.2123058804,
        "32":0.2139434386,
        "33":0.2061026906,
        "34":0.2112450011,
        "35":0.2113862269,
        "36":0.214294913,
        "37":0.2165256804,
        "38":0.213467892,
        "39":0.2153115574,
        "40":0.2136711292,
        "41":0.2177440382,
        "42":0.2196789451,
        "43":0.2103866161,
        "44":0.212782095,
        "45":0.2119453569,
        "46":0.2165303223,
        "47":0.2182547154,
        "48":0.2155818992,
        "49":0.2151667544
    },
    "std":{
        "-30":0.0081790009,
        "-29":0.0087298594,
        "-28":0.0086765733,
        "-27":0.0089526859,
        "-26":0.0085619557,
        "-25":0.0085051068,
        "-24":0.0077024782,
        "-23":0.007411716,
        "-22":0.0078881033,
        "-21":0.0079492551,
        "-20":0.0073731214,
        "-19":0.0076923975,
        "-18":0.0073386093,
        "-17":0.0059356531,
        "-16":0.0077735383,
        "-15":0.0065851978,
        "-14":0.0063591305,
        "-13":0.0062702312,
        "-12":0.0057554743,
        "-11":0.0059037648,
        "-10":0.0070429817,
        "-9":0.006978592,
        "-8":0.0053586238,
        "-7":0.0057783648,
        "-6":0.0061401558,
        "-5":0.0066769885,
        "-4":0.0055507936,
        "-3":0.0068532471,
        "-2":0.0071944261,
        "-1":0.0069741194,
        "0":0.0060437876,
        "1":0.0059946083,
        "2":0.0072017772,
        "3":0.0060356439,
        "4":0.0055193788,
        "5":0.0062374343,
        "6":0.0041228218,
        "7":0.0067405618,
        "8":0.0059455342,
        "9":0.0045231317,
        "10":0.0053831432,
        "11":0.0042165248,
        "12":0.0054141756,
        "13":0.0042776125,
        "14":0.0054027171,
        "15":0.0043048328,
        "16":0.0047758213,
        "17":0.0047612708,
        "18":0.0037731232,
        "19":0.0041068625,
        "20":0.0050494456,
        "21":0.0051399235,
        "22":0.005153805,
        "23":0.004424058,
        "24":0.0055358144,
        "25":0.0043352454,
        "26":0.0050988761,
        "27":0.0040587642,
        "28":0.0050857282,
        "29":0.0059546984,
        "30":0.0056137486,
        "31":0.0059476575,
        "32":0.00445019,
        "33":0.0054785427,
        "34":0.0050931293,
        "35":0.0050962906,
        "36":0.0056217819,
        "37":0.005923487,
        "38":0.0065933276,
        "39":0.0061212961,
        "40":0.0042745094,
        "41":0.003644721,
        "42":0.0056480558,
        "43":0.0054283961,
        "44":0.0054245905,
        "45":0.0067939611,
        "46":0.0087107895,
        "47":0.0087547549,
        "48":0.0085276261,
        "49":0.0089570926
    }
}