{
    "data":{
        "-30":0.2194240447,
        "-29":0.2173264136,
        "-28":0.2167498743,
        "-27":0.2194291763,
        "-26":0.2247962948,
        "-25":0.2196929537,
        "-24":0.2272198247,
        "-23":0.2177724983,
        "-22":0.2122145128,
        "-21":0.216415979,
        "-20":0.2201670302,
        "-19":0.2113214564,
        "-18":0.2223067402,
        "-17":0.2165605817,
        "-16":0.2173507749,
        "-15":0.219162719,
        "-14":0.211655607,
        "-13":0.2221645448,
        "-12":0.216398632,
        "-11":0.2195887486,
        "-10":0.2195956334,
        "-9":0.2157333654,
        "-8":0.2147162872,
        "-7":0.2114082316,
        "-6":0.2253780268,
        "-5":0.2192310565,
        "-4":0.217047641,
        "-3":0.221421399,
        "-2":0.2191104169,
        "-1":0.2237841195,
        "0":0.2172760379,
        "1":0.2208234074,
        "2":0.2209179574,
        "3":0.2133261996,
        "4":0.2206351732,
        "5":0.2185453231,
        "6":0.2171411781,
        "7":0.2144946502,
        "8":0.2164143492,
        "9":0.2140039447,
        "10":0.2208896126,
        "11":0.2134160013,
        "12":0.2132383478,
        "13":0.2112066312,
        "14":0.2283065218,
        "15":0.214652325,
        "16":0.2179721421,
        "17":0.2093424976,
        "18":0.2172506868,
        "19":0.2165815378,
        "20":0.2127114594,
        "21":0.2140943822,
        "22":0.2153946233,
        "23":0.2113653758,
        "24":0.2082552953,
        "25":0.2172528156,
        "26":0.2091697706,
        "27":0.2085616267,
        "28":0.2056474377,
        "29":0.2091103442,
        "30":0.2053189445,
        "31":0.2057539744,
        "32":0.2069476154,
        "33":0.2086559311,
        "34":0.2140884813,
        "35":0.2138956488,
        "36":0.2119388998,
        "37":0.2101932556,
        "38":0.2116171048,
        "39":0.2058582439,
        "40":0.2140199788,
        "41":0.2156296813,
        "42":0.2114769814,
        "43":0.2095233131,
        "44":0.2098956837,
        "45":0.2085857173,
        "46":0.209253245,
        "47":0.2137456129,
        "48":0.2083793269,
        "49":0.206849367
    },
    "std":{
        "-30":0.0095556684,
        "-29":0.0091580133,
        "-28":0.0089783142,
        "-27":0.0102967709,
        "-26":0.0083801613,
        "-25":0.0089634904,
        "-24":0.0088494749,
        "-23":0.0081687086,
        "-22":0.0102869478,
        "-21":0.0086228129,
        "-20":0.0094154663,
        "-19":0.0086946514,
        "-18":0.007340241,
        "-17":0.0086475696,
        "-16":0.0074011714,
        "-15":0.0067451731,
        "-14":0.0081021705,
        "-13":0.0086438209,
        "-12":0.0091284656,
        "-11":0.0084668916,
        "-10":0.0078327084,
        "-9":0.0067802657,
        "-8":0.0092414297,
        "-7":0.0071355431,
        "-6":0.0070507583,
        "-5":0.0077876951,
        "-4":0.0085903075,
        "-3":0.0087591707,
        "-2":0.0084481783,
        "-1":0.0085293927,
        "0":0.0083869303,
        "1":0.0086788126,
        "2":0.0084193229,
        "3":0.0081056832,
        "4":0.0104814164,
        "5":0.009088327,
        "6":0.0075375838,
        "7":0.0089112135,
        "8":0.0069428203,
        "9":0.0082915341,
        "10":0.0076908783,
        "11":0.0078186208,
        "12":0.0074727916,
        "13":0.0098974815,
        "14":0.0088258792,
        "15":0.007408963,
        "16":0.0074596655,
        "17":0.0079219882,
        "18":0.0078400888,
        "19":0.0071543857,
        "20":0.0087169649,
        "21":0.008674193,
        "22":0.0081573152,
        "23":0.0086097943,
        "24":0.0092060627,
        "25":0.0084149226,
        "26":0.0079368987,
        "27":0.009129087,
        "28":0.0069806495,
        "29":0.0071200373,
        "30":0.0084816697,
        "31":0.0077681932,
        "32":0.0068222495,
        "33":0.0079894391,
        "34":0.0068520021,
        "35":0.0076427695,
        "36":0.0065479636,
        "37":0.0076931839,
        "38":0.008185367,
        "39":0.007893082,
        "40":0.0077175059,
        "41":0.0073536683,
        "42":0.0068731662,
        "43":0.0083621421,
        "44":0.0074800145,
        "45":0.0064031864,
        "46":0.0070999783,
        "47":0.0093785101,
        "48":0.0072475785,
        "49":0.0081235896
    }
}