{
    "data":{
        "-30":0.2485536659,
        "-29":0.2504128882,
        "-28":0.247619731,
        "-27":0.2518520966,
        "-26":0.2514261285,
        "-25":0.249698819,
        "-24":0.2555881138,
        "-23":0.2634612607,
        "-22":0.2676585572,
        "-21":0.2728665351,
        "-20":0.2727483555,
        "-19":0.2731726796,
        "-18":0.2760648067,
        "-17":0.2691004115,
        "-16":0.2712270811,
        "-15":0.2693348223,
        "-14":0.265919399,
        "-13":0.2682245269,
        "-12":0.2686107209,
        "-11":0.2651425705,
        "-10":0.2643566241,
        "-9":0.264253226,
        "-8":0.2576752339,
        "-7":0.2522134815,
        "-6":0.2502211165,
        "-5":0.25483315,
        "-4":0.2637131836,
        "-3":0.2586287284,
        "-2":0.2603437304,
        "-1":0.2566188249,
        "0":0.2547457022,
        "1":0.252105101,
        "2":0.2506568008,
        "3":0.2490995999,
        "4":0.2397407238,
        "5":0.2516463463,
        "6":0.2497405465,
        "7":0.2417996445,
        "8":0.2422813767,
        "9":0.2389639222,
        "10":0.2347423715,
        "11":0.2497921488,
        "12":0.2384812527,
        "13":0.2439725129,
        "14":0.2351323535,
        "15":0.2367009,
        "16":0.2363802962,
        "17":0.2382747958,
        "18":0.2374196894,
        "19":0.2351829521,
        "20":0.2321575605,
        "21":0.2296116067,
        "22":0.2451071521,
        "23":0.2353412053,
        "24":0.2308546132,
        "25":0.2394657551,
        "26":0.227573986,
        "27":0.2344685289,
        "28":0.2335124986,
        "29":0.2412201054,
        "30":0.2401203303,
        "31":0.2319781464,
        "32":0.2424139071,
        "33":0.2314333325,
        "34":0.2456960609,
        "35":0.2428965433,
        "36":0.243913915,
        "37":0.2404578634,
        "38":0.2287582513,
        "39":0.228603799,
        "40":0.2387759898,
        "41":0.2433869465,
        "42":0.2352538686,
        "43":0.2405099117,
        "44":0.2448160018,
        "45":0.2485125403,
        "46":0.248400433,
        "47":0.2533496249,
        "48":0.2540097848,
        "49":0.2484193573
    },
    "std":{
        "-30":0.0238144159,
        "-29":0.0221536323,
        "-28":0.0218613668,
        "-27":0.0236787598,
        "-26":0.0225682675,
        "-25":0.0205012486,
        "-24":0.0214974197,
        "-23":0.0234049411,
        "-22":0.0283482863,
        "-21":0.0280654759,
        "-20":0.0264318321,
        "-19":0.0283786693,
        "-18":0.0319600902,
        "-17":0.0298519161,
        "-16":0.0288278208,
        "-15":0.0274578968,
        "-14":0.0274844108,
        "-13":0.0281680024,
        "-12":0.0267779306,
        "-11":0.027258263,
        "-10":0.025357721,
        "-9":0.0242132009,
        "-8":0.0251402872,
        "-7":0.0240285152,
        "-6":0.0224003783,
        "-5":0.022947451,
        "-4":0.0275140076,
        "-3":0.0245951858,
        "-2":0.0266807162,
        "-1":0.024487953,
        "0":0.0245128866,
        "1":0.0220183116,
        "2":0.0243443817,
        "3":0.0217048094,
        "4":0.0208593246,
        "5":0.0210217194,
        "6":0.0211336389,
        "7":0.0208892096,
        "8":0.0208518931,
        "9":0.0205552466,
        "10":0.0186799236,
        "11":0.0197709041,
        "12":0.0197057594,
        "13":0.01783608,
        "14":0.0176396922,
        "15":0.016657732,
        "16":0.0189523889,
        "17":0.0177794876,
        "18":0.01875024,
        "19":0.0171218843,
        "20":0.0180417087,
        "21":0.0172780656,
        "22":0.0197545794,
        "23":0.018218018,
        "24":0.0157320036,
        "25":0.0179150817,
        "26":0.0166413811,
        "27":0.0168642256,
        "28":0.0195550041,
        "29":0.0204943491,
        "30":0.0223528732,
        "31":0.0192767631,
        "32":0.0203881536,
        "33":0.0209464665,
        "34":0.0215965418,
        "35":0.0221393851,
        "36":0.026535315,
        "37":0.0223695467,
        "38":0.019706662,
        "39":0.0199432643,
        "40":0.0201174514,
        "41":0.020103835,
        "42":0.0191580066,
        "43":0.0215507482,
        "44":0.0234823421,
        "45":0.0235713302,
        "46":0.0224590974,
        "47":0.0235722382,
        "48":0.0217385385,
        "49":0.0218454906
    }
}