{
    "data":{
        "-30":0.3855479636,
        "-29":0.3778649974,
        "-28":0.3822732494,
        "-27":0.3834905162,
        "-26":0.3845306714,
        "-25":0.3830420608,
        "-24":0.3856214921,
        "-23":0.3806119777,
        "-22":0.3803568842,
        "-21":0.3899202055,
        "-20":0.3838015226,
        "-19":0.3841617064,
        "-18":0.3932436682,
        "-17":0.3902942219,
        "-16":0.3870011822,
        "-15":0.3977698586,
        "-14":0.390938596,
        "-13":0.3878982215,
        "-12":0.3805979489,
        "-11":0.3846466696,
        "-10":0.3809821458,
        "-9":0.39026538,
        "-8":0.3884277953,
        "-7":0.3898212139,
        "-6":0.3752448938,
        "-5":0.3812443502,
        "-4":0.3803795011,
        "-3":0.3929308203,
        "-2":0.3829644873,
        "-1":0.388217075,
        "0":0.3962707717,
        "1":0.3846289165,
        "2":0.3825236554,
        "3":0.387788703,
        "4":0.38990628,
        "5":0.3861362092,
        "6":0.382265379,
        "7":0.3847998738,
        "8":0.3772756421,
        "9":0.3835212228,
        "10":0.3875653355,
        "11":0.3819404982,
        "12":0.3732138219,
        "13":0.3804990546,
        "14":0.3741708638,
        "15":0.3822120405,
        "16":0.3722346869,
        "17":0.3714724524,
        "18":0.3844555096,
        "19":0.3771061493,
        "20":0.369921964,
        "21":0.374682791,
        "22":0.3805368379,
        "23":0.3813215658,
        "24":0.3773200236,
        "25":0.3639274784,
        "26":0.3767896374,
        "27":0.3869741702,
        "28":0.3801487827,
        "29":0.3785263941,
        "30":0.3860449778,
        "31":0.3875857653,
        "32":0.3793435928,
        "33":0.3818819148,
        "34":0.3819023093,
        "35":0.377939253,
        "36":0.3916293969,
        "37":0.3883164336,
        "38":0.3818250268,
        "39":0.3783223242,
        "40":0.3807866075,
        "41":0.3861143051,
        "42":0.3798049896,
        "43":0.3886809561,
        "44":0.3861770115,
        "45":0.3953017918,
        "46":0.3812814277,
        "47":0.3904857792,
        "48":0.3777347691,
        "49":0.3794984961
    },
    "std":{
        "-30":0.036545961,
        "-29":0.036727777,
        "-28":0.036474351,
        "-27":0.0370597729,
        "-26":0.0366503508,
        "-25":0.0385978784,
        "-24":0.03892701,
        "-23":0.0381081597,
        "-22":0.0360481648,
        "-21":0.0363203198,
        "-20":0.0379080868,
        "-19":0.0374520185,
        "-18":0.035781826,
        "-17":0.037635049,
        "-16":0.0370768255,
        "-15":0.0390108569,
        "-14":0.0395732803,
        "-13":0.0367651304,
        "-12":0.0385900493,
        "-11":0.0383982776,
        "-10":0.0380232609,
        "-9":0.0390907266,
        "-8":0.0396115381,
        "-7":0.0376834789,
        "-6":0.0397797752,
        "-5":0.0393225082,
        "-4":0.0401692481,
        "-3":0.0392399203,
        "-2":0.0398676087,
        "-1":0.0383895412,
        "0":0.0380866277,
        "1":0.0392033359,
        "2":0.0394175253,
        "3":0.0394163768,
        "4":0.0390498546,
        "5":0.0370176656,
        "6":0.0367033157,
        "7":0.038406625,
        "8":0.0379708254,
        "9":0.0372906632,
        "10":0.0353192538,
        "11":0.0368292171,
        "12":0.036126031,
        "13":0.0365295971,
        "14":0.0365564416,
        "15":0.0353266866,
        "16":0.0356867807,
        "17":0.0350536379,
        "18":0.0360104793,
        "19":0.0353358218,
        "20":0.0371806128,
        "21":0.0356410095,
        "22":0.0347463499,
        "23":0.0365745589,
        "24":0.034297555,
        "25":0.0359853243,
        "26":0.0349400569,
        "27":0.0344194539,
        "28":0.0345532509,
        "29":0.0357911277,
        "30":0.0342125902,
        "31":0.0352389703,
        "32":0.035594928,
        "33":0.0342232709,
        "34":0.0342116852,
        "35":0.0349643411,
        "36":0.0367452306,
        "37":0.0361752821,
        "38":0.0353457615,
        "39":0.0350171982,
        "40":0.035157448,
        "41":0.034871164,
        "42":0.0350957529,
        "43":0.0344235038,
        "44":0.0354817555,
        "45":0.0347443844,
        "46":0.0365250965,
        "47":0.0370772386,
        "48":0.0362084783,
        "49":0.0367280878
    }
}