{
    "data":{
        "-30":0.2549607579,
        "-29":0.2559101105,
        "-28":0.2502020466,
        "-27":0.2472119771,
        "-26":0.2526619631,
        "-25":0.249053112,
        "-24":0.2472111971,
        "-23":0.2510442881,
        "-22":0.2448138977,
        "-21":0.2416741775,
        "-20":0.2527699653,
        "-19":0.253883626,
        "-18":0.2534956546,
        "-17":0.2499455998,
        "-16":0.2556620324,
        "-15":0.2596912301,
        "-14":0.2525501012,
        "-13":0.2529984081,
        "-12":0.2536770531,
        "-11":0.2512379979,
        "-10":0.25973159,
        "-9":0.2653175684,
        "-8":0.2567003009,
        "-7":0.2598143177,
        "-6":0.2619821604,
        "-5":0.2722739201,
        "-4":0.2631058468,
        "-3":0.2688270569,
        "-2":0.2724161505,
        "-1":0.2665199191,
        "0":0.2784040037,
        "1":0.2752485283,
        "2":0.2813976715,
        "3":0.2795669872,
        "4":0.2821486542,
        "5":0.28829294,
        "6":0.292139426,
        "7":0.2803451299,
        "8":0.2810037198,
        "9":0.2788232989,
        "10":0.2912196848,
        "11":0.279890655,
        "12":0.2876866612,
        "13":0.2722515806,
        "14":0.2664650655,
        "15":0.2734779652,
        "16":0.2712744337,
        "17":0.2653822949,
        "18":0.2651814145,
        "19":0.2749299722,
        "20":0.2720039721,
        "21":0.2743114231,
        "22":0.2671833699,
        "23":0.2710441475,
        "24":0.2720213781,
        "25":0.2709657782,
        "26":0.2643844877,
        "27":0.2563547656,
        "28":0.2557872957,
        "29":0.2650310439,
        "30":0.2633929095,
        "31":0.2604663661,
        "32":0.2603386243,
        "33":0.2666364803,
        "34":0.2558910876,
        "35":0.2530474723,
        "36":0.2638378762,
        "37":0.2634506152,
        "38":0.2660511394,
        "39":0.2604910644,
        "40":0.2539365818,
        "41":0.2568632529,
        "42":0.2570570983,
        "43":0.2558656568,
        "44":0.2643575095,
        "45":0.2526317863,
        "46":0.2613574468,
        "47":0.2625102157,
        "48":0.2590632384,
        "49":0.2574931188
    },
    "std":{
        "-30":0.0081564511,
        "-29":0.0100144231,
        "-28":0.0094699854,
        "-27":0.0095380833,
        "-26":0.0094091478,
        "-25":0.009068915,
        "-24":0.0079315231,
        "-23":0.0080888482,
        "-22":0.0103148472,
        "-21":0.0096206036,
        "-20":0.0086120146,
        "-19":0.0079216668,
        "-18":0.0101233786,
        "-17":0.0098048949,
        "-16":0.0101647275,
        "-15":0.0088790654,
        "-14":0.0092690172,
        "-13":0.009639988,
        "-12":0.0088046351,
        "-11":0.0111350524,
        "-10":0.0118795583,
        "-9":0.0150936279,
        "-8":0.0137704836,
        "-7":0.0145451818,
        "-6":0.0146212326,
        "-5":0.0126475807,
        "-4":0.0139898604,
        "-3":0.0179285412,
        "-2":0.0156840264,
        "-1":0.0197524218,
        "0":0.0195717003,
        "1":0.019995941,
        "2":0.0231564511,
        "3":0.022892498,
        "4":0.0234897295,
        "5":0.0242674488,
        "6":0.025665791,
        "7":0.0226338238,
        "8":0.0264989633,
        "9":0.0239511956,
        "10":0.0237927364,
        "11":0.0225402262,
        "12":0.0223341573,
        "13":0.0219981838,
        "14":0.0224804407,
        "15":0.020961478,
        "16":0.0218703126,
        "17":0.018923708,
        "18":0.0200110222,
        "19":0.0196041612,
        "20":0.0186349427,
        "21":0.0172723921,
        "22":0.0174925559,
        "23":0.0185759999,
        "24":0.0171106793,
        "25":0.0184729377,
        "26":0.0170965316,
        "27":0.0129238815,
        "28":0.0154477373,
        "29":0.0144035983,
        "30":0.0131700079,
        "31":0.0145431694,
        "32":0.0121168732,
        "33":0.0142996439,
        "34":0.0137685029,
        "35":0.0130025758,
        "36":0.0131349698,
        "37":0.0131497974,
        "38":0.0137719795,
        "39":0.0107251911,
        "40":0.0127504574,
        "41":0.0104554621,
        "42":0.0133852228,
        "43":0.0128269205,
        "44":0.0113595725,
        "45":0.0113346544,
        "46":0.0117908971,
        "47":0.0106819631,
        "48":0.0101976741,
        "49":0.0113877545
    }
}