{
    "data":{
        "-30":0.1988233679,
        "-29":0.1999626721,
        "-28":0.2009455506,
        "-27":0.2002118208,
        "-26":0.1960383019,
        "-25":0.206185526,
        "-24":0.2021890606,
        "-23":0.196721126,
        "-22":0.2032219119,
        "-21":0.1957718261,
        "-20":0.2019320007,
        "-19":0.2009939212,
        "-18":0.2036088234,
        "-17":0.2025469897,
        "-16":0.1980190656,
        "-15":0.1968281711,
        "-14":0.2017535958,
        "-13":0.2081464446,
        "-12":0.1978966567,
        "-11":0.203272729,
        "-10":0.2017611127,
        "-9":0.2051113322,
        "-8":0.1976077342,
        "-7":0.1969672049,
        "-6":0.2105024298,
        "-5":0.196520043,
        "-4":0.1995383159,
        "-3":0.1955237472,
        "-2":0.1960122212,
        "-1":0.2021901244,
        "0":0.1967515271,
        "1":0.2037445385,
        "2":0.1959201716,
        "3":0.19711083,
        "4":0.2063757736,
        "5":0.1932860932,
        "6":0.1981633665,
        "7":0.1950038999,
        "8":0.2019503032,
        "9":0.1948035208,
        "10":0.19975503,
        "11":0.1985526229,
        "12":0.1986316693,
        "13":0.2048548083,
        "14":0.2017431123,
        "15":0.1966043836,
        "16":0.1958702627,
        "17":0.2009320528,
        "18":0.1992905346,
        "19":0.1889447951,
        "20":0.2007936306,
        "21":0.1953413222,
        "22":0.2017642496,
        "23":0.211480489,
        "24":0.1941032845,
        "25":0.1929734673,
        "26":0.2002781692,
        "27":0.1950682941,
        "28":0.1963611476,
        "29":0.2001925808,
        "30":0.1942094857,
        "31":0.200722833,
        "32":0.1950633911,
        "33":0.1979683549,
        "34":0.1960634775,
        "35":0.2041473093,
        "36":0.1945602192,
        "37":0.1988931668,
        "38":0.1893155901,
        "39":0.1988275313,
        "40":0.1917015804,
        "41":0.2002914894,
        "42":0.1975639389,
        "43":0.1989457904,
        "44":0.2017977725,
        "45":0.2058556238,
        "46":0.2014141469,
        "47":0.1976016332,
        "48":0.201620589,
        "49":0.2012616137
    },
    "std":{
        "-30":0.0030788691,
        "-29":0.0035827614,
        "-28":0.0044082748,
        "-27":0.0038418124,
        "-26":0.0049335987,
        "-25":0.0043957659,
        "-24":0.004435396,
        "-23":0.0043715572,
        "-22":0.0040480999,
        "-21":0.0047213378,
        "-20":0.0045322085,
        "-19":0.0043219687,
        "-18":0.0050491335,
        "-17":0.0036391404,
        "-16":0.0054081887,
        "-15":0.0042273609,
        "-14":0.0049112588,
        "-13":0.0049624705,
        "-12":0.003777227,
        "-11":0.0039022225,
        "-10":0.0040054457,
        "-9":0.0050586773,
        "-8":0.0060486452,
        "-7":0.0044242692,
        "-6":0.0047711989,
        "-5":0.0046312157,
        "-4":0.003344886,
        "-3":0.0027212291,
        "-2":0.0043488655,
        "-1":0.0029849992,
        "0":0.0054192587,
        "1":0.0048380032,
        "2":0.0047443331,
        "3":0.0043473657,
        "4":0.0040634579,
        "5":0.0038272203,
        "6":0.00355657,
        "7":0.004868764,
        "8":0.0035096436,
        "9":0.0046120387,
        "10":0.0055573801,
        "11":0.0030258738,
        "12":0.0043759591,
        "13":0.0034185673,
        "14":0.0030988992,
        "15":0.0038111793,
        "16":0.0040896617,
        "17":0.00519821,
        "18":0.0032864863,
        "19":0.0047940982,
        "20":0.0045440344,
        "21":0.0047577842,
        "22":0.0040024522,
        "23":0.0037333266,
        "24":0.0038712309,
        "25":0.0042398649,
        "26":0.0045232668,
        "27":0.0038813837,
        "28":0.0050611318,
        "29":0.0040871169,
        "30":0.0042065288,
        "31":0.0041118672,
        "32":0.0050655794,
        "33":0.0039792504,
        "34":0.0046309667,
        "35":0.0036132441,
        "36":0.0030761045,
        "37":0.0046533343,
        "38":0.0034931697,
        "39":0.0040616105,
        "40":0.0039967934,
        "41":0.0042933752,
        "42":0.004288073,
        "43":0.0036526889,
        "44":0.0052213512,
        "45":0.0044289955,
        "46":0.004897483,
        "47":0.0037116869,
        "48":0.0035043846,
        "49":0.0042484172
    }
}