{
    "data":{
        "-30":0.425182213,
        "-29":0.4330241576,
        "-28":0.4295450489,
        "-27":0.432849596,
        "-26":0.4304380973,
        "-25":0.4390519433,
        "-24":0.4301389729,
        "-23":0.4403884882,
        "-22":0.4309990852,
        "-21":0.4256582896,
        "-20":0.4185765507,
        "-19":0.4214858386,
        "-18":0.4255818623,
        "-17":0.4332376918,
        "-16":0.4264449351,
        "-15":0.4358138935,
        "-14":0.4271537495,
        "-13":0.4433266578,
        "-12":0.4355750593,
        "-11":0.4377456758,
        "-10":0.4290652186,
        "-9":0.4367012144,
        "-8":0.4364900816,
        "-7":0.4256664511,
        "-6":0.4308329382,
        "-5":0.4354570509,
        "-4":0.4387783082,
        "-3":0.4305043276,
        "-2":0.4253803652,
        "-1":0.4329108705,
        "0":0.4262606321,
        "1":0.417688865,
        "2":0.4286055237,
        "3":0.4327836344,
        "4":0.4371919523,
        "5":0.436738416,
        "6":0.4362954708,
        "7":0.4283023226,
        "8":0.4300268222,
        "9":0.4269325624,
        "10":0.4248821984,
        "11":0.4356995443,
        "12":0.4269444681,
        "13":0.42773236,
        "14":0.4263402508,
        "15":0.4329499069,
        "16":0.4323922462,
        "17":0.4348261659,
        "18":0.4223761036,
        "19":0.4179244715,
        "20":0.4328508378,
        "21":0.4325391816,
        "22":0.4232959057,
        "23":0.4334576413,
        "24":0.4271446032,
        "25":0.4242741972,
        "26":0.4243642,
        "27":0.4225145379,
        "28":0.4212222242,
        "29":0.4249520113,
        "30":0.427468755,
        "31":0.4281164784,
        "32":0.424423009,
        "33":0.4332884227,
        "34":0.4219670094,
        "35":0.426972357,
        "36":0.4287447726,
        "37":0.4308373745,
        "38":0.4269263569,
        "39":0.4367883014,
        "40":0.4229449252,
        "41":0.425892287,
        "42":0.4334722358,
        "43":0.4382791227,
        "44":0.4275226369,
        "45":0.4304748533,
        "46":0.436230711,
        "47":0.426347069,
        "48":0.4334580741,
        "49":0.4339703904
    },
    "std":{
        "-30":0.0225624978,
        "-29":0.0240918521,
        "-28":0.0230546883,
        "-27":0.0241943379,
        "-26":0.0236047278,
        "-25":0.0239205904,
        "-24":0.0248141928,
        "-23":0.0243661313,
        "-22":0.0227444507,
        "-21":0.0229894883,
        "-20":0.0215042493,
        "-19":0.0270370972,
        "-18":0.0262402007,
        "-17":0.0242379493,
        "-16":0.0278253217,
        "-15":0.0241892963,
        "-14":0.02686958,
        "-13":0.0275871651,
        "-12":0.023171475,
        "-11":0.0274985525,
        "-10":0.0266569254,
        "-9":0.0284423714,
        "-8":0.0270251526,
        "-7":0.0251855178,
        "-6":0.0257374085,
        "-5":0.0269551201,
        "-4":0.0257537304,
        "-3":0.0263117964,
        "-2":0.0265339632,
        "-1":0.0255310308,
        "0":0.0262512675,
        "1":0.0254821885,
        "2":0.0244474409,
        "3":0.026211106,
        "4":0.0270436995,
        "5":0.0270146709,
        "6":0.0232135759,
        "7":0.0256144392,
        "8":0.0255839247,
        "9":0.0263111605,
        "10":0.0236545773,
        "11":0.0246579562,
        "12":0.024235151,
        "13":0.0249684226,
        "14":0.0224024526,
        "15":0.0248110659,
        "16":0.0226614144,
        "17":0.0235443349,
        "18":0.0218538615,
        "19":0.0217027043,
        "20":0.0218199145,
        "21":0.0243247722,
        "22":0.0227082296,
        "23":0.0236864774,
        "24":0.0216979443,
        "25":0.0232836499,
        "26":0.0230101992,
        "27":0.0242960278,
        "28":0.0204419863,
        "29":0.0217945597,
        "30":0.0231162516,
        "31":0.0202046666,
        "32":0.0228962053,
        "33":0.0218308677,
        "34":0.020914155,
        "35":0.022007551,
        "36":0.0225288165,
        "37":0.0215054671,
        "38":0.0234085171,
        "39":0.0209336939,
        "40":0.0240140311,
        "41":0.020219661,
        "42":0.0247699295,
        "43":0.0242331906,
        "44":0.0230808555,
        "45":0.0226192951,
        "46":0.0223158693,
        "47":0.0240014781,
        "48":0.0245413149,
        "49":0.0237474331
    }
}