{
    "data":{
        "-30":0.1528439312,
        "-29":0.1464685439,
        "-28":0.1521497344,
        "-27":0.1511995107,
        "-26":0.1516260206,
        "-25":0.1565957176,
        "-24":0.1579121948,
        "-23":0.1456108391,
        "-22":0.1529131458,
        "-21":0.1534439283,
        "-20":0.1524471571,
        "-19":0.1559157812,
        "-18":0.1532304908,
        "-17":0.1548767346,
        "-16":0.1487415961,
        "-15":0.1555992441,
        "-14":0.1498783053,
        "-13":0.1541978289,
        "-12":0.149234329,
        "-11":0.1472151754,
        "-10":0.1541960842,
        "-9":0.1546019692,
        "-8":0.1463258258,
        "-7":0.1485723726,
        "-6":0.1548105111,
        "-5":0.1446807817,
        "-4":0.153934142,
        "-3":0.1522426403,
        "-2":0.1541049867,
        "-1":0.1493903668,
        "0":0.1465168088,
        "1":0.1460205987,
        "2":0.1501412118,
        "3":0.1559941457,
        "4":0.1495698675,
        "5":0.1573526519,
        "6":0.1506731502,
        "7":0.1503668783,
        "8":0.153045269,
        "9":0.1514713833,
        "10":0.1472554163,
        "11":0.1543475294,
        "12":0.151741124,
        "13":0.1495600235,
        "14":0.1494065105,
        "15":0.1575533754,
        "16":0.1522952868,
        "17":0.1482045575,
        "18":0.1536452408,
        "19":0.1440276486,
        "20":0.1477165993,
        "21":0.1517122878,
        "22":0.1550088077,
        "23":0.1507910293,
        "24":0.153621805,
        "25":0.148547713,
        "26":0.1494963683,
        "27":0.1453146613,
        "28":0.1455517126,
        "29":0.1530927633,
        "30":0.1463311297,
        "31":0.1519301155,
        "32":0.1502227479,
        "33":0.1541716738,
        "34":0.1522718869,
        "35":0.1517733795,
        "36":0.1412511174,
        "37":0.1449479635,
        "38":0.147930765,
        "39":0.1496698611,
        "40":0.1432149825,
        "41":0.1512573766,
        "42":0.1482523997,
        "43":0.1517626669,
        "44":0.1490764914,
        "45":0.1458034604,
        "46":0.1504624651,
        "47":0.1547723681,
        "48":0.1449425015,
        "49":0.152258922
    },
    "std":{
        "-30":0.0050327483,
        "-29":0.0037917981,
        "-28":0.0025612332,
        "-27":0.0047112496,
        "-26":0.0049308394,
        "-25":0.0026962929,
        "-24":0.0054903143,
        "-23":0.0044653335,
        "-22":0.004139429,
        "-21":0.0053822324,
        "-20":0.0037763982,
        "-19":0.0046832235,
        "-18":0.0058173389,
        "-17":0.0037735479,
        "-16":0.0037645219,
        "-15":0.0052100432,
        "-14":0.0038458709,
        "-13":0.0049023757,
        "-12":0.0041844588,
        "-11":0.0034695048,
        "-10":0.0042063649,
        "-9":0.0050165219,
        "-8":0.0037939256,
        "-7":0.0044215945,
        "-6":0.0042696577,
        "-5":0.0040254285,
        "-4":0.0050817924,
        "-3":0.0033304237,
        "-2":0.0047447738,
        "-1":0.0049334722,
        "0":0.0057072928,
        "1":0.0041295111,
        "2":0.0045436833,
        "3":0.0062639638,
        "4":0.0041282168,
        "5":0.005207767,
        "6":0.0037764323,
        "7":0.004240926,
        "8":0.0051488915,
        "9":0.0042995327,
        "10":0.0042911178,
        "11":0.0064612674,
        "12":0.0050018741,
        "13":0.0037013762,
        "14":0.0041333153,
        "15":0.0061100114,
        "16":0.0046902591,
        "17":0.0045374635,
        "18":0.0037926428,
        "19":0.0042091893,
        "20":0.0031217197,
        "21":0.0039085975,
        "22":0.0032221956,
        "23":0.0048637709,
        "24":0.0045145538,
        "25":0.0035568377,
        "26":0.0038372402,
        "27":0.0036298953,
        "28":0.0047985806,
        "29":0.0035761419,
        "30":0.0044684643,
        "31":0.0041474776,
        "32":0.0040744815,
        "33":0.003914739,
        "34":0.00495476,
        "35":0.003237752,
        "36":0.0030629923,
        "37":0.0035815713,
        "38":0.0029832081,
        "39":0.0031041331,
        "40":0.0028253682,
        "41":0.0033522316,
        "42":0.0031605459,
        "43":0.0048068297,
        "44":0.0047749421,
        "45":0.0048598502,
        "46":0.0046743796,
        "47":0.0052943429,
        "48":0.0039931432,
        "49":0.0030519877
    }
}