{
    "data":{
        "-30":0.3790968233,
        "-29":0.3914175709,
        "-28":0.3905211507,
        "-27":0.3923591404,
        "-26":0.3836629515,
        "-25":0.3862722105,
        "-24":0.3832459259,
        "-23":0.3836329652,
        "-22":0.3746008267,
        "-21":0.3799642626,
        "-20":0.3800936573,
        "-19":0.3786595354,
        "-18":0.3800558065,
        "-17":0.3851145948,
        "-16":0.3798166917,
        "-15":0.3840157959,
        "-14":0.3921111724,
        "-13":0.38684332,
        "-12":0.3861374139,
        "-11":0.4016162602,
        "-10":0.40081372,
        "-9":0.4027867973,
        "-8":0.4045139536,
        "-7":0.3990086101,
        "-6":0.400708814,
        "-5":0.4054212386,
        "-4":0.4077981237,
        "-3":0.4029901417,
        "-2":0.3987405103,
        "-1":0.3999029878,
        "0":0.3945429278,
        "1":0.4012910217,
        "2":0.3986210993,
        "3":0.3927662331,
        "4":0.4043293925,
        "5":0.396692892,
        "6":0.4047278451,
        "7":0.3915952301,
        "8":0.3891657226,
        "9":0.3895965439,
        "10":0.3889622707,
        "11":0.3854923492,
        "12":0.3916962991,
        "13":0.3943071308,
        "14":0.3875669064,
        "15":0.386609439,
        "16":0.3909205882,
        "17":0.3820300148,
        "18":0.3866079072,
        "19":0.3888749748,
        "20":0.384066518,
        "21":0.3755177278,
        "22":0.3802541803,
        "23":0.3881253469,
        "24":0.3794500663,
        "25":0.376064063,
        "26":0.3826033351,
        "27":0.389637154,
        "28":0.3875686731,
        "29":0.3911426764,
        "30":0.3907671171,
        "31":0.3946440992,
        "32":0.3999559786,
        "33":0.3987999326,
        "34":0.4035553309,
        "35":0.4042099219,
        "36":0.4088523241,
        "37":0.4081126467,
        "38":0.4113963333,
        "39":0.4049512003,
        "40":0.4062828683,
        "41":0.416431374,
        "42":0.399377523,
        "43":0.4123018604,
        "44":0.4018904268,
        "45":0.4050886849,
        "46":0.4010340436,
        "47":0.3975147175,
        "48":0.4035765575,
        "49":0.4012249498
    },
    "std":{
        "-30":0.0368925355,
        "-29":0.0385522144,
        "-28":0.0382739447,
        "-27":0.0371901476,
        "-26":0.0373590375,
        "-25":0.0366373024,
        "-24":0.0342195655,
        "-23":0.0349116357,
        "-22":0.0349244776,
        "-21":0.0346548858,
        "-20":0.0347441807,
        "-19":0.0357459179,
        "-18":0.0336495343,
        "-17":0.0331906151,
        "-16":0.0327593886,
        "-15":0.0332254967,
        "-14":0.0352309373,
        "-13":0.0347599603,
        "-12":0.0340796422,
        "-11":0.0364152409,
        "-10":0.0377951044,
        "-9":0.0365431759,
        "-8":0.0390326219,
        "-7":0.0399483748,
        "-6":0.0409026084,
        "-5":0.0421485827,
        "-4":0.0408309428,
        "-3":0.0401459862,
        "-2":0.0414219314,
        "-1":0.0394435055,
        "0":0.0410334107,
        "1":0.0397727694,
        "2":0.0393522982,
        "3":0.0388576919,
        "4":0.039779259,
        "5":0.0405295107,
        "6":0.0384011414,
        "7":0.0391475724,
        "8":0.0386342763,
        "9":0.0383149799,
        "10":0.037475341,
        "11":0.0386982784,
        "12":0.0379036815,
        "13":0.0392032628,
        "14":0.0365609131,
        "15":0.0380683424,
        "16":0.0376998294,
        "17":0.0376351878,
        "18":0.0388881215,
        "19":0.0377714269,
        "20":0.0364969608,
        "21":0.037120773,
        "22":0.0373899311,
        "23":0.0370182859,
        "24":0.0357391954,
        "25":0.0353459932,
        "26":0.0341430651,
        "27":0.0349558858,
        "28":0.0347433351,
        "29":0.0351163018,
        "30":0.0349700898,
        "31":0.034927124,
        "32":0.0356136772,
        "33":0.0361508627,
        "34":0.0365332695,
        "35":0.0353217235,
        "36":0.0370351556,
        "37":0.0370422411,
        "38":0.0377826303,
        "39":0.0399983891,
        "40":0.0389957035,
        "41":0.0385490366,
        "42":0.0390060076,
        "43":0.0412479525,
        "44":0.0385851851,
        "45":0.0390923903,
        "46":0.039572693,
        "47":0.0360531526,
        "48":0.037071534,
        "49":0.0382387553
    }
}