{
    "data":{
        "-30":0.1157793587,
        "-29":0.1207763204,
        "-28":0.1164140988,
        "-27":0.1171690832,
        "-26":0.1207257175,
        "-25":0.111325898,
        "-24":0.1216042747,
        "-23":0.1150055531,
        "-22":0.1213834805,
        "-21":0.1122062116,
        "-20":0.1140710873,
        "-19":0.1203050912,
        "-18":0.1216442193,
        "-17":0.1143350477,
        "-16":0.1195610208,
        "-15":0.11442198,
        "-14":0.1140065445,
        "-13":0.1207407064,
        "-12":0.119055202,
        "-11":0.1153527619,
        "-10":0.1216350786,
        "-9":0.116796908,
        "-8":0.1230859007,
        "-7":0.1174639411,
        "-6":0.117394519,
        "-5":0.1173330158,
        "-4":0.1158305673,
        "-3":0.1174879731,
        "-2":0.1119346104,
        "-1":0.114446501,
        "0":0.1137788235,
        "1":0.1132899861,
        "2":0.1174876171,
        "3":0.1155359987,
        "4":0.1137914217,
        "5":0.1155778231,
        "6":0.1125647371,
        "7":0.1155363088,
        "8":0.115000871,
        "9":0.1132925711,
        "10":0.1157207783,
        "11":0.1154877606,
        "12":0.1132819941,
        "13":0.114423681,
        "14":0.1211371837,
        "15":0.1144524142,
        "16":0.113145687,
        "17":0.1144049631,
        "18":0.1160017072,
        "19":0.1175954054,
        "20":0.1115530351,
        "21":0.1170729438,
        "22":0.118266018,
        "23":0.1163585718,
        "24":0.1192754732,
        "25":0.1180381388,
        "26":0.1123052511,
        "27":0.1191447035,
        "28":0.1135291223,
        "29":0.1115358936,
        "30":0.1167339003,
        "31":0.1191691974,
        "32":0.1154756238,
        "33":0.11923164,
        "34":0.1199060245,
        "35":0.1139817463,
        "36":0.113510148,
        "37":0.1166987141,
        "38":0.1167120749,
        "39":0.1115385114,
        "40":0.11099088,
        "41":0.1145805233,
        "42":0.1200448589,
        "43":0.11866419,
        "44":0.1093745702,
        "45":0.1202149889,
        "46":0.1130788469,
        "47":0.1152204874,
        "48":0.1187000873,
        "49":0.1147388958
    },
    "std":{
        "-30":0.0020889476,
        "-29":0.0030199149,
        "-28":0.0030019124,
        "-27":0.0028150993,
        "-26":0.0030592905,
        "-25":0.0023755711,
        "-24":0.0032802408,
        "-23":0.0030316995,
        "-22":0.0024457098,
        "-21":0.0025105655,
        "-20":0.0034690798,
        "-19":0.00363332,
        "-18":0.0040931056,
        "-17":0.0023600528,
        "-16":0.0034008251,
        "-15":0.0028131915,
        "-14":0.0029678352,
        "-13":0.0027896316,
        "-12":0.0031208988,
        "-11":0.0026919673,
        "-10":0.0029270307,
        "-9":0.0019898902,
        "-8":0.0027379972,
        "-7":0.0023365979,
        "-6":0.002680687,
        "-5":0.0030966822,
        "-4":0.0031585004,
        "-3":0.0026496925,
        "-2":0.0020552994,
        "-1":0.0032962084,
        "0":0.002764967,
        "1":0.0023878446,
        "2":0.0035922451,
        "3":0.0027090854,
        "4":0.0026572826,
        "5":0.002724396,
        "6":0.0031067821,
        "7":0.0040483124,
        "8":0.0023568191,
        "9":0.0029107578,
        "10":0.0026844426,
        "11":0.0035797909,
        "12":0.0027248025,
        "13":0.0027098155,
        "14":0.0027631067,
        "15":0.0027598853,
        "16":0.0023915051,
        "17":0.0026358086,
        "18":0.0028466923,
        "19":0.0031671404,
        "20":0.0023896801,
        "21":0.0032337123,
        "22":0.0023121845,
        "23":0.0025713528,
        "24":0.002321094,
        "25":0.0034265063,
        "26":0.0022453167,
        "27":0.0027749415,
        "28":0.0031779979,
        "29":0.0017498379,
        "30":0.0021212576,
        "31":0.0023300984,
        "32":0.0034979504,
        "33":0.0035582218,
        "34":0.0034684042,
        "35":0.002617748,
        "36":0.0042705818,
        "37":0.0024787958,
        "38":0.0025881006,
        "39":0.0022922703,
        "40":0.0022158898,
        "41":0.0030574749,
        "42":0.0025081458,
        "43":0.0020476378,
        "44":0.0028483722,
        "45":0.0035625078,
        "46":0.0024023657,
        "47":0.0021783306,
        "48":0.0026308219,
        "49":0.0031590176
    }
}