{
    "data":{
        "-30":0.1377441966,
        "-29":0.1447908024,
        "-28":0.1410615932,
        "-27":0.1381111421,
        "-26":0.1360107823,
        "-25":0.1370552264,
        "-24":0.1415874238,
        "-23":0.1344949643,
        "-22":0.1457304739,
        "-21":0.1473468565,
        "-20":0.1363462667,
        "-19":0.139672877,
        "-18":0.1447479436,
        "-17":0.1375102849,
        "-16":0.1341112779,
        "-15":0.1482822632,
        "-14":0.13610129,
        "-13":0.1434889859,
        "-12":0.1310228127,
        "-11":0.1345261024,
        "-10":0.1429004715,
        "-9":0.1348169069,
        "-8":0.1361274288,
        "-7":0.1402245617,
        "-6":0.1381380845,
        "-5":0.1394216997,
        "-4":0.1350841935,
        "-3":0.1382574659,
        "-2":0.133465108,
        "-1":0.1405184671,
        "0":0.1406362949,
        "1":0.1350053946,
        "2":0.1300404378,
        "3":0.1333336209,
        "4":0.1359095464,
        "5":0.1325178176,
        "6":0.1335548286,
        "7":0.136871363,
        "8":0.139314978,
        "9":0.1378256219,
        "10":0.1380163422,
        "11":0.13869973,
        "12":0.1336759844,
        "13":0.1406195468,
        "14":0.1447141063,
        "15":0.1409121193,
        "16":0.1350095702,
        "17":0.1398365671,
        "18":0.1452917131,
        "19":0.1435930141,
        "20":0.1382093265,
        "21":0.1371312931,
        "22":0.1382843745,
        "23":0.1355163874,
        "24":0.1366271546,
        "25":0.1379483388,
        "26":0.1363217449,
        "27":0.1356846508,
        "28":0.1380798539,
        "29":0.1405891841,
        "30":0.1394717174,
        "31":0.1362723211,
        "32":0.1342818401,
        "33":0.1322200335,
        "34":0.1385081546,
        "35":0.14000177,
        "36":0.1460564758,
        "37":0.1453562448,
        "38":0.1465294237,
        "39":0.1369443704,
        "40":0.1434403344,
        "41":0.1397492037,
        "42":0.1388328092,
        "43":0.1439535464,
        "44":0.140738035,
        "45":0.1382522445,
        "46":0.1442274155,
        "47":0.1371239568,
        "48":0.1418089997,
        "49":0.1427860744
    },
    "std":{
        "-30":0.0046220988,
        "-29":0.0041787838,
        "-28":0.0045877895,
        "-27":0.0062013222,
        "-26":0.0063379605,
        "-25":0.0045616127,
        "-24":0.005455848,
        "-23":0.0051437984,
        "-22":0.0069311087,
        "-21":0.0058235298,
        "-20":0.0052599866,
        "-19":0.0072618756,
        "-18":0.0058990156,
        "-17":0.0056276168,
        "-16":0.0055347988,
        "-15":0.006286342,
        "-14":0.0060193276,
        "-13":0.0051700813,
        "-12":0.0036996746,
        "-11":0.0048306021,
        "-10":0.0051505134,
        "-9":0.0046843488,
        "-8":0.0044644372,
        "-7":0.0054172984,
        "-6":0.0045901266,
        "-5":0.0043633958,
        "-4":0.0055017809,
        "-3":0.0037642345,
        "-2":0.0048559514,
        "-1":0.0047784804,
        "0":0.0050681836,
        "1":0.0036091853,
        "2":0.004527915,
        "3":0.0060525457,
        "4":0.0031881633,
        "5":0.0047765715,
        "6":0.0048226029,
        "7":0.0053679191,
        "8":0.0047318711,
        "9":0.002796201,
        "10":0.0037447991,
        "11":0.0046168476,
        "12":0.004385637,
        "13":0.0043987711,
        "14":0.0056209721,
        "15":0.0046347574,
        "16":0.0035738734,
        "17":0.0042724611,
        "18":0.0042811212,
        "19":0.0052251282,
        "20":0.0046959624,
        "21":0.0038078251,
        "22":0.0036561009,
        "23":0.0040522071,
        "24":0.0043470381,
        "25":0.0044543489,
        "26":0.0073889216,
        "27":0.0060662839,
        "28":0.0052607918,
        "29":0.0048514192,
        "30":0.0049187013,
        "31":0.0063184954,
        "32":0.0045056109,
        "33":0.0043583161,
        "34":0.0041197208,
        "35":0.0051501715,
        "36":0.0044866841,
        "37":0.0051556087,
        "38":0.0048609742,
        "39":0.0059688329,
        "40":0.0055368748,
        "41":0.0052178993,
        "42":0.0054287466,
        "43":0.0042255554,
        "44":0.0046474928,
        "45":0.0052458282,
        "46":0.0069245046,
        "47":0.0043599066,
        "48":0.004787363,
        "49":0.0042059758
    }
}