{
    "data":{
        "-30":0.1546383072,
        "-29":0.1458900588,
        "-28":0.1494573264,
        "-27":0.149888469,
        "-26":0.1507741729,
        "-25":0.1420765554,
        "-24":0.1474929139,
        "-23":0.1444892399,
        "-22":0.1533257029,
        "-21":0.1550608092,
        "-20":0.1554949045,
        "-19":0.1496269575,
        "-18":0.1499564472,
        "-17":0.1592950088,
        "-16":0.1500467093,
        "-15":0.1517097032,
        "-14":0.1531186335,
        "-13":0.1476966285,
        "-12":0.1543912156,
        "-11":0.1543007228,
        "-10":0.150653131,
        "-9":0.1516498925,
        "-8":0.1470324554,
        "-7":0.1510309394,
        "-6":0.1530603595,
        "-5":0.1484549452,
        "-4":0.1496940726,
        "-3":0.1529094992,
        "-2":0.1507164402,
        "-1":0.1555010634,
        "0":0.1470639743,
        "1":0.156249354,
        "2":0.1528214824,
        "3":0.1567847076,
        "4":0.152192367,
        "5":0.1533058263,
        "6":0.1547363722,
        "7":0.1563534254,
        "8":0.1509765854,
        "9":0.1549784914,
        "10":0.1491757928,
        "11":0.1580662271,
        "12":0.1474326558,
        "13":0.1481015402,
        "14":0.1474545051,
        "15":0.1469446488,
        "16":0.1505576774,
        "17":0.1498296568,
        "18":0.1474732697,
        "19":0.1485987023,
        "20":0.1511987131,
        "21":0.1492239348,
        "22":0.1498416682,
        "23":0.1424655266,
        "24":0.1487987866,
        "25":0.1518281645,
        "26":0.1510174836,
        "27":0.1518317381,
        "28":0.1516861675,
        "29":0.1521830879,
        "30":0.1530582936,
        "31":0.1482251572,
        "32":0.1516217444,
        "33":0.1458014119,
        "34":0.1439676634,
        "35":0.1468594376,
        "36":0.1454648874,
        "37":0.1515665034,
        "38":0.1504835587,
        "39":0.1476876514,
        "40":0.1509822452,
        "41":0.1523359943,
        "42":0.1471507816,
        "43":0.1495135745,
        "44":0.1482809257,
        "45":0.1543489668,
        "46":0.1462309199,
        "47":0.1548708615,
        "48":0.1474124115,
        "49":0.1453127496
    },
    "std":{
        "-30":0.0027358018,
        "-29":0.003362576,
        "-28":0.0031418355,
        "-27":0.0035670026,
        "-26":0.0041221199,
        "-25":0.0030314007,
        "-24":0.0040142599,
        "-23":0.0033086044,
        "-22":0.0042262445,
        "-21":0.0040991581,
        "-20":0.0033873415,
        "-19":0.0034872775,
        "-18":0.0033976378,
        "-17":0.0034364581,
        "-16":0.0036039072,
        "-15":0.0041120857,
        "-14":0.0036788689,
        "-13":0.0031621839,
        "-12":0.003711628,
        "-11":0.0033768499,
        "-10":0.0040191385,
        "-9":0.0035508275,
        "-8":0.0033165676,
        "-7":0.0045025139,
        "-6":0.004376724,
        "-5":0.0052563585,
        "-4":0.0033486689,
        "-3":0.0037919332,
        "-2":0.0044849016,
        "-1":0.0036944796,
        "0":0.0039640383,
        "1":0.0052968897,
        "2":0.0037139803,
        "3":0.004570153,
        "4":0.0035368902,
        "5":0.0027530926,
        "6":0.0023380301,
        "7":0.0045884498,
        "8":0.003171652,
        "9":0.0036630836,
        "10":0.0036178595,
        "11":0.0043758937,
        "12":0.004142937,
        "13":0.0035199627,
        "14":0.0033914506,
        "15":0.0034741106,
        "16":0.0048425508,
        "17":0.002854093,
        "18":0.0035390667,
        "19":0.0034075397,
        "20":0.0036882561,
        "21":0.0032770456,
        "22":0.0037352389,
        "23":0.0028509453,
        "24":0.002758975,
        "25":0.0034349852,
        "26":0.0035418201,
        "27":0.0026730836,
        "28":0.0026799047,
        "29":0.0030785316,
        "30":0.0033510479,
        "31":0.0027421892,
        "32":0.0031093565,
        "33":0.0035105855,
        "34":0.0028640805,
        "35":0.0042368879,
        "36":0.0034595875,
        "37":0.0041046816,
        "38":0.0035195728,
        "39":0.0037879383,
        "40":0.0042958851,
        "41":0.0031779233,
        "42":0.0038424897,
        "43":0.0027986058,
        "44":0.0041517099,
        "45":0.0037474545,
        "46":0.0033916926,
        "47":0.0036346645,
        "48":0.0034470703,
        "49":0.0027821519
    }
}