{
    "data":{
        "-30":0.223025838,
        "-29":0.2227798492,
        "-28":0.2224319236,
        "-27":0.2192717944,
        "-26":0.2156097894,
        "-25":0.2189209874,
        "-24":0.2219944355,
        "-23":0.2169664379,
        "-22":0.2260916518,
        "-21":0.2206532358,
        "-20":0.216644223,
        "-19":0.2235077686,
        "-18":0.2268602078,
        "-17":0.2219209125,
        "-16":0.2159028926,
        "-15":0.2193176559,
        "-14":0.2152233145,
        "-13":0.2177986833,
        "-12":0.2192133527,
        "-11":0.2132670603,
        "-10":0.221508993,
        "-9":0.2152449295,
        "-8":0.2114416563,
        "-7":0.2140888704,
        "-6":0.2053885427,
        "-5":0.2070708491,
        "-4":0.2127737893,
        "-3":0.2106148235,
        "-2":0.2118046429,
        "-1":0.2095535994,
        "0":0.2038798261,
        "1":0.2023163228,
        "2":0.2072605712,
        "3":0.2041226168,
        "4":0.2096477047,
        "5":0.205183869,
        "6":0.2027393742,
        "7":0.2098902657,
        "8":0.2037909712,
        "9":0.1990026803,
        "10":0.2050430286,
        "11":0.2114187718,
        "12":0.2090747984,
        "13":0.2143126538,
        "14":0.2052698968,
        "15":0.2021866472,
        "16":0.2052568142,
        "17":0.2129683576,
        "18":0.2079291536,
        "19":0.2136954046,
        "20":0.2084371242,
        "21":0.2077873233,
        "22":0.2029084612,
        "23":0.2153223308,
        "24":0.2066834945,
        "25":0.2116540924,
        "26":0.2026479088,
        "27":0.2099870901,
        "28":0.216405342,
        "29":0.205618236,
        "30":0.2138212758,
        "31":0.2117538664,
        "32":0.2103719069,
        "33":0.2045694628,
        "34":0.2174341397,
        "35":0.2111157111,
        "36":0.2222007789,
        "37":0.2161885543,
        "38":0.2169255229,
        "39":0.219372534,
        "40":0.2201331485,
        "41":0.2231383782,
        "42":0.2240147939,
        "43":0.2275030247,
        "44":0.2241163508,
        "45":0.2220712515,
        "46":0.2220916835,
        "47":0.2225941366,
        "48":0.2227924785,
        "49":0.2170198137
    },
    "std":{
        "-30":0.0161640047,
        "-29":0.0183833668,
        "-28":0.0175300134,
        "-27":0.0170893125,
        "-26":0.0179209318,
        "-25":0.0161370599,
        "-24":0.0172153123,
        "-23":0.0152019636,
        "-22":0.0188458371,
        "-21":0.0187737677,
        "-20":0.0181953794,
        "-19":0.0164388429,
        "-18":0.0191592608,
        "-17":0.0189143503,
        "-16":0.0180024072,
        "-15":0.017399982,
        "-14":0.0161165024,
        "-13":0.0182034817,
        "-12":0.0153524744,
        "-11":0.0148019344,
        "-10":0.011795133,
        "-9":0.0145768298,
        "-8":0.01237646,
        "-7":0.0121088468,
        "-6":0.0130188311,
        "-5":0.0122462312,
        "-4":0.0129043098,
        "-3":0.0135720773,
        "-2":0.0136044382,
        "-1":0.0129415007,
        "0":0.0121231124,
        "1":0.0094038412,
        "2":0.0110514914,
        "3":0.0084070994,
        "4":0.0112740754,
        "5":0.0102233593,
        "6":0.0092875127,
        "7":0.0116320614,
        "8":0.0097972086,
        "9":0.0105124627,
        "10":0.0101853012,
        "11":0.0095200022,
        "12":0.0109484411,
        "13":0.0119976978,
        "14":0.0113426946,
        "15":0.0105871388,
        "16":0.0106615251,
        "17":0.0119996395,
        "18":0.0108411875,
        "19":0.013024978,
        "20":0.0137888778,
        "21":0.0115719852,
        "22":0.0128401488,
        "23":0.0147052468,
        "24":0.0134677359,
        "25":0.0147356713,
        "26":0.0132520192,
        "27":0.0134005512,
        "28":0.0155900364,
        "29":0.0141880387,
        "30":0.014824676,
        "31":0.0135239547,
        "32":0.0135000943,
        "33":0.0151429607,
        "34":0.0157052866,
        "35":0.0147669544,
        "36":0.0129747206,
        "37":0.0144536012,
        "38":0.014303197,
        "39":0.0140645382,
        "40":0.0169332432,
        "41":0.0154233932,
        "42":0.0173293674,
        "43":0.016510795,
        "44":0.0156693994,
        "45":0.0175957963,
        "46":0.0170546391,
        "47":0.0162495795,
        "48":0.0186015433,
        "49":0.0175584335
    }
}