{
    "data":{
        "-30":0.3921094319,
        "-29":0.3969716921,
        "-28":0.4014243758,
        "-27":0.3937195909,
        "-26":0.4017232715,
        "-25":0.4043407108,
        "-24":0.3966028112,
        "-23":0.3945794342,
        "-22":0.3988462552,
        "-21":0.3880356332,
        "-20":0.3880949413,
        "-19":0.3970315665,
        "-18":0.3850810833,
        "-17":0.3868613109,
        "-16":0.3926291801,
        "-15":0.3942506782,
        "-14":0.4109011589,
        "-13":0.4012212419,
        "-12":0.4002910723,
        "-11":0.4060051136,
        "-10":0.4078565955,
        "-9":0.3929799567,
        "-8":0.3935789511,
        "-7":0.3963942671,
        "-6":0.3972176867,
        "-5":0.3850781321,
        "-4":0.3934234988,
        "-3":0.3881166545,
        "-2":0.3934093983,
        "-1":0.3883600042,
        "0":0.3957919655,
        "1":0.389277455,
        "2":0.3989589254,
        "3":0.3889101478,
        "4":0.3810486837,
        "5":0.3901853738,
        "6":0.3846600584,
        "7":0.3851438921,
        "8":0.3875809043,
        "9":0.391411047,
        "10":0.3947639047,
        "11":0.3965199482,
        "12":0.3988101253,
        "13":0.3789616841,
        "14":0.3875678457,
        "15":0.3830675173,
        "16":0.3787671038,
        "17":0.4006071401,
        "18":0.3823740347,
        "19":0.4000662759,
        "20":0.3978714999,
        "21":0.3914224499,
        "22":0.400338602,
        "23":0.3957921748,
        "24":0.3998158564,
        "25":0.3959286641,
        "26":0.3986205408,
        "27":0.4073580355,
        "28":0.3954769175,
        "29":0.3911544504,
        "30":0.3968439816,
        "31":0.3936073059,
        "32":0.3985882557,
        "33":0.3899972595,
        "34":0.4001158803,
        "35":0.3971649221,
        "36":0.3852560376,
        "37":0.3950026189,
        "38":0.3873820597,
        "39":0.4034035998,
        "40":0.3966252071,
        "41":0.3918817056,
        "42":0.4019766913,
        "43":0.395932536,
        "44":0.3894463318,
        "45":0.3912788129,
        "46":0.390516604,
        "47":0.3889904255,
        "48":0.3952709717,
        "49":0.3945241071
    },
    "std":{
        "-30":0.0342757854,
        "-29":0.0359067507,
        "-28":0.033486334,
        "-27":0.0331203952,
        "-26":0.0338466104,
        "-25":0.031723089,
        "-24":0.0322162134,
        "-23":0.032424196,
        "-22":0.0312597737,
        "-21":0.0332356323,
        "-20":0.0304638914,
        "-19":0.0317928484,
        "-18":0.033741167,
        "-17":0.0310005212,
        "-16":0.0327274349,
        "-15":0.0325173236,
        "-14":0.0333662509,
        "-13":0.0351277552,
        "-12":0.0344609466,
        "-11":0.0348663108,
        "-10":0.0355962277,
        "-9":0.0336728757,
        "-8":0.0278787161,
        "-7":0.0332033578,
        "-6":0.0309469047,
        "-5":0.0262706778,
        "-4":0.0339684776,
        "-3":0.0298624995,
        "-2":0.0299806417,
        "-1":0.0297818059,
        "0":0.029745832,
        "1":0.0290700516,
        "2":0.0318376949,
        "3":0.0310971735,
        "4":0.027434837,
        "5":0.0288495408,
        "6":0.0282846064,
        "7":0.0288961066,
        "8":0.0277088515,
        "9":0.0294113292,
        "10":0.0274776812,
        "11":0.029785759,
        "12":0.0302185316,
        "13":0.0275715244,
        "14":0.0332645804,
        "15":0.0285395713,
        "16":0.0311189818,
        "17":0.0349405292,
        "18":0.0290922849,
        "19":0.0332419953,
        "20":0.0327139208,
        "21":0.0328020232,
        "22":0.0353494774,
        "23":0.033478485,
        "24":0.0334723653,
        "25":0.0360469062,
        "26":0.032878645,
        "27":0.0337955462,
        "28":0.0335416206,
        "29":0.0331945364,
        "30":0.0335190927,
        "31":0.0332762168,
        "32":0.0328903289,
        "33":0.034262147,
        "34":0.0357337576,
        "35":0.0344277471,
        "36":0.0352208325,
        "37":0.0367472496,
        "38":0.0325447478,
        "39":0.033728014,
        "40":0.0347910524,
        "41":0.0332442624,
        "42":0.034140946,
        "43":0.0307431472,
        "44":0.0338348118,
        "45":0.0357925667,
        "46":0.0345630411,
        "47":0.0356002575,
        "48":0.0369174396,
        "49":0.0337949288
    }
}