{
    "data":{
        "-30":0.2112965615,
        "-29":0.2080170649,
        "-28":0.2119701588,
        "-27":0.2070691956,
        "-26":0.21204579,
        "-25":0.214642983,
        "-24":0.2059484872,
        "-23":0.2065928361,
        "-22":0.2078556451,
        "-21":0.2077978758,
        "-20":0.210349042,
        "-19":0.2107222216,
        "-18":0.206428968,
        "-17":0.2140632842,
        "-16":0.2080233375,
        "-15":0.2061101167,
        "-14":0.208396939,
        "-13":0.2088294864,
        "-12":0.2038257474,
        "-11":0.2091261716,
        "-10":0.2044938555,
        "-9":0.2020925384,
        "-8":0.2140540307,
        "-7":0.2106707615,
        "-6":0.2125824654,
        "-5":0.2053919407,
        "-4":0.2137905021,
        "-3":0.2007743996,
        "-2":0.2056186963,
        "-1":0.2159049477,
        "0":0.2117525457,
        "1":0.2100344308,
        "2":0.2089995002,
        "3":0.2108054063,
        "4":0.2024800517,
        "5":0.2056665293,
        "6":0.2095434832,
        "7":0.2092755065,
        "8":0.2083731483,
        "9":0.207934407,
        "10":0.2073662525,
        "11":0.2139091429,
        "12":0.2103702598,
        "13":0.2116967502,
        "14":0.2116728906,
        "15":0.2141622078,
        "16":0.2113180758,
        "17":0.2103997866,
        "18":0.2109356077,
        "19":0.2164630863,
        "20":0.2093664334,
        "21":0.2114467801,
        "22":0.2073118393,
        "23":0.2111627217,
        "24":0.2147830873,
        "25":0.2090217478,
        "26":0.2114381013,
        "27":0.2088889481,
        "28":0.2120311682,
        "29":0.2058224768,
        "30":0.2071783873,
        "31":0.2102414162,
        "32":0.21140772,
        "33":0.2062038562,
        "34":0.2116066535,
        "35":0.2091326014,
        "36":0.2073036953,
        "37":0.2104119622,
        "38":0.2006970274,
        "39":0.2193223997,
        "40":0.2038577686,
        "41":0.2071571009,
        "42":0.2084610605,
        "43":0.1994920489,
        "44":0.2049723732,
        "45":0.2075914945,
        "46":0.2171169529,
        "47":0.2106110567,
        "48":0.2123202084,
        "49":0.211889493
    },
    "std":{
        "-30":0.0031157461,
        "-29":0.0052094385,
        "-28":0.0044486745,
        "-27":0.0044205098,
        "-26":0.0034750972,
        "-25":0.0069787918,
        "-24":0.0041974979,
        "-23":0.0041854489,
        "-22":0.0055740437,
        "-21":0.0042363622,
        "-20":0.0053689583,
        "-19":0.0058244428,
        "-18":0.0043596708,
        "-17":0.0052756127,
        "-16":0.0056442636,
        "-15":0.0048788883,
        "-14":0.0040837043,
        "-13":0.0049976395,
        "-12":0.0054406119,
        "-11":0.0043868623,
        "-10":0.004309744,
        "-9":0.0045873438,
        "-8":0.0043975145,
        "-7":0.004361151,
        "-6":0.0060916177,
        "-5":0.0048271168,
        "-4":0.0047166958,
        "-3":0.0042130033,
        "-2":0.0055353144,
        "-1":0.0049737299,
        "0":0.004834845,
        "1":0.0048974656,
        "2":0.0039863867,
        "3":0.0064358146,
        "4":0.0045603664,
        "5":0.0042553914,
        "6":0.004591282,
        "7":0.0042608918,
        "8":0.0040232156,
        "9":0.0044921998,
        "10":0.0051618017,
        "11":0.005922422,
        "12":0.0054856387,
        "13":0.0059414873,
        "14":0.0055383417,
        "15":0.0052033484,
        "16":0.0053206173,
        "17":0.0058697955,
        "18":0.0042983857,
        "19":0.0053591544,
        "20":0.0058962608,
        "21":0.005014784,
        "22":0.0048866287,
        "23":0.0053254927,
        "24":0.0047176526,
        "25":0.0051425859,
        "26":0.0039515139,
        "27":0.0058028087,
        "28":0.0059307404,
        "29":0.0059241373,
        "30":0.0057889548,
        "31":0.0041584165,
        "32":0.0049722473,
        "33":0.0040643975,
        "34":0.0045972334,
        "35":0.0044783293,
        "36":0.0052224512,
        "37":0.004531536,
        "38":0.0054377647,
        "39":0.0043821907,
        "40":0.0048126886,
        "41":0.0062991514,
        "42":0.0041196437,
        "43":0.0052124577,
        "44":0.0052198166,
        "45":0.0046275064,
        "46":0.00516314,
        "47":0.0049149572,
        "48":0.0052388016,
        "49":0.0046178898
    }
}