{
    "data":{
        "-30":0.29634287,
        "-29":0.2945059403,
        "-28":0.2955364938,
        "-27":0.2972778313,
        "-26":0.2895515058,
        "-25":0.2955276925,
        "-24":0.2925428714,
        "-23":0.2914630969,
        "-22":0.3019061933,
        "-21":0.2912155228,
        "-20":0.2880184683,
        "-19":0.2955769007,
        "-18":0.29234015,
        "-17":0.2987619926,
        "-16":0.2972666316,
        "-15":0.2863060139,
        "-14":0.296494025,
        "-13":0.2844998747,
        "-12":0.2928566374,
        "-11":0.2955805804,
        "-10":0.2934352948,
        "-9":0.293766468,
        "-8":0.3047870106,
        "-7":0.2944478506,
        "-6":0.3033067566,
        "-5":0.2942340903,
        "-4":0.292195131,
        "-3":0.2917414005,
        "-2":0.2914512269,
        "-1":0.2926604619,
        "0":0.2986452482,
        "1":0.3014773292,
        "2":0.294834838,
        "3":0.2943767599,
        "4":0.2955353315,
        "5":0.3050696538,
        "6":0.2969007643,
        "7":0.3043830707,
        "8":0.2995683599,
        "9":0.2958916693,
        "10":0.2992111676,
        "11":0.2955401655,
        "12":0.2918125143,
        "13":0.2953567505,
        "14":0.297118875,
        "15":0.2869779284,
        "16":0.3032985047,
        "17":0.2946628572,
        "18":0.2950806223,
        "19":0.304393223,
        "20":0.2906070649,
        "21":0.2903621381,
        "22":0.2960548805,
        "23":0.2982129451,
        "24":0.3053793602,
        "25":0.3109756767,
        "26":0.3059313629,
        "27":0.3045225209,
        "28":0.3024202787,
        "29":0.3002730574,
        "30":0.3020061819,
        "31":0.3019743004,
        "32":0.3022290007,
        "33":0.2965587875,
        "34":0.3123916352,
        "35":0.3018097187,
        "36":0.2864524676,
        "37":0.3077558546,
        "38":0.3052758659,
        "39":0.3097350656,
        "40":0.3046956428,
        "41":0.2967848225,
        "42":0.31092226,
        "43":0.2953782276,
        "44":0.2942343761,
        "45":0.3050027574,
        "46":0.2965147187,
        "47":0.2891277066,
        "48":0.2976371525,
        "49":0.2951993947
    },
    "std":{
        "-30":0.0227073131,
        "-29":0.0257549593,
        "-28":0.0208384578,
        "-27":0.0224474033,
        "-26":0.0211446328,
        "-25":0.0191076496,
        "-24":0.0224672302,
        "-23":0.0198754281,
        "-22":0.0227425508,
        "-21":0.020428822,
        "-20":0.020628542,
        "-19":0.0215496028,
        "-18":0.0231632935,
        "-17":0.0223620747,
        "-16":0.0225967445,
        "-15":0.0185841674,
        "-14":0.0226459861,
        "-13":0.0184254105,
        "-12":0.0204937593,
        "-11":0.02247267,
        "-10":0.020580763,
        "-9":0.0225419745,
        "-8":0.0188407551,
        "-7":0.0184430597,
        "-6":0.0208535299,
        "-5":0.0186240659,
        "-4":0.0177542043,
        "-3":0.0211831319,
        "-2":0.0205047612,
        "-1":0.0191217215,
        "0":0.0199212321,
        "1":0.0191635606,
        "2":0.0235814875,
        "3":0.0192588074,
        "4":0.0186844132,
        "5":0.0236707941,
        "6":0.0218509516,
        "7":0.0185127035,
        "8":0.022607715,
        "9":0.0186118809,
        "10":0.0200201351,
        "11":0.0210106471,
        "12":0.0192158415,
        "13":0.0200951158,
        "14":0.0209629939,
        "15":0.0185359963,
        "16":0.0230266894,
        "17":0.0219636753,
        "18":0.021775727,
        "19":0.0232386809,
        "20":0.0231166099,
        "21":0.0200149582,
        "22":0.0245614569,
        "23":0.0234713888,
        "24":0.025031411,
        "25":0.0263315766,
        "26":0.0236405139,
        "27":0.0257609647,
        "28":0.0270600186,
        "29":0.0237638961,
        "30":0.0281822682,
        "31":0.022197309,
        "32":0.0234551119,
        "33":0.0250842983,
        "34":0.0270210061,
        "35":0.025868427,
        "36":0.0229537083,
        "37":0.0273616651,
        "38":0.0277882448,
        "39":0.02646361,
        "40":0.0281791965,
        "41":0.02177291,
        "42":0.025912382,
        "43":0.0260075514,
        "44":0.0222942808,
        "45":0.0276228987,
        "46":0.0222464328,
        "47":0.0233910055,
        "48":0.0257604249,
        "49":0.0222677638
    }
}