{
    "data":{
        "-30":0.2075083398,
        "-29":0.2067909608,
        "-28":0.2044817459,
        "-27":0.2103104133,
        "-26":0.2062326822,
        "-25":0.2091459177,
        "-24":0.2052696908,
        "-23":0.2018837468,
        "-22":0.2092297751,
        "-21":0.2058985843,
        "-20":0.2061270837,
        "-19":0.2132581847,
        "-18":0.2045895519,
        "-17":0.2119987066,
        "-16":0.2081630442,
        "-15":0.2148851594,
        "-14":0.2103989823,
        "-13":0.2141868567,
        "-12":0.2028816949,
        "-11":0.2126428678,
        "-10":0.2085141092,
        "-9":0.2027630165,
        "-8":0.2043078313,
        "-7":0.2021374858,
        "-6":0.2096478705,
        "-5":0.2036574141,
        "-4":0.2026797695,
        "-3":0.1996548668,
        "-2":0.2031818062,
        "-1":0.2027478158,
        "0":0.2095637989,
        "1":0.2076186388,
        "2":0.2077262526,
        "3":0.2103935331,
        "4":0.2137520009,
        "5":0.2048579206,
        "6":0.2087017847,
        "7":0.2112551961,
        "8":0.2068243069,
        "9":0.210348735,
        "10":0.2070203891,
        "11":0.2084859495,
        "12":0.2103387098,
        "13":0.2095250407,
        "14":0.2067159663,
        "15":0.2083054517,
        "16":0.2055832269,
        "17":0.2068021766,
        "18":0.2101402889,
        "19":0.2109964737,
        "20":0.2058613019,
        "21":0.1972775349,
        "22":0.2022519209,
        "23":0.2064011228,
        "24":0.203496233,
        "25":0.2051074098,
        "26":0.2073570328,
        "27":0.2065970181,
        "28":0.2035914609,
        "29":0.2026097498,
        "30":0.2082408574,
        "31":0.1988026766,
        "32":0.2071741466,
        "33":0.2067030901,
        "34":0.2026225188,
        "35":0.2015143429,
        "36":0.2044775925,
        "37":0.2061676248,
        "38":0.208985003,
        "39":0.2143222862,
        "40":0.211505639,
        "41":0.2073750622,
        "42":0.2061961665,
        "43":0.2101691664,
        "44":0.2086543968,
        "45":0.2042835954,
        "46":0.2095168518,
        "47":0.2114646219,
        "48":0.2023058559,
        "49":0.2048800055
    },
    "std":{
        "-30":0.0067801853,
        "-29":0.0052082828,
        "-28":0.0071518268,
        "-27":0.0064124329,
        "-26":0.0064265417,
        "-25":0.0066322727,
        "-24":0.0063592029,
        "-23":0.007497323,
        "-22":0.0074010326,
        "-21":0.0065186888,
        "-20":0.0075202133,
        "-19":0.0068964352,
        "-18":0.0045729772,
        "-17":0.0068651644,
        "-16":0.0073644634,
        "-15":0.006577543,
        "-14":0.0060318829,
        "-13":0.0059926608,
        "-12":0.0061009655,
        "-11":0.0067658556,
        "-10":0.0065060921,
        "-9":0.005552236,
        "-8":0.0048524304,
        "-7":0.0057063839,
        "-6":0.0070761015,
        "-5":0.0067921998,
        "-4":0.0060256459,
        "-3":0.005575788,
        "-2":0.0060665576,
        "-1":0.0052819293,
        "0":0.0070648273,
        "1":0.0075731979,
        "2":0.0070055021,
        "3":0.0076701461,
        "4":0.0084959449,
        "5":0.0098600704,
        "6":0.0083495047,
        "7":0.0071736077,
        "8":0.0086493696,
        "9":0.0068430361,
        "10":0.0051469937,
        "11":0.0078821648,
        "12":0.0082150258,
        "13":0.0072403152,
        "14":0.0061239486,
        "15":0.005802687,
        "16":0.0054306025,
        "17":0.007344879,
        "18":0.008001487,
        "19":0.006569525,
        "20":0.0055218823,
        "21":0.0059261332,
        "22":0.0052951404,
        "23":0.0071642001,
        "24":0.007299183,
        "25":0.0060037269,
        "26":0.0065248411,
        "27":0.0069046928,
        "28":0.006386532,
        "29":0.0066189731,
        "30":0.0072720908,
        "31":0.0065648604,
        "32":0.008503419,
        "33":0.0085324578,
        "34":0.0070482897,
        "35":0.0063723688,
        "36":0.0065724729,
        "37":0.0068068253,
        "38":0.0089747653,
        "39":0.0083486046,
        "40":0.0082845952,
        "41":0.0085489656,
        "42":0.0086944377,
        "43":0.0085712821,
        "44":0.006774819,
        "45":0.0067104925,
        "46":0.0070796258,
        "47":0.00770182,
        "48":0.0057169659,
        "49":0.0068960556
    }
}