{
    "data":{
        "-30":0.2268332058,
        "-29":0.2266185378,
        "-28":0.2198565939,
        "-27":0.2244537534,
        "-26":0.2236830744,
        "-25":0.2200670869,
        "-24":0.2224412653,
        "-23":0.2257461401,
        "-22":0.2263034258,
        "-21":0.2249385449,
        "-20":0.2244262759,
        "-19":0.2212147993,
        "-18":0.2306260141,
        "-17":0.2224337801,
        "-16":0.2200432537,
        "-15":0.2218824383,
        "-14":0.2133807824,
        "-13":0.2191533507,
        "-12":0.2081348077,
        "-11":0.2152822827,
        "-10":0.2141557282,
        "-9":0.2129802199,
        "-8":0.2227637594,
        "-7":0.2091079955,
        "-6":0.2081155611,
        "-5":0.2078711428,
        "-4":0.2090968565,
        "-3":0.2085166693,
        "-2":0.2148051706,
        "-1":0.2127767089,
        "0":0.2074323268,
        "1":0.2133280855,
        "2":0.2078588678,
        "3":0.2076490911,
        "4":0.2088347943,
        "5":0.2081715792,
        "6":0.2095444586,
        "7":0.2102938698,
        "8":0.2147658766,
        "9":0.2158424135,
        "10":0.2155987849,
        "11":0.2089351329,
        "12":0.2077698754,
        "13":0.2086043076,
        "14":0.2025264832,
        "15":0.2049182447,
        "16":0.2170456459,
        "17":0.2105350213,
        "18":0.2094570217,
        "19":0.2151366224,
        "20":0.2139403165,
        "21":0.2106735529,
        "22":0.2084422262,
        "23":0.2022323033,
        "24":0.2057511734,
        "25":0.2176045711,
        "26":0.2025031399,
        "27":0.2095120953,
        "28":0.2030860347,
        "29":0.2100019895,
        "30":0.2040236173,
        "31":0.2012872864,
        "32":0.2066852076,
        "33":0.2088985076,
        "34":0.2058406141,
        "35":0.2136649684,
        "36":0.211433318,
        "37":0.2100003904,
        "38":0.2039532111,
        "39":0.2130845874,
        "40":0.2063447605,
        "41":0.2014915212,
        "42":0.2072652129,
        "43":0.2077159539,
        "44":0.2083719776,
        "45":0.2103472773,
        "46":0.2150604498,
        "47":0.2050891482,
        "48":0.2098894664,
        "49":0.2059832878
    },
    "std":{
        "-30":0.0180585326,
        "-29":0.0164426324,
        "-28":0.0150710009,
        "-27":0.0161136552,
        "-26":0.0167709037,
        "-25":0.0149909261,
        "-24":0.0154368703,
        "-23":0.0157497844,
        "-22":0.0157368062,
        "-21":0.0150721361,
        "-20":0.016404381,
        "-19":0.0154683836,
        "-18":0.0162635895,
        "-17":0.0150683115,
        "-16":0.0149223648,
        "-15":0.016444305,
        "-14":0.0138054378,
        "-13":0.0147476284,
        "-12":0.0134272827,
        "-11":0.0134573574,
        "-10":0.0154841324,
        "-9":0.0135117326,
        "-8":0.0156496565,
        "-7":0.0117305469,
        "-6":0.0130336589,
        "-5":0.0129480744,
        "-4":0.0130997346,
        "-3":0.0115977505,
        "-2":0.013608799,
        "-1":0.0115690217,
        "0":0.0129518495,
        "1":0.012074561,
        "2":0.0118624194,
        "3":0.0119329634,
        "4":0.0111040781,
        "5":0.0105441258,
        "6":0.0102145934,
        "7":0.0112191744,
        "8":0.010286052,
        "9":0.0142884578,
        "10":0.0115899351,
        "11":0.0115964412,
        "12":0.0126915421,
        "13":0.0120334452,
        "14":0.0128162769,
        "15":0.0143014607,
        "16":0.0136357096,
        "17":0.0147638175,
        "18":0.0125046073,
        "19":0.0170515316,
        "20":0.0155491895,
        "21":0.0162777192,
        "22":0.0134772149,
        "23":0.0139446429,
        "24":0.0143152512,
        "25":0.0140543204,
        "26":0.0122694788,
        "27":0.0141735787,
        "28":0.0123041726,
        "29":0.0134107698,
        "30":0.0161311121,
        "31":0.0131155396,
        "32":0.0127584245,
        "33":0.0115435138,
        "34":0.0121049533,
        "35":0.01284418,
        "36":0.0121676994,
        "37":0.0124232853,
        "38":0.0135243001,
        "39":0.01300768,
        "40":0.0119727301,
        "41":0.0117704502,
        "42":0.0128059715,
        "43":0.0122443654,
        "44":0.0126182076,
        "45":0.011982785,
        "46":0.0130723567,
        "47":0.0134958767,
        "48":0.0138032948,
        "49":0.0123637417
    }
}