{
    "data":{
        "-30":0.2123346997,
        "-29":0.2076729706,
        "-28":0.2077991028,
        "-27":0.2063322042,
        "-26":0.2113987048,
        "-25":0.2156382959,
        "-24":0.2098509656,
        "-23":0.2078327714,
        "-22":0.2184700508,
        "-21":0.2063462774,
        "-20":0.2142480087,
        "-19":0.2154201973,
        "-18":0.2093612577,
        "-17":0.2128288819,
        "-16":0.2011666972,
        "-15":0.2139139713,
        "-14":0.2118951926,
        "-13":0.2150062377,
        "-12":0.2148212757,
        "-11":0.2107866907,
        "-10":0.207975513,
        "-9":0.2144422082,
        "-8":0.211400315,
        "-7":0.2137753896,
        "-6":0.2117751198,
        "-5":0.2044333893,
        "-4":0.2075588352,
        "-3":0.2131750154,
        "-2":0.2117977068,
        "-1":0.2162141034,
        "0":0.2040225044,
        "1":0.2082702798,
        "2":0.2077003752,
        "3":0.213039882,
        "4":0.2119921393,
        "5":0.2088101995,
        "6":0.2060426149,
        "7":0.217493267,
        "8":0.2168606621,
        "9":0.2091881832,
        "10":0.2104768334,
        "11":0.2124538352,
        "12":0.2120790106,
        "13":0.220898367,
        "14":0.2174283573,
        "15":0.2094275892,
        "16":0.2247476496,
        "17":0.2151647041,
        "18":0.2215638204,
        "19":0.2200388072,
        "20":0.2257683064,
        "21":0.216303894,
        "22":0.2231896778,
        "23":0.2131142446,
        "24":0.2190665171,
        "25":0.217052004,
        "26":0.2196285977,
        "27":0.213736794,
        "28":0.2180297304,
        "29":0.2074949593,
        "30":0.225577927,
        "31":0.2127375008,
        "32":0.2226715606,
        "33":0.2114777286,
        "34":0.2137374928,
        "35":0.2098436488,
        "36":0.214869864,
        "37":0.2178507749,
        "38":0.2103629462,
        "39":0.2183114459,
        "40":0.2147305811,
        "41":0.2147041827,
        "42":0.2182675704,
        "43":0.2079208828,
        "44":0.2128111307,
        "45":0.227184787,
        "46":0.2138137705,
        "47":0.2121070919,
        "48":0.210355875,
        "49":0.2060976946
    },
    "std":{
        "-30":0.0073671211,
        "-29":0.0068332582,
        "-28":0.0063753813,
        "-27":0.0082818934,
        "-26":0.0080495682,
        "-25":0.0065098153,
        "-24":0.0064855034,
        "-23":0.0078057277,
        "-22":0.0056940315,
        "-21":0.0070375174,
        "-20":0.0056067862,
        "-19":0.0053633894,
        "-18":0.0051623994,
        "-17":0.0053944797,
        "-16":0.0040470864,
        "-15":0.0057360201,
        "-14":0.0063593948,
        "-13":0.0052926987,
        "-12":0.0050077785,
        "-11":0.0057504682,
        "-10":0.0042241506,
        "-9":0.0060527125,
        "-8":0.0047433718,
        "-7":0.0061054007,
        "-6":0.004573645,
        "-5":0.0064710471,
        "-4":0.0046380047,
        "-3":0.00391513,
        "-2":0.0071886571,
        "-1":0.005049377,
        "0":0.0062375349,
        "1":0.0048524682,
        "2":0.0044572133,
        "3":0.0059455986,
        "4":0.0065837721,
        "5":0.0076514256,
        "6":0.0062971685,
        "7":0.0075914779,
        "8":0.0092903422,
        "9":0.0061462979,
        "10":0.0069439386,
        "11":0.0073172158,
        "12":0.0095833463,
        "13":0.0095287187,
        "14":0.0105136558,
        "15":0.008193586,
        "16":0.008885593,
        "17":0.0108045964,
        "18":0.0108886029,
        "19":0.0097185919,
        "20":0.0112093043,
        "21":0.009800969,
        "22":0.010193339,
        "23":0.011783302,
        "24":0.0120274449,
        "25":0.0107077206,
        "26":0.0125778918,
        "27":0.0113457974,
        "28":0.0098583086,
        "29":0.0097972551,
        "30":0.0073331762,
        "31":0.0110719523,
        "32":0.0093837077,
        "33":0.0109754619,
        "34":0.0075438494,
        "35":0.008848916,
        "36":0.0051954835,
        "37":0.00800191,
        "38":0.0062411175,
        "39":0.006881945,
        "40":0.0073107525,
        "41":0.0091014774,
        "42":0.0063217888,
        "43":0.00740906,
        "44":0.0066599706,
        "45":0.0064577814,
        "46":0.0061341558,
        "47":0.007728854,
        "48":0.0069643624,
        "49":0.006332808
    }
}