{
    "data":{
        "-30":0.2624809174,
        "-29":0.2670588973,
        "-28":0.2687072213,
        "-27":0.2646907497,
        "-26":0.2569402875,
        "-25":0.262118883,
        "-24":0.2628904341,
        "-23":0.2577263975,
        "-22":0.2633369207,
        "-21":0.2664431201,
        "-20":0.2659852433,
        "-19":0.2634586148,
        "-18":0.2711316742,
        "-17":0.2649761446,
        "-16":0.2630270689,
        "-15":0.2685473203,
        "-14":0.2651729648,
        "-13":0.2646540759,
        "-12":0.2720954899,
        "-11":0.2670961103,
        "-10":0.2636882178,
        "-9":0.2617822543,
        "-8":0.2710988479,
        "-7":0.2687950977,
        "-6":0.2586479046,
        "-5":0.2699500739,
        "-4":0.2680824265,
        "-3":0.2655113814,
        "-2":0.2629443818,
        "-1":0.2598226847,
        "0":0.2614673182,
        "1":0.2666881368,
        "2":0.2602508279,
        "3":0.2709151261,
        "4":0.2658020116,
        "5":0.2685790707,
        "6":0.2757389716,
        "7":0.2689697605,
        "8":0.2583796785,
        "9":0.2675347896,
        "10":0.2629389385,
        "11":0.2701043145,
        "12":0.2678201449,
        "13":0.2670646097,
        "14":0.2739617133,
        "15":0.2690988538,
        "16":0.2657235332,
        "17":0.2625085366,
        "18":0.2642058942,
        "19":0.2676189936,
        "20":0.2646175625,
        "21":0.2557540207,
        "22":0.2705145334,
        "23":0.2697150221,
        "24":0.2620957154,
        "25":0.2740922704,
        "26":0.2694494929,
        "27":0.2680808013,
        "28":0.2605283583,
        "29":0.2615239266,
        "30":0.2667641987,
        "31":0.2701463398,
        "32":0.2627526137,
        "33":0.2642144573,
        "34":0.2652870451,
        "35":0.2576792926,
        "36":0.2597999907,
        "37":0.2737531458,
        "38":0.2591998756,
        "39":0.2696484424,
        "40":0.2648489551,
        "41":0.265264485,
        "42":0.2665098749,
        "43":0.2689306894,
        "44":0.2636995709,
        "45":0.2665703808,
        "46":0.2661560736,
        "47":0.2605138965,
        "48":0.2711861727,
        "49":0.2705303041
    },
    "std":{
        "-30":0.009253879,
        "-29":0.009075381,
        "-28":0.0108211801,
        "-27":0.0086640617,
        "-26":0.0105891196,
        "-25":0.0096421772,
        "-24":0.0090773129,
        "-23":0.0103076874,
        "-22":0.0098416424,
        "-21":0.0098538958,
        "-20":0.0106713213,
        "-19":0.0092536986,
        "-18":0.0093968132,
        "-17":0.0093633134,
        "-16":0.0097283037,
        "-15":0.0097693587,
        "-14":0.0097517336,
        "-13":0.0091510616,
        "-12":0.0115934465,
        "-11":0.0105813577,
        "-10":0.0091697034,
        "-9":0.0095492954,
        "-8":0.0097533538,
        "-7":0.0092340868,
        "-6":0.008889797,
        "-5":0.0096511393,
        "-4":0.0089256593,
        "-3":0.0086801572,
        "-2":0.0077284547,
        "-1":0.0100249724,
        "0":0.0078463078,
        "1":0.0091102328,
        "2":0.0100040908,
        "3":0.0082363492,
        "4":0.0084206034,
        "5":0.0104663201,
        "6":0.0100138182,
        "7":0.0081943504,
        "8":0.0091448342,
        "9":0.0087587204,
        "10":0.0083151485,
        "11":0.0087429511,
        "12":0.0098003761,
        "13":0.0092840748,
        "14":0.0082612339,
        "15":0.0090977414,
        "16":0.009079257,
        "17":0.0083111874,
        "18":0.0094384093,
        "19":0.0081529247,
        "20":0.0080155249,
        "21":0.0087684202,
        "22":0.0092440981,
        "23":0.0094372827,
        "24":0.006679232,
        "25":0.0089735165,
        "26":0.0090453792,
        "27":0.0088665161,
        "28":0.0094053108,
        "29":0.0088364076,
        "30":0.0069243402,
        "31":0.0093076106,
        "32":0.0091523577,
        "33":0.007909364,
        "34":0.009882857,
        "35":0.009757353,
        "36":0.0094283188,
        "37":0.0093545286,
        "38":0.008943781,
        "39":0.0087731934,
        "40":0.0087869953,
        "41":0.0088813793,
        "42":0.0090702247,
        "43":0.0080643793,
        "44":0.0087672608,
        "45":0.0090753217,
        "46":0.0088718493,
        "47":0.0094395954,
        "48":0.0095254221,
        "49":0.0101905303
    }
}