{
    "data":{
        "-30":0.2179648297,
        "-29":0.2075604967,
        "-28":0.2079268707,
        "-27":0.2038984991,
        "-26":0.2067427244,
        "-25":0.20381602,
        "-24":0.2002478083,
        "-23":0.2061340736,
        "-22":0.2011654193,
        "-21":0.1987936423,
        "-20":0.1954019809,
        "-19":0.1964380128,
        "-18":0.1982483164,
        "-17":0.1971319502,
        "-16":0.1977227523,
        "-15":0.1981829936,
        "-14":0.1949559627,
        "-13":0.1923430005,
        "-12":0.1920062718,
        "-11":0.2009863571,
        "-10":0.190290675,
        "-9":0.1885952029,
        "-8":0.1992647087,
        "-7":0.1920455483,
        "-6":0.1938231097,
        "-5":0.1827723988,
        "-4":0.192166993,
        "-3":0.1934776334,
        "-2":0.1956696282,
        "-1":0.1953193412,
        "0":0.2047649511,
        "1":0.2004134933,
        "2":0.2029961237,
        "3":0.2085727807,
        "4":0.2058238087,
        "5":0.2131297381,
        "6":0.21563854,
        "7":0.2070906479,
        "8":0.2129210542,
        "9":0.2198441375,
        "10":0.2210124979,
        "11":0.2178668501,
        "12":0.2145848472,
        "13":0.2208351521,
        "14":0.2151544998,
        "15":0.2146042159,
        "16":0.2202345271,
        "17":0.2078868457,
        "18":0.2081588101,
        "19":0.2056303234,
        "20":0.2076625693,
        "21":0.2038896958,
        "22":0.2010826029,
        "23":0.202863684,
        "24":0.2051135095,
        "25":0.205319031,
        "26":0.1967383711,
        "27":0.2049157736,
        "28":0.1998743812,
        "29":0.1978613805,
        "30":0.1930797171,
        "31":0.19928556,
        "32":0.1956081803,
        "33":0.1951611341,
        "34":0.2000191284,
        "35":0.1896379051,
        "36":0.1984133124,
        "37":0.2033170275,
        "38":0.2034705812,
        "39":0.2044890791,
        "40":0.2055503014,
        "41":0.2045407816,
        "42":0.2080815073,
        "43":0.2011136802,
        "44":0.2108060475,
        "45":0.2121199923,
        "46":0.2236729241,
        "47":0.2210612273,
        "48":0.2064012279,
        "49":0.2090785795
    },
    "std":{
        "-30":0.0238093536,
        "-29":0.0237140325,
        "-28":0.0227150328,
        "-27":0.0219154923,
        "-26":0.0193598777,
        "-25":0.0213343076,
        "-24":0.0191089094,
        "-23":0.0205966415,
        "-22":0.0206730607,
        "-21":0.0178784965,
        "-20":0.0157594015,
        "-19":0.0172698048,
        "-18":0.017309681,
        "-17":0.0170798002,
        "-16":0.0171282099,
        "-15":0.015019261,
        "-14":0.0159003315,
        "-13":0.0141849228,
        "-12":0.0148857344,
        "-11":0.0132515158,
        "-10":0.0137714547,
        "-9":0.0114584558,
        "-8":0.0130971318,
        "-7":0.011267165,
        "-6":0.0114821291,
        "-5":0.0107240486,
        "-4":0.0115438947,
        "-3":0.0134686781,
        "-2":0.0123573704,
        "-1":0.0149401087,
        "0":0.0148447728,
        "1":0.0149041477,
        "2":0.0149441607,
        "3":0.0156328233,
        "4":0.0166913971,
        "5":0.0186172344,
        "6":0.0196149814,
        "7":0.0204328077,
        "8":0.0207444843,
        "9":0.0229184584,
        "10":0.0238446525,
        "11":0.0228553414,
        "12":0.0215559512,
        "13":0.0242760227,
        "14":0.0238635222,
        "15":0.0215017649,
        "16":0.0244589579,
        "17":0.0227701258,
        "18":0.0217671703,
        "19":0.0205181331,
        "20":0.0201437154,
        "21":0.0208839804,
        "22":0.0198016929,
        "23":0.0176038223,
        "24":0.0187167035,
        "25":0.0178067169,
        "26":0.0164425868,
        "27":0.0165985156,
        "28":0.0172613026,
        "29":0.0167316778,
        "30":0.0154789418,
        "31":0.0191337267,
        "32":0.0170994348,
        "33":0.0157881035,
        "34":0.0188161821,
        "35":0.01634935,
        "36":0.0176134477,
        "37":0.0181548743,
        "38":0.0183959436,
        "39":0.0198717984,
        "40":0.021012935,
        "41":0.0192209192,
        "42":0.0193696952,
        "43":0.0190499655,
        "44":0.0219431503,
        "45":0.0219234055,
        "46":0.0246978929,
        "47":0.023638638,
        "48":0.0243478787,
        "49":0.0232983999
    }
}