{
    "data":{
        "-30":0.2083758838,
        "-29":0.2059453826,
        "-28":0.2058150494,
        "-27":0.207763194,
        "-26":0.2030921917,
        "-25":0.2095967572,
        "-24":0.2092951562,
        "-23":0.2062864685,
        "-22":0.2120109229,
        "-21":0.2029639811,
        "-20":0.2132655237,
        "-19":0.1991812369,
        "-18":0.2032736733,
        "-17":0.200887455,
        "-16":0.2019937801,
        "-15":0.212775633,
        "-14":0.204686283,
        "-13":0.2013753603,
        "-12":0.2019820812,
        "-11":0.197902841,
        "-10":0.202673725,
        "-9":0.1997438036,
        "-8":0.2089586685,
        "-7":0.2004740628,
        "-6":0.2041908254,
        "-5":0.1979717505,
        "-4":0.2013736003,
        "-3":0.2014937281,
        "-2":0.2023048125,
        "-1":0.2087764956,
        "0":0.2017666121,
        "1":0.20226377,
        "2":0.1949246867,
        "3":0.2048584589,
        "4":0.2049688804,
        "5":0.2105121411,
        "6":0.1983046379,
        "7":0.2065823857,
        "8":0.2020628052,
        "9":0.2061856897,
        "10":0.2002398655,
        "11":0.2066041421,
        "12":0.1994210138,
        "13":0.2003421163,
        "14":0.2094189832,
        "15":0.2099264689,
        "16":0.2108111879,
        "17":0.2011167038,
        "18":0.2053165482,
        "19":0.2041996357,
        "20":0.198008727,
        "21":0.202010838,
        "22":0.2006856261,
        "23":0.2058375627,
        "24":0.1953775339,
        "25":0.1990008157,
        "26":0.2057756807,
        "27":0.1993161168,
        "28":0.2060794023,
        "29":0.2057750736,
        "30":0.198192113,
        "31":0.2053975152,
        "32":0.2024301874,
        "33":0.2038709442,
        "34":0.2034410886,
        "35":0.2080807592,
        "36":0.2063964293,
        "37":0.2076695606,
        "38":0.2156886084,
        "39":0.2125845648,
        "40":0.2071036526,
        "41":0.2138726072,
        "42":0.2172294838,
        "43":0.2059801426,
        "44":0.1956368419,
        "45":0.208393548,
        "46":0.2026086734,
        "47":0.2111592818,
        "48":0.1994149139,
        "49":0.209044175
    },
    "std":{
        "-30":0.0128223263,
        "-29":0.01316633,
        "-28":0.0150751442,
        "-27":0.0114148866,
        "-26":0.0127966875,
        "-25":0.0133483542,
        "-24":0.0124299128,
        "-23":0.0125637255,
        "-22":0.0126331821,
        "-21":0.0128264392,
        "-20":0.0135471034,
        "-19":0.0119905859,
        "-18":0.0135460421,
        "-17":0.0114890984,
        "-16":0.0122559196,
        "-15":0.0108427951,
        "-14":0.0136162829,
        "-13":0.0130168322,
        "-12":0.0103042444,
        "-11":0.0123469402,
        "-10":0.0121638731,
        "-9":0.0113276338,
        "-8":0.0129921718,
        "-7":0.0112523244,
        "-6":0.0137559276,
        "-5":0.0133155856,
        "-4":0.0126026671,
        "-3":0.0109733982,
        "-2":0.0108409309,
        "-1":0.0135193456,
        "0":0.0128987728,
        "1":0.0107999901,
        "2":0.0124275012,
        "3":0.0123123375,
        "4":0.0116611816,
        "5":0.0135372759,
        "6":0.0107196771,
        "7":0.0131916444,
        "8":0.0129285081,
        "9":0.0139468746,
        "10":0.0131308141,
        "11":0.0135375216,
        "12":0.0146398946,
        "13":0.0127883332,
        "14":0.0116001805,
        "15":0.0147686634,
        "16":0.0127185618,
        "17":0.0126721856,
        "18":0.0136216359,
        "19":0.012450475,
        "20":0.0115670217,
        "21":0.012977774,
        "22":0.0143967387,
        "23":0.0129472343,
        "24":0.0130850987,
        "25":0.0115783242,
        "26":0.01260833,
        "27":0.0163279689,
        "28":0.0127284472,
        "29":0.0152558801,
        "30":0.0147235472,
        "31":0.0147358884,
        "32":0.0131553634,
        "33":0.0132418026,
        "34":0.0124011621,
        "35":0.0144615179,
        "36":0.0134560679,
        "37":0.0153342966,
        "38":0.014666206,
        "39":0.0135876222,
        "40":0.0126823096,
        "41":0.0136821746,
        "42":0.014225349,
        "43":0.0148317939,
        "44":0.0129607064,
        "45":0.012272353,
        "46":0.0127339597,
        "47":0.0126813325,
        "48":0.0125280976,
        "49":0.0154122328
    }
}