{
    "data":{
        "-30":0.3061965118,
        "-29":0.3116872447,
        "-28":0.3081114794,
        "-27":0.3113183219,
        "-26":0.3030674167,
        "-25":0.315880487,
        "-24":0.2996474613,
        "-23":0.3108910072,
        "-22":0.3056092941,
        "-21":0.3071657383,
        "-20":0.3021070672,
        "-19":0.309757908,
        "-18":0.3000967312,
        "-17":0.308614971,
        "-16":0.3040270728,
        "-15":0.3132822111,
        "-14":0.3104853015,
        "-13":0.2960424899,
        "-12":0.2954654627,
        "-11":0.3021662192,
        "-10":0.3076024553,
        "-9":0.2984612977,
        "-8":0.2945356996,
        "-7":0.2994368581,
        "-6":0.3088037151,
        "-5":0.2950012214,
        "-4":0.295216461,
        "-3":0.3049124861,
        "-2":0.2919905233,
        "-1":0.2981911829,
        "0":0.2958565557,
        "1":0.289798758,
        "2":0.308809121,
        "3":0.2949045702,
        "4":0.3030992035,
        "5":0.2987980808,
        "6":0.3034064096,
        "7":0.3013253508,
        "8":0.3041923784,
        "9":0.3022717099,
        "10":0.3036351947,
        "11":0.2966282618,
        "12":0.2993514709,
        "13":0.3029023464,
        "14":0.2929512688,
        "15":0.2922730286,
        "16":0.3082174395,
        "17":0.3007595579,
        "18":0.2959507396,
        "19":0.2944187651,
        "20":0.2892293792,
        "21":0.3002979828,
        "22":0.2938247627,
        "23":0.3006872527,
        "24":0.2911781111,
        "25":0.300201259,
        "26":0.2967925684,
        "27":0.2938079843,
        "28":0.3003721809,
        "29":0.3031633922,
        "30":0.2992401592,
        "31":0.3074664317,
        "32":0.297570376,
        "33":0.2967749932,
        "34":0.302478522,
        "35":0.3042040706,
        "36":0.3087465023,
        "37":0.3070384027,
        "38":0.3118936708,
        "39":0.3173292616,
        "40":0.3052213406,
        "41":0.314383021,
        "42":0.3172283436,
        "43":0.3154676188,
        "44":0.3232040055,
        "45":0.3075708326,
        "46":0.3152192128,
        "47":0.3054954433,
        "48":0.3114895563,
        "49":0.3163260623
    },
    "std":{
        "-30":0.0157395814,
        "-29":0.0167121547,
        "-28":0.0148527494,
        "-27":0.0162946512,
        "-26":0.0151709722,
        "-25":0.0129361812,
        "-24":0.0149618589,
        "-23":0.0142842513,
        "-22":0.0138262796,
        "-21":0.0162438921,
        "-20":0.0153623048,
        "-19":0.0114111665,
        "-18":0.0113309066,
        "-17":0.0133837832,
        "-16":0.0128682631,
        "-15":0.0151201712,
        "-14":0.0122375893,
        "-13":0.0134644439,
        "-12":0.011350467,
        "-11":0.0130356535,
        "-10":0.0117141912,
        "-9":0.0125418656,
        "-8":0.0108960066,
        "-7":0.0098936145,
        "-6":0.0113443278,
        "-5":0.0108745854,
        "-4":0.0100958923,
        "-3":0.0115020054,
        "-2":0.0093831623,
        "-1":0.0111324787,
        "0":0.0103181574,
        "1":0.0095704658,
        "2":0.0101245035,
        "3":0.0111886769,
        "4":0.0090883968,
        "5":0.008662433,
        "6":0.0084699408,
        "7":0.01201096,
        "8":0.0085411778,
        "9":0.0106752073,
        "10":0.0076610472,
        "11":0.0095655427,
        "12":0.0110724112,
        "13":0.0083099743,
        "14":0.0078664732,
        "15":0.0095130189,
        "16":0.0088430315,
        "17":0.0069066565,
        "18":0.0079588432,
        "19":0.0095932074,
        "20":0.0070877602,
        "21":0.007789151,
        "22":0.007616968,
        "23":0.0090338596,
        "24":0.0065156797,
        "25":0.0079572052,
        "26":0.0091193381,
        "27":0.0074049212,
        "28":0.0071592769,
        "29":0.0082218172,
        "30":0.0095792249,
        "31":0.0093228808,
        "32":0.0089817403,
        "33":0.0088836528,
        "34":0.0093250938,
        "35":0.0121377802,
        "36":0.0126512858,
        "37":0.0120537426,
        "38":0.0138032473,
        "39":0.0152551394,
        "40":0.0140215099,
        "41":0.0164191319,
        "42":0.0169273966,
        "43":0.0175579829,
        "44":0.0175855809,
        "45":0.0173175855,
        "46":0.0176198204,
        "47":0.0158078863,
        "48":0.0166022811,
        "49":0.016817142
    }
}