{
    "data":{
        "-30":0.1013852292,
        "-29":0.1026266158,
        "-28":0.0981337338,
        "-27":0.1057318834,
        "-26":0.1080977692,
        "-25":0.0983868006,
        "-24":0.1045455368,
        "-23":0.1005951176,
        "-22":0.1062957079,
        "-21":0.1003232899,
        "-20":0.1016836728,
        "-19":0.1066176508,
        "-18":0.1075474055,
        "-17":0.106509014,
        "-16":0.1088072969,
        "-15":0.1035940017,
        "-14":0.1112242946,
        "-13":0.1064675772,
        "-12":0.0955227496,
        "-11":0.1075859689,
        "-10":0.1021567631,
        "-9":0.1084605327,
        "-8":0.1062854477,
        "-7":0.1083373688,
        "-6":0.1043076141,
        "-5":0.107760932,
        "-4":0.1001877816,
        "-3":0.1044345017,
        "-2":0.1039784763,
        "-1":0.1068993572,
        "0":0.1037029413,
        "1":0.1111773242,
        "2":0.1079274664,
        "3":0.10162885,
        "4":0.1037782836,
        "5":0.1090599085,
        "6":0.1071655902,
        "7":0.1065698326,
        "8":0.0989503431,
        "9":0.1025679461,
        "10":0.1056880637,
        "11":0.1052122941,
        "12":0.1085232651,
        "13":0.096707478,
        "14":0.1019503127,
        "15":0.1090848803,
        "16":0.1040159426,
        "17":0.1012858043,
        "18":0.1079791961,
        "19":0.1008719949,
        "20":0.1027882592,
        "21":0.1086690998,
        "22":0.1066663669,
        "23":0.1022344123,
        "24":0.1016440336,
        "25":0.1029657746,
        "26":0.1040070848,
        "27":0.1001371605,
        "28":0.1076259947,
        "29":0.0973107993,
        "30":0.0965611628,
        "31":0.1058924461,
        "32":0.1045366462,
        "33":0.1129868403,
        "34":0.1036554445,
        "35":0.1097027327,
        "36":0.103523104,
        "37":0.1105373052,
        "38":0.1065994658,
        "39":0.1072715183,
        "40":0.1024839575,
        "41":0.1022112215,
        "42":0.1086410072,
        "43":0.1083564793,
        "44":0.1025706236,
        "45":0.1085999752,
        "46":0.1085802036,
        "47":0.1015100299,
        "48":0.0988291365,
        "49":0.0980467038
    },
    "std":{
        "-30":0.0038714585,
        "-29":0.0028331435,
        "-28":0.0034572411,
        "-27":0.0039740182,
        "-26":0.0042716822,
        "-25":0.0036794987,
        "-24":0.0033990881,
        "-23":0.004065479,
        "-22":0.0033410501,
        "-21":0.0039779237,
        "-20":0.0031323381,
        "-19":0.0026913558,
        "-18":0.0027425766,
        "-17":0.0035440761,
        "-16":0.0042091013,
        "-15":0.0031289633,
        "-14":0.0028006484,
        "-13":0.0025037726,
        "-12":0.0037334224,
        "-11":0.0031938829,
        "-10":0.0031926121,
        "-9":0.0037062712,
        "-8":0.0034691553,
        "-7":0.0035056263,
        "-6":0.0024930498,
        "-5":0.0032818761,
        "-4":0.0037644101,
        "-3":0.0031332124,
        "-2":0.0035164294,
        "-1":0.0039715206,
        "0":0.0040512141,
        "1":0.0035722067,
        "2":0.003405294,
        "3":0.003565965,
        "4":0.0032063064,
        "5":0.0029615581,
        "6":0.00331028,
        "7":0.0049081943,
        "8":0.0032063671,
        "9":0.0030163119,
        "10":0.0033809715,
        "11":0.0040885642,
        "12":0.0029796333,
        "13":0.0032125049,
        "14":0.0036165447,
        "15":0.0039885753,
        "16":0.0037661625,
        "17":0.0032387814,
        "18":0.0029931468,
        "19":0.0028208797,
        "20":0.003632654,
        "21":0.0034959241,
        "22":0.0031705444,
        "23":0.0043859589,
        "24":0.0023502064,
        "25":0.0027599739,
        "26":0.0044216398,
        "27":0.0029376139,
        "28":0.0029295225,
        "29":0.0032248518,
        "30":0.0031955133,
        "31":0.0037800335,
        "32":0.0030384866,
        "33":0.0036979107,
        "34":0.0024030504,
        "35":0.0028761953,
        "36":0.0038641917,
        "37":0.0032662018,
        "38":0.0030646822,
        "39":0.0025984115,
        "40":0.0038129274,
        "41":0.0036530838,
        "42":0.0033698385,
        "43":0.0032925441,
        "44":0.0039818322,
        "45":0.0027925586,
        "46":0.0036478937,
        "47":0.0036773385,
        "48":0.00315907,
        "49":0.0031029891
    }
}