{
    "data":{
        "-30":0.3233683496,
        "-29":0.3251361256,
        "-28":0.3286256911,
        "-27":0.3247138783,
        "-26":0.3318953136,
        "-25":0.3293496206,
        "-24":0.3256150801,
        "-23":0.3281137226,
        "-22":0.3175314362,
        "-21":0.322187082,
        "-20":0.3199121811,
        "-19":0.3266860508,
        "-18":0.3257165431,
        "-17":0.3232466934,
        "-16":0.3327339254,
        "-15":0.3276700044,
        "-14":0.3277074496,
        "-13":0.3326958253,
        "-12":0.3331152478,
        "-11":0.3322815681,
        "-10":0.3370686459,
        "-9":0.3306342688,
        "-8":0.339796266,
        "-7":0.3361862826,
        "-6":0.3417521669,
        "-5":0.3317527792,
        "-4":0.3343082136,
        "-3":0.3298349781,
        "-2":0.323115805,
        "-1":0.3225054785,
        "0":0.3303856516,
        "1":0.3349783411,
        "2":0.3213009481,
        "3":0.3379124187,
        "4":0.3293495273,
        "5":0.3251934233,
        "6":0.3413044652,
        "7":0.3335195945,
        "8":0.3341751501,
        "9":0.3355364323,
        "10":0.3298943552,
        "11":0.3301782889,
        "12":0.3272682779,
        "13":0.3277913333,
        "14":0.3364535666,
        "15":0.332099873,
        "16":0.3254826892,
        "17":0.3196425907,
        "18":0.3267212289,
        "19":0.3379496926,
        "20":0.3256426819,
        "21":0.3262666871,
        "22":0.3270812255,
        "23":0.3245257609,
        "24":0.3302440248,
        "25":0.3325513612,
        "26":0.3279478878,
        "27":0.3267168959,
        "28":0.324619303,
        "29":0.3238074914,
        "30":0.3340045663,
        "31":0.3210263958,
        "32":0.324744468,
        "33":0.3320595674,
        "34":0.3294096644,
        "35":0.327489712,
        "36":0.3182775706,
        "37":0.3317522216,
        "38":0.3283681244,
        "39":0.3366337939,
        "40":0.329224321,
        "41":0.3265291394,
        "42":0.3396354375,
        "43":0.3231200499,
        "44":0.3276189265,
        "45":0.3174325502,
        "46":0.3169615531,
        "47":0.3204841874,
        "48":0.3232526045,
        "49":0.3286646394
    },
    "std":{
        "-30":0.0239541713,
        "-29":0.0248488276,
        "-28":0.0255838152,
        "-27":0.0265163928,
        "-26":0.0243083272,
        "-25":0.0231056204,
        "-24":0.0261041485,
        "-23":0.0247830308,
        "-22":0.0248983106,
        "-21":0.0253481661,
        "-20":0.0226319079,
        "-19":0.0254979012,
        "-18":0.0256321384,
        "-17":0.024701852,
        "-16":0.0254129348,
        "-15":0.0236855354,
        "-14":0.0252123032,
        "-13":0.0255225456,
        "-12":0.0245575376,
        "-11":0.0246683194,
        "-10":0.0233362852,
        "-9":0.0230544035,
        "-8":0.0232637419,
        "-7":0.0248785508,
        "-6":0.0248889367,
        "-5":0.0237644853,
        "-4":0.0252546371,
        "-3":0.0252763157,
        "-2":0.0218116699,
        "-1":0.0235858373,
        "0":0.0247772135,
        "1":0.0250478507,
        "2":0.0224467755,
        "3":0.0253385151,
        "4":0.0254631428,
        "5":0.0268062011,
        "6":0.0252122603,
        "7":0.0233334009,
        "8":0.0257828856,
        "9":0.0255158715,
        "10":0.0245723033,
        "11":0.0233930871,
        "12":0.0230962837,
        "13":0.0247010449,
        "14":0.0247420451,
        "15":0.0246360824,
        "16":0.0247719435,
        "17":0.0217966198,
        "18":0.0265127377,
        "19":0.0251328932,
        "20":0.0246533303,
        "21":0.0242197752,
        "22":0.0243218822,
        "23":0.0243730804,
        "24":0.0260270456,
        "25":0.0248623079,
        "26":0.0242252394,
        "27":0.0239292896,
        "28":0.0259305075,
        "29":0.025296368,
        "30":0.0255097515,
        "31":0.0249488959,
        "32":0.0243791216,
        "33":0.0266674178,
        "34":0.0253747719,
        "35":0.0226244241,
        "36":0.0257246631,
        "37":0.0232377605,
        "38":0.0279177043,
        "39":0.0280593071,
        "40":0.0246085979,
        "41":0.0261284175,
        "42":0.0250276812,
        "43":0.0250602379,
        "44":0.025534623,
        "45":0.0237305845,
        "46":0.0260339775,
        "47":0.0238859453,
        "48":0.0243659492,
        "49":0.0244308903
    }
}