{
    "data":{
        "-30":0.1537237922,
        "-29":0.1598301765,
        "-28":0.1478446387,
        "-27":0.1564966942,
        "-26":0.1543823085,
        "-25":0.1534658261,
        "-24":0.1571038676,
        "-23":0.149338818,
        "-22":0.1556609927,
        "-21":0.1512212281,
        "-20":0.1528148601,
        "-19":0.161556283,
        "-18":0.1562812669,
        "-17":0.1609240689,
        "-16":0.1540889454,
        "-15":0.1534195338,
        "-14":0.1534877458,
        "-13":0.1565469881,
        "-12":0.1573955352,
        "-11":0.1584136882,
        "-10":0.155580433,
        "-9":0.154976793,
        "-8":0.1514234391,
        "-7":0.1569406048,
        "-6":0.1584109827,
        "-5":0.1532187708,
        "-4":0.1567486191,
        "-3":0.1601119112,
        "-2":0.1600310566,
        "-1":0.1537629664,
        "0":0.1547013794,
        "1":0.1565393166,
        "2":0.1562745443,
        "3":0.1527130864,
        "4":0.1529721838,
        "5":0.150827001,
        "6":0.1603690158,
        "7":0.1556774407,
        "8":0.15595958,
        "9":0.1574585084,
        "10":0.1516802432,
        "11":0.1560060446,
        "12":0.1602628658,
        "13":0.150595664,
        "14":0.1580741043,
        "15":0.1587837653,
        "16":0.1593104014,
        "17":0.1593746881,
        "18":0.1616338357,
        "19":0.1587685616,
        "20":0.1517324462,
        "21":0.1528327244,
        "22":0.1553456898,
        "23":0.1612174777,
        "24":0.1524050152,
        "25":0.1564455868,
        "26":0.148074553,
        "27":0.1572762488,
        "28":0.1545927719,
        "29":0.147957403,
        "30":0.1485769607,
        "31":0.1494266322,
        "32":0.1549511969,
        "33":0.149086604,
        "34":0.1507716829,
        "35":0.1559968216,
        "36":0.1590219654,
        "37":0.1565676768,
        "38":0.1533236578,
        "39":0.1486485759,
        "40":0.1564680806,
        "41":0.1529287429,
        "42":0.1510596729,
        "43":0.1544816646,
        "44":0.1570807945,
        "45":0.1555620915,
        "46":0.1533947099,
        "47":0.1573386563,
        "48":0.1600671867,
        "49":0.1509561529
    },
    "std":{
        "-30":0.0031793711,
        "-29":0.0039312075,
        "-28":0.0036084917,
        "-27":0.0037342195,
        "-26":0.0034529532,
        "-25":0.0043305655,
        "-24":0.0036110991,
        "-23":0.0035941199,
        "-22":0.004864112,
        "-21":0.0045560613,
        "-20":0.0049800738,
        "-19":0.0035401971,
        "-18":0.0041493486,
        "-17":0.0049602725,
        "-16":0.0031963707,
        "-15":0.0037324916,
        "-14":0.0034713883,
        "-13":0.0046578311,
        "-12":0.0040637988,
        "-11":0.0041505579,
        "-10":0.0038153983,
        "-9":0.0031961776,
        "-8":0.0042086322,
        "-7":0.0039039059,
        "-6":0.0049427748,
        "-5":0.0034298212,
        "-4":0.0038151044,
        "-3":0.004358683,
        "-2":0.0040806091,
        "-1":0.0042311018,
        "0":0.0044292834,
        "1":0.0044337648,
        "2":0.004765967,
        "3":0.0037237818,
        "4":0.0044252701,
        "5":0.003260502,
        "6":0.0034504343,
        "7":0.0044047689,
        "8":0.0052182295,
        "9":0.0028878974,
        "10":0.0029659781,
        "11":0.0028694256,
        "12":0.0039607024,
        "13":0.0036153947,
        "14":0.0041158097,
        "15":0.0024312435,
        "16":0.0035711111,
        "17":0.0047201623,
        "18":0.0034061853,
        "19":0.0034866932,
        "20":0.003850435,
        "21":0.0039003015,
        "22":0.0037205622,
        "23":0.004280445,
        "24":0.0043516702,
        "25":0.004263468,
        "26":0.0035864574,
        "27":0.0047097792,
        "28":0.0032870659,
        "29":0.0030880825,
        "30":0.0033769346,
        "31":0.0030192933,
        "32":0.0034042183,
        "33":0.0037637371,
        "34":0.0028446735,
        "35":0.0025781636,
        "36":0.0038990185,
        "37":0.0036366175,
        "38":0.0034445588,
        "39":0.00391076,
        "40":0.0043683442,
        "41":0.004505803,
        "42":0.0036586001,
        "43":0.0040017408,
        "44":0.0036372293,
        "45":0.0037303941,
        "46":0.0028426405,
        "47":0.0040361012,
        "48":0.0034715461,
        "49":0.0038052458
    }
}