{
    "data":{
        "-30":0.2272357539,
        "-29":0.2310867616,
        "-28":0.2299605211,
        "-27":0.2230992729,
        "-26":0.2271555583,
        "-25":0.2318959969,
        "-24":0.2310488485,
        "-23":0.2265171718,
        "-22":0.2237220367,
        "-21":0.2231288862,
        "-20":0.2223444336,
        "-19":0.2244483911,
        "-18":0.2162921577,
        "-17":0.2227873221,
        "-16":0.2247754239,
        "-15":0.2268361319,
        "-14":0.2193839569,
        "-13":0.220646334,
        "-12":0.231028572,
        "-11":0.2255075528,
        "-10":0.2286762058,
        "-9":0.2195810658,
        "-8":0.2219034368,
        "-7":0.2263092115,
        "-6":0.2272851544,
        "-5":0.2266790717,
        "-4":0.2241118394,
        "-3":0.2262056463,
        "-2":0.2195326945,
        "-1":0.2255375062,
        "0":0.2323156655,
        "1":0.2245114998,
        "2":0.2265834279,
        "3":0.2231285404,
        "4":0.2184994335,
        "5":0.2268706924,
        "6":0.2285544921,
        "7":0.2256193851,
        "8":0.2209779369,
        "9":0.2189783584,
        "10":0.2247920397,
        "11":0.2222076715,
        "12":0.2230290123,
        "13":0.2201442768,
        "14":0.2248118253,
        "15":0.2204040696,
        "16":0.2241880717,
        "17":0.2293825525,
        "18":0.2194913749,
        "19":0.2282836012,
        "20":0.2275754557,
        "21":0.2189709302,
        "22":0.2208127482,
        "23":0.2209437259,
        "24":0.2212392837,
        "25":0.2214070543,
        "26":0.2255859218,
        "27":0.222923102,
        "28":0.2187719273,
        "29":0.214699217,
        "30":0.2232837992,
        "31":0.2206938855,
        "32":0.2192546402,
        "33":0.222702241,
        "34":0.2260517603,
        "35":0.2205048252,
        "36":0.2197523916,
        "37":0.2239538024,
        "38":0.2258392599,
        "39":0.2301025832,
        "40":0.2238074272,
        "41":0.2163396019,
        "42":0.228111656,
        "43":0.2271572618,
        "44":0.2246744044,
        "45":0.2252769856,
        "46":0.2332658189,
        "47":0.2257033415,
        "48":0.2307222251,
        "49":0.2257828236
    },
    "std":{
        "-30":0.006188628,
        "-29":0.0038834049,
        "-28":0.0056966995,
        "-27":0.0051015163,
        "-26":0.005606713,
        "-25":0.0056730585,
        "-24":0.0050312835,
        "-23":0.0058255419,
        "-22":0.0057415406,
        "-21":0.0052376278,
        "-20":0.0053747078,
        "-19":0.0062270482,
        "-18":0.0060898557,
        "-17":0.006017166,
        "-16":0.0051344046,
        "-15":0.0049335371,
        "-14":0.0060815437,
        "-13":0.0052903849,
        "-12":0.0045929435,
        "-11":0.0048530738,
        "-10":0.0053195832,
        "-9":0.0038138136,
        "-8":0.0042082998,
        "-7":0.0058571877,
        "-6":0.0041759122,
        "-5":0.0040476145,
        "-4":0.0045352402,
        "-3":0.0050455007,
        "-2":0.0040704672,
        "-1":0.0046245296,
        "0":0.0047672241,
        "1":0.0050601485,
        "2":0.0056087058,
        "3":0.0051578742,
        "4":0.0047213314,
        "5":0.0047171788,
        "6":0.0053881973,
        "7":0.0059533265,
        "8":0.0047697745,
        "9":0.0048168554,
        "10":0.004066612,
        "11":0.00501107,
        "12":0.005024362,
        "13":0.0049336645,
        "14":0.0046610492,
        "15":0.0033099071,
        "16":0.0054428102,
        "17":0.0044654331,
        "18":0.0043910667,
        "19":0.0038155984,
        "20":0.0049887519,
        "21":0.0061045574,
        "22":0.0049709582,
        "23":0.0050624069,
        "24":0.0046771663,
        "25":0.0041198514,
        "26":0.0044814935,
        "27":0.0033693668,
        "28":0.0043231802,
        "29":0.0049604309,
        "30":0.0054943693,
        "31":0.0044194831,
        "32":0.0059237236,
        "33":0.0051858226,
        "34":0.005401453,
        "35":0.0049942514,
        "36":0.0039052374,
        "37":0.0052553301,
        "38":0.0038732541,
        "39":0.0032949758,
        "40":0.0054971802,
        "41":0.0055275889,
        "42":0.0047395678,
        "43":0.0044638131,
        "44":0.0044197071,
        "45":0.0054851769,
        "46":0.0052520513,
        "47":0.0053800217,
        "48":0.0050665157,
        "49":0.0044986859
    }
}