{
    "data":{
        "-30":0.2118795841,
        "-29":0.2124374265,
        "-28":0.2088974749,
        "-27":0.2110575822,
        "-26":0.2121219208,
        "-25":0.210735185,
        "-24":0.2177494235,
        "-23":0.2094896125,
        "-22":0.2169298787,
        "-21":0.2097567523,
        "-20":0.2106963569,
        "-19":0.2114944352,
        "-18":0.2150457635,
        "-17":0.2178869824,
        "-16":0.2086695966,
        "-15":0.217628211,
        "-14":0.2078282532,
        "-13":0.2135081127,
        "-12":0.2115950703,
        "-11":0.2048220943,
        "-10":0.2138969069,
        "-9":0.2180717189,
        "-8":0.2048379066,
        "-7":0.2051983621,
        "-6":0.2166547528,
        "-5":0.2115639002,
        "-4":0.2080371882,
        "-3":0.2104757207,
        "-2":0.2131212913,
        "-1":0.2148934219,
        "0":0.2180161501,
        "1":0.213862331,
        "2":0.2201799804,
        "3":0.2199941088,
        "4":0.2110982803,
        "5":0.2138513778,
        "6":0.2178044286,
        "7":0.2124606587,
        "8":0.2064667793,
        "9":0.2122679614,
        "10":0.2099545582,
        "11":0.2062860554,
        "12":0.2139390159,
        "13":0.2199328287,
        "14":0.2069208388,
        "15":0.2099320617,
        "16":0.2061044154,
        "17":0.2065731305,
        "18":0.2179846728,
        "19":0.2081432294,
        "20":0.2127328667,
        "21":0.2132327258,
        "22":0.2145015288,
        "23":0.2020155195,
        "24":0.2058726127,
        "25":0.2150006314,
        "26":0.2083974874,
        "27":0.2215708676,
        "28":0.2143155087,
        "29":0.2103651385,
        "30":0.2059980777,
        "31":0.2050993442,
        "32":0.2154391188,
        "33":0.2047380579,
        "34":0.20952171,
        "35":0.2014864526,
        "36":0.219031031,
        "37":0.2077854673,
        "38":0.2000051919,
        "39":0.2097394251,
        "40":0.207095285,
        "41":0.2090389288,
        "42":0.2095806451,
        "43":0.2034956496,
        "44":0.2033633199,
        "45":0.2188843908,
        "46":0.2149102427,
        "47":0.2099300242,
        "48":0.2071090083,
        "49":0.2005066571
    },
    "std":{
        "-30":0.0122615656,
        "-29":0.0123085048,
        "-28":0.0141218475,
        "-27":0.0108516006,
        "-26":0.0117628325,
        "-25":0.0101680482,
        "-24":0.0110219847,
        "-23":0.0105618955,
        "-22":0.0123814671,
        "-21":0.0124599686,
        "-20":0.0104282233,
        "-19":0.0098444842,
        "-18":0.0115359853,
        "-17":0.0101587891,
        "-16":0.0116751879,
        "-15":0.0092728797,
        "-14":0.0122343513,
        "-13":0.0122931627,
        "-12":0.012036267,
        "-11":0.0093880573,
        "-10":0.0097781482,
        "-9":0.0088598969,
        "-8":0.0099704269,
        "-7":0.0104214806,
        "-6":0.0118596632,
        "-5":0.0139515539,
        "-4":0.0125544993,
        "-3":0.0096497134,
        "-2":0.0128699573,
        "-1":0.0121241087,
        "0":0.013700387,
        "1":0.0117089134,
        "2":0.0119123935,
        "3":0.0124871128,
        "4":0.0111464329,
        "5":0.0133926376,
        "6":0.0131440312,
        "7":0.0103010571,
        "8":0.0117309918,
        "9":0.0127595267,
        "10":0.0140142139,
        "11":0.0113636548,
        "12":0.0128311853,
        "13":0.0114082677,
        "14":0.0116242109,
        "15":0.0113372466,
        "16":0.0119461074,
        "17":0.0106178253,
        "18":0.0093361728,
        "19":0.0123928315,
        "20":0.0139273965,
        "21":0.0122149706,
        "22":0.0112637027,
        "23":0.0108051574,
        "24":0.0129008865,
        "25":0.0128971909,
        "26":0.0118153193,
        "27":0.0133849593,
        "28":0.0115339243,
        "29":0.010995836,
        "30":0.0108829664,
        "31":0.0118779193,
        "32":0.0127682599,
        "33":0.011259499,
        "34":0.0144918062,
        "35":0.0107964678,
        "36":0.0119075837,
        "37":0.0120858969,
        "38":0.0113292497,
        "39":0.0117366869,
        "40":0.0113172233,
        "41":0.0110576597,
        "42":0.0104316982,
        "43":0.0110158767,
        "44":0.0107603186,
        "45":0.0128300444,
        "46":0.0135162321,
        "47":0.0124360627,
        "48":0.0118142345,
        "49":0.0124844639
    }
}