{
    "data":{
        "-30":0.6228601537,
        "-29":0.6253870056,
        "-28":0.6257460972,
        "-27":0.6228256318,
        "-26":0.6251782881,
        "-25":0.630291007,
        "-24":0.6342466042,
        "-23":0.6227913182,
        "-22":0.6282097049,
        "-21":0.6249831391,
        "-20":0.6250381689,
        "-19":0.6358519696,
        "-18":0.6338219889,
        "-17":0.6291850331,
        "-16":0.633628436,
        "-15":0.629659518,
        "-14":0.6309669429,
        "-13":0.622743654,
        "-12":0.6313264708,
        "-11":0.625173947,
        "-10":0.6307564863,
        "-9":0.6284672993,
        "-8":0.625044733,
        "-7":0.6239419071,
        "-6":0.6226175437,
        "-5":0.6274116274,
        "-4":0.6219553499,
        "-3":0.6283428461,
        "-2":0.6246630904,
        "-1":0.6289062376,
        "0":0.6284547244,
        "1":0.6288020297,
        "2":0.622681002,
        "3":0.6339911986,
        "4":0.6313672413,
        "5":0.6245964514,
        "6":0.6312372223,
        "7":0.6326526811,
        "8":0.6247748006,
        "9":0.6343041917,
        "10":0.6361599927,
        "11":0.6275065368,
        "12":0.6258394913,
        "13":0.6312921497,
        "14":0.6257778262,
        "15":0.6301817485,
        "16":0.634357711,
        "17":0.6272483056,
        "18":0.6362096438,
        "19":0.6288345953,
        "20":0.6336837103,
        "21":0.6311627839,
        "22":0.6392661972,
        "23":0.6329653717,
        "24":0.6235150006,
        "25":0.6312263577,
        "26":0.6383256027,
        "27":0.6379478469,
        "28":0.6284788303,
        "29":0.6345936438,
        "30":0.636223246,
        "31":0.6321388554,
        "32":0.6324248659,
        "33":0.6243412946,
        "34":0.6369835527,
        "35":0.6401977672,
        "36":0.6395525788,
        "37":0.6388786738,
        "38":0.6391455438,
        "39":0.6398225626,
        "40":0.6366208566,
        "41":0.6409836639,
        "42":0.6356027269,
        "43":0.6342417754,
        "44":0.6403371437,
        "45":0.6373532768,
        "46":0.6343029351,
        "47":0.638939966,
        "48":0.6411841004,
        "49":0.6444167744
    },
    "std":{
        "-30":0.0498926363,
        "-29":0.0489873432,
        "-28":0.0490676539,
        "-27":0.0500953768,
        "-26":0.0487196382,
        "-25":0.0490569817,
        "-24":0.0485325813,
        "-23":0.0492162067,
        "-22":0.048240403,
        "-21":0.0495933713,
        "-20":0.0502242208,
        "-19":0.0479011607,
        "-18":0.0484312635,
        "-17":0.0500377274,
        "-16":0.0484273919,
        "-15":0.0489320641,
        "-14":0.0494333015,
        "-13":0.0485865519,
        "-12":0.0487556068,
        "-11":0.0496515816,
        "-10":0.048587002,
        "-9":0.0503199349,
        "-8":0.0497884838,
        "-7":0.0498274996,
        "-6":0.0496694674,
        "-5":0.0497063576,
        "-4":0.0509300052,
        "-3":0.0501800517,
        "-2":0.0507653582,
        "-1":0.048836908,
        "0":0.0492309342,
        "1":0.0493014135,
        "2":0.0502042382,
        "3":0.0485217648,
        "4":0.0479075678,
        "5":0.048186159,
        "6":0.0480652232,
        "7":0.0484687256,
        "8":0.0491567792,
        "9":0.0481149209,
        "10":0.047743269,
        "11":0.0485509296,
        "12":0.0503047638,
        "13":0.048934671,
        "14":0.0494002204,
        "15":0.0487539267,
        "16":0.0478560996,
        "17":0.0494306621,
        "18":0.0476472481,
        "19":0.0496273645,
        "20":0.0481388301,
        "21":0.0481942878,
        "22":0.0476114001,
        "23":0.0486560737,
        "24":0.0496895408,
        "25":0.049185618,
        "26":0.0484765994,
        "27":0.0473935088,
        "28":0.0497487675,
        "29":0.0484286316,
        "30":0.0485140597,
        "31":0.0488034216,
        "32":0.0494704155,
        "33":0.0496029964,
        "34":0.0480386023,
        "35":0.0491339208,
        "36":0.0477556093,
        "37":0.048854487,
        "38":0.0480731174,
        "39":0.0481801395,
        "40":0.0491966355,
        "41":0.0482355225,
        "42":0.048846738,
        "43":0.0504102737,
        "44":0.0484651096,
        "45":0.0506079717,
        "46":0.0503521193,
        "47":0.0504953043,
        "48":0.0497827621,
        "49":0.0486818703
    }
}