{
    "data":{
        "-30":0.0964255656,
        "-29":0.0948252993,
        "-28":0.0993809938,
        "-27":0.0955829505,
        "-26":0.0946919936,
        "-25":0.1003301833,
        "-24":0.0956151154,
        "-23":0.0964934775,
        "-22":0.0923070703,
        "-21":0.0967755876,
        "-20":0.0914513583,
        "-19":0.0917780085,
        "-18":0.097499875,
        "-17":0.0953027856,
        "-16":0.0969936488,
        "-15":0.10100953,
        "-14":0.0969194788,
        "-13":0.0996703617,
        "-12":0.0979062259,
        "-11":0.0984061706,
        "-10":0.0972744182,
        "-9":0.0985108567,
        "-8":0.095213413,
        "-7":0.1014773818,
        "-6":0.0975536467,
        "-5":0.0947213174,
        "-4":0.090348836,
        "-3":0.1018807329,
        "-2":0.0967766873,
        "-1":0.0939379257,
        "0":0.1041191126,
        "1":0.095833988,
        "2":0.0936015218,
        "3":0.0952903478,
        "4":0.0938955037,
        "5":0.0919893126,
        "6":0.0993408678,
        "7":0.0923620571,
        "8":0.0980636556,
        "9":0.095546673,
        "10":0.1016231235,
        "11":0.0907517316,
        "12":0.0965189545,
        "13":0.0975704091,
        "14":0.0944828813,
        "15":0.0987303707,
        "16":0.0957266863,
        "17":0.0971072885,
        "18":0.1000037604,
        "19":0.0978595548,
        "20":0.1018484246,
        "21":0.0956230291,
        "22":0.0979947699,
        "23":0.0990503261,
        "24":0.0951146764,
        "25":0.0932321651,
        "26":0.1005952978,
        "27":0.0979378119,
        "28":0.0983773338,
        "29":0.0940265622,
        "30":0.0973445365,
        "31":0.0994161055,
        "32":0.0966980036,
        "33":0.094579541,
        "34":0.0938210557,
        "35":0.0938641947,
        "36":0.0989505424,
        "37":0.0925047964,
        "38":0.0967215077,
        "39":0.0981014305,
        "40":0.0890256342,
        "41":0.0966152427,
        "42":0.0984930342,
        "43":0.0959919614,
        "44":0.0967933569,
        "45":0.1011775113,
        "46":0.0962526427,
        "47":0.0955435489,
        "48":0.0945791763,
        "49":0.0970690589
    },
    "std":{
        "-30":0.00224452,
        "-29":0.0029584881,
        "-28":0.0027111631,
        "-27":0.0036414146,
        "-26":0.002665353,
        "-25":0.003068562,
        "-24":0.0034850526,
        "-23":0.0027983286,
        "-22":0.0035605598,
        "-21":0.0033523292,
        "-20":0.0028381403,
        "-19":0.0034292047,
        "-18":0.0024459769,
        "-17":0.0028446409,
        "-16":0.0031303674,
        "-15":0.0032506746,
        "-14":0.003554941,
        "-13":0.0033576398,
        "-12":0.0027033334,
        "-11":0.0031962272,
        "-10":0.0025476936,
        "-9":0.003102362,
        "-8":0.0029723598,
        "-7":0.0029479503,
        "-6":0.0022328489,
        "-5":0.0036010288,
        "-4":0.0020844491,
        "-3":0.003124843,
        "-2":0.0035746098,
        "-1":0.00318069,
        "0":0.0029274438,
        "1":0.0024678815,
        "2":0.002681035,
        "3":0.0020360142,
        "4":0.0028900385,
        "5":0.0026977358,
        "6":0.0030607672,
        "7":0.0025074349,
        "8":0.0026421932,
        "9":0.0030044759,
        "10":0.0027893832,
        "11":0.0026296459,
        "12":0.0023818526,
        "13":0.0031348931,
        "14":0.0028552811,
        "15":0.0031557036,
        "16":0.0031144941,
        "17":0.0032765504,
        "18":0.0036316775,
        "19":0.0022771044,
        "20":0.0018684377,
        "21":0.0030231192,
        "22":0.0032747948,
        "23":0.0032744737,
        "24":0.0024116108,
        "25":0.0027141382,
        "26":0.0034761507,
        "27":0.0023835618,
        "28":0.0026883222,
        "29":0.0027223023,
        "30":0.0024907716,
        "31":0.0030295611,
        "32":0.003276976,
        "33":0.0025797467,
        "34":0.002381118,
        "35":0.0026959977,
        "36":0.0026920744,
        "37":0.0025321735,
        "38":0.0038600971,
        "39":0.0035854338,
        "40":0.002911857,
        "41":0.0024997682,
        "42":0.0022090035,
        "43":0.002383837,
        "44":0.0031322817,
        "45":0.0027703646,
        "46":0.0027674294,
        "47":0.0025908521,
        "48":0.0027453821,
        "49":0.0029793538
    }
}