{
    "data":{
        "-30":0.2262233706,
        "-29":0.2315828665,
        "-28":0.2257618209,
        "-27":0.2292061841,
        "-26":0.2205620425,
        "-25":0.2184517343,
        "-24":0.227201988,
        "-23":0.2237253336,
        "-22":0.2258274267,
        "-21":0.2247807415,
        "-20":0.2273799047,
        "-19":0.2254784075,
        "-18":0.2283089477,
        "-17":0.2278275072,
        "-16":0.2279240259,
        "-15":0.2262031356,
        "-14":0.2262693678,
        "-13":0.2181099403,
        "-12":0.2210294556,
        "-11":0.2219238886,
        "-10":0.2302698147,
        "-9":0.2282447285,
        "-8":0.2290665899,
        "-7":0.2231382926,
        "-6":0.2241514743,
        "-5":0.2209412513,
        "-4":0.2280576343,
        "-3":0.225418366,
        "-2":0.2264089264,
        "-1":0.2212484037,
        "0":0.224918449,
        "1":0.2244122484,
        "2":0.2275862332,
        "3":0.2180895806,
        "4":0.2310898601,
        "5":0.2233151184,
        "6":0.2250362858,
        "7":0.2244222066,
        "8":0.2265522821,
        "9":0.2216295147,
        "10":0.2204198838,
        "11":0.221577533,
        "12":0.2200713869,
        "13":0.2172227343,
        "14":0.2240982091,
        "15":0.2193474907,
        "16":0.2169985017,
        "17":0.2190560407,
        "18":0.2293861193,
        "19":0.2260651482,
        "20":0.2243606704,
        "21":0.2225392307,
        "22":0.2197930546,
        "23":0.2237425231,
        "24":0.2245644838,
        "25":0.214036468,
        "26":0.219426387,
        "27":0.2212389393,
        "28":0.2228450351,
        "29":0.2235015511,
        "30":0.2175134916,
        "31":0.2216161104,
        "32":0.2297341554,
        "33":0.2192416498,
        "34":0.2262705914,
        "35":0.2177103996,
        "36":0.2277017566,
        "37":0.2247088591,
        "38":0.2215732279,
        "39":0.2232342248,
        "40":0.2232597013,
        "41":0.2297309562,
        "42":0.221588528,
        "43":0.2190708244,
        "44":0.222648695,
        "45":0.2218320854,
        "46":0.2236977571,
        "47":0.222847714,
        "48":0.2214766537,
        "49":0.2186197119
    },
    "std":{
        "-30":0.0105354312,
        "-29":0.0113750685,
        "-28":0.0105638058,
        "-27":0.0100631669,
        "-26":0.0091075775,
        "-25":0.0089470068,
        "-24":0.009359534,
        "-23":0.0084779578,
        "-22":0.0097233188,
        "-21":0.0091054462,
        "-20":0.0095931477,
        "-19":0.0087525098,
        "-18":0.0100681149,
        "-17":0.010437488,
        "-16":0.0099952794,
        "-15":0.0095316006,
        "-14":0.0090859231,
        "-13":0.0084429838,
        "-12":0.011101909,
        "-11":0.0084465741,
        "-10":0.0109464823,
        "-9":0.0099502786,
        "-8":0.0102629187,
        "-7":0.0105213755,
        "-6":0.0097979328,
        "-5":0.0097102121,
        "-4":0.007615101,
        "-3":0.0082733871,
        "-2":0.0109419866,
        "-1":0.0121130407,
        "0":0.009109764,
        "1":0.0094375062,
        "2":0.0094096503,
        "3":0.0095456531,
        "4":0.0104749925,
        "5":0.0112296172,
        "6":0.009602024,
        "7":0.0083473549,
        "8":0.0090045412,
        "9":0.0090229759,
        "10":0.0094496099,
        "11":0.0093707958,
        "12":0.0089723219,
        "13":0.0092894263,
        "14":0.0090159224,
        "15":0.0094455652,
        "16":0.009005066,
        "17":0.0095720314,
        "18":0.0095247146,
        "19":0.0095293592,
        "20":0.008750708,
        "21":0.0107717281,
        "22":0.0095500342,
        "23":0.0111991717,
        "24":0.0091970339,
        "25":0.0092387131,
        "26":0.0100151618,
        "27":0.0101063898,
        "28":0.010175503,
        "29":0.0107081538,
        "30":0.0083741113,
        "31":0.0097145911,
        "32":0.0123249699,
        "33":0.0098435933,
        "34":0.0092665869,
        "35":0.0082248268,
        "36":0.0098386292,
        "37":0.0102459203,
        "38":0.0093667579,
        "39":0.0089061104,
        "40":0.008756984,
        "41":0.0100759791,
        "42":0.0079648911,
        "43":0.0082235522,
        "44":0.0082899054,
        "45":0.0099606814,
        "46":0.007933101,
        "47":0.0097890789,
        "48":0.0095839916,
        "49":0.0101255674
    }
}