{
    "data":{
        "-30":0.1855755722,
        "-29":0.185660131,
        "-28":0.1900858855,
        "-27":0.1862064931,
        "-26":0.1921891077,
        "-25":0.1946373328,
        "-24":0.1837218335,
        "-23":0.1903226955,
        "-22":0.1899510679,
        "-21":0.1882571596,
        "-20":0.1863935397,
        "-19":0.1863548865,
        "-18":0.193759585,
        "-17":0.1802537619,
        "-16":0.1772029084,
        "-15":0.1850418677,
        "-14":0.186861495,
        "-13":0.1881236872,
        "-12":0.1839553978,
        "-11":0.1862520587,
        "-10":0.1859935074,
        "-9":0.1876228686,
        "-8":0.1838861156,
        "-7":0.1836169006,
        "-6":0.1896252505,
        "-5":0.1899476438,
        "-4":0.1867347787,
        "-3":0.1859704307,
        "-2":0.1906085592,
        "-1":0.1795962289,
        "0":0.1882599873,
        "1":0.1861793775,
        "2":0.1833072896,
        "3":0.1884369299,
        "4":0.1830735499,
        "5":0.1858806252,
        "6":0.1795328095,
        "7":0.1749926372,
        "8":0.1837207018,
        "9":0.1803741692,
        "10":0.1811491484,
        "11":0.184273174,
        "12":0.173539504,
        "13":0.1790905938,
        "14":0.1771199824,
        "15":0.1861755731,
        "16":0.1788544013,
        "17":0.1747924169,
        "18":0.1873244188,
        "19":0.1842342913,
        "20":0.180405291,
        "21":0.1780406549,
        "22":0.1760737775,
        "23":0.1674113675,
        "24":0.1785961837,
        "25":0.1811837644,
        "26":0.1798227385,
        "27":0.1860634613,
        "28":0.1754834982,
        "29":0.171399915,
        "30":0.171827818,
        "31":0.1807218412,
        "32":0.1731642115,
        "33":0.1822579722,
        "34":0.1858289539,
        "35":0.1800260156,
        "36":0.1795481979,
        "37":0.1790552573,
        "38":0.1868119247,
        "39":0.1813984498,
        "40":0.1827144299,
        "41":0.1854375925,
        "42":0.1784419028,
        "43":0.192649418,
        "44":0.182626745,
        "45":0.1884499336,
        "46":0.182268619,
        "47":0.1793909543,
        "48":0.190392636,
        "49":0.1832755501
    },
    "std":{
        "-30":0.0113619496,
        "-29":0.0089354374,
        "-28":0.0100040298,
        "-27":0.0109049968,
        "-26":0.0085863428,
        "-25":0.0101432119,
        "-24":0.0108948172,
        "-23":0.0110609684,
        "-22":0.0103870367,
        "-21":0.0114798462,
        "-20":0.0121946993,
        "-19":0.0113900787,
        "-18":0.0112052606,
        "-17":0.0090316939,
        "-16":0.0104967541,
        "-15":0.0078955078,
        "-14":0.0091530084,
        "-13":0.0081889952,
        "-12":0.0111624448,
        "-11":0.0111572543,
        "-10":0.0099083242,
        "-9":0.0111458895,
        "-8":0.0087382888,
        "-7":0.0096130429,
        "-6":0.0118066786,
        "-5":0.0093762652,
        "-4":0.0102087895,
        "-3":0.0105745384,
        "-2":0.0092964353,
        "-1":0.0069008451,
        "0":0.0113237596,
        "1":0.0085032925,
        "2":0.0110345361,
        "3":0.0093957442,
        "4":0.0082246456,
        "5":0.0107410337,
        "6":0.0081779268,
        "7":0.0089680885,
        "8":0.0081928272,
        "9":0.0073163956,
        "10":0.008125069,
        "11":0.0088755974,
        "12":0.0096878798,
        "13":0.0079491515,
        "14":0.0059173544,
        "15":0.0078476844,
        "16":0.0060591175,
        "17":0.0062702871,
        "18":0.006013671,
        "19":0.0088660688,
        "20":0.0076880664,
        "21":0.0063017988,
        "22":0.0061606852,
        "23":0.0047355669,
        "24":0.0070105538,
        "25":0.0063283205,
        "26":0.0054672182,
        "27":0.0069054159,
        "28":0.0058422056,
        "29":0.0055173318,
        "30":0.0058703517,
        "31":0.0064354633,
        "32":0.0051388959,
        "33":0.0055469379,
        "34":0.0057320137,
        "35":0.0065882181,
        "36":0.0045169321,
        "37":0.0068348259,
        "38":0.0082162572,
        "39":0.0082104615,
        "40":0.005323673,
        "41":0.0072673908,
        "42":0.0083326753,
        "43":0.010463721,
        "44":0.0070613896,
        "45":0.0062069849,
        "46":0.0073992149,
        "47":0.0067358521,
        "48":0.0108723229,
        "49":0.0097427616
    }
}