{
    "data":{
        "-30":0.1522160478,
        "-29":0.1535092611,
        "-28":0.1550089284,
        "-27":0.1551363453,
        "-26":0.1596000006,
        "-25":0.1571573117,
        "-24":0.1571099511,
        "-23":0.1602707615,
        "-22":0.1526350952,
        "-21":0.1478545898,
        "-20":0.1565458287,
        "-19":0.1582230245,
        "-18":0.1536092798,
        "-17":0.154798278,
        "-16":0.1575842936,
        "-15":0.1506599769,
        "-14":0.1619488737,
        "-13":0.1573897414,
        "-12":0.1540020099,
        "-11":0.1551580184,
        "-10":0.1555807634,
        "-9":0.1545110214,
        "-8":0.1558703519,
        "-7":0.1579492735,
        "-6":0.1642091715,
        "-5":0.1599484529,
        "-4":0.1530378957,
        "-3":0.1544127373,
        "-2":0.146034142,
        "-1":0.1561321388,
        "0":0.1591370751,
        "1":0.1571396256,
        "2":0.1537538352,
        "3":0.1538197617,
        "4":0.1560078968,
        "5":0.1573855255,
        "6":0.1604176326,
        "7":0.159286584,
        "8":0.1540037527,
        "9":0.1474958279,
        "10":0.1571734343,
        "11":0.1530988141,
        "12":0.15271669,
        "13":0.1591882125,
        "14":0.1581451885,
        "15":0.1513671817,
        "16":0.158349151,
        "17":0.1542551003,
        "18":0.1522782555,
        "19":0.1569057292,
        "20":0.1613878999,
        "21":0.1518924118,
        "22":0.1568551749,
        "23":0.154088942,
        "24":0.1519042474,
        "25":0.1494800415,
        "26":0.1523052886,
        "27":0.1598985194,
        "28":0.1515693266,
        "29":0.1476969844,
        "30":0.1603585588,
        "31":0.1573444184,
        "32":0.1503563954,
        "33":0.1518564617,
        "34":0.1515670816,
        "35":0.1541722766,
        "36":0.1565589671,
        "37":0.1536770325,
        "38":0.1551639033,
        "39":0.1608027927,
        "40":0.1517553942,
        "41":0.1502348728,
        "42":0.1526817642,
        "43":0.1589035684,
        "44":0.1497077524,
        "45":0.1559960111,
        "46":0.1522066507,
        "47":0.1557919706,
        "48":0.1497795039,
        "49":0.1523273018
    },
    "std":{
        "-30":0.0044310803,
        "-29":0.0046453622,
        "-28":0.0029744277,
        "-27":0.0043201295,
        "-26":0.0033858917,
        "-25":0.0043014039,
        "-24":0.0037433624,
        "-23":0.0031666978,
        "-22":0.0038713494,
        "-21":0.0038253974,
        "-20":0.0036191582,
        "-19":0.003262993,
        "-18":0.003444753,
        "-17":0.0039909751,
        "-16":0.0036563313,
        "-15":0.0045411419,
        "-14":0.0046330615,
        "-13":0.004018148,
        "-12":0.0037022202,
        "-11":0.0034467571,
        "-10":0.0047118793,
        "-9":0.0036730089,
        "-8":0.0041330897,
        "-7":0.0044002211,
        "-6":0.0044323632,
        "-5":0.0045040058,
        "-4":0.0053224163,
        "-3":0.0049586659,
        "-2":0.0041585637,
        "-1":0.0052280486,
        "0":0.0033570601,
        "1":0.0060497293,
        "2":0.0040003993,
        "3":0.0055675303,
        "4":0.0037300063,
        "5":0.0046365247,
        "6":0.003965013,
        "7":0.0045295891,
        "8":0.0035267828,
        "9":0.0054050681,
        "10":0.004845326,
        "11":0.0041547662,
        "12":0.0046734538,
        "13":0.0033512597,
        "14":0.0053734752,
        "15":0.0052554488,
        "16":0.0052212957,
        "17":0.004265634,
        "18":0.0027826198,
        "19":0.0039173859,
        "20":0.0033579518,
        "21":0.0021136611,
        "22":0.0025684277,
        "23":0.0039684077,
        "24":0.0034026793,
        "25":0.0044069145,
        "26":0.0028542645,
        "27":0.0032610565,
        "28":0.0034187141,
        "29":0.0031851369,
        "30":0.0040332644,
        "31":0.0042181115,
        "32":0.0029939851,
        "33":0.0035895485,
        "34":0.0039472343,
        "35":0.0038030437,
        "36":0.0043261247,
        "37":0.0031083398,
        "38":0.00504572,
        "39":0.0041090202,
        "40":0.0030867568,
        "41":0.003566395,
        "42":0.0039817911,
        "43":0.0033602491,
        "44":0.0030880016,
        "45":0.0034822921,
        "46":0.0039253937,
        "47":0.0047623778,
        "48":0.0038312527,
        "49":0.0041950891
    }
}