{
    "data":{
        "-30":0.1624226643,
        "-29":0.1594744165,
        "-28":0.1528056339,
        "-27":0.1610853459,
        "-26":0.1586489643,
        "-25":0.1615562375,
        "-24":0.160074706,
        "-23":0.1621730766,
        "-22":0.1638879353,
        "-21":0.1605984827,
        "-20":0.1628496611,
        "-19":0.1637127741,
        "-18":0.163631213,
        "-17":0.1648937574,
        "-16":0.1583571922,
        "-15":0.1693035232,
        "-14":0.1624879371,
        "-13":0.1666356828,
        "-12":0.1675753914,
        "-11":0.1710827039,
        "-10":0.1633519221,
        "-9":0.1587191069,
        "-8":0.1662089693,
        "-7":0.1663894197,
        "-6":0.1675528718,
        "-5":0.1621553621,
        "-4":0.1639423937,
        "-3":0.1690109347,
        "-2":0.1633955886,
        "-1":0.1635776221,
        "0":0.1645701997,
        "1":0.1623358844,
        "2":0.1625412949,
        "3":0.1678370361,
        "4":0.1649530936,
        "5":0.1617566022,
        "6":0.1634634952,
        "7":0.1675439228,
        "8":0.170848828,
        "9":0.1702434295,
        "10":0.1683772454,
        "11":0.1711185701,
        "12":0.1685199619,
        "13":0.1713575275,
        "14":0.165297284,
        "15":0.1627751797,
        "16":0.1677902882,
        "17":0.1724380852,
        "18":0.1690466588,
        "19":0.1687211198,
        "20":0.1655241313,
        "21":0.1613949757,
        "22":0.1684598716,
        "23":0.1619180304,
        "24":0.1735638312,
        "25":0.1667173811,
        "26":0.1642272103,
        "27":0.1691989868,
        "28":0.1638099985,
        "29":0.1604299095,
        "30":0.1596122748,
        "31":0.160999293,
        "32":0.1637293508,
        "33":0.1607239071,
        "34":0.159389164,
        "35":0.1613352628,
        "36":0.1608641279,
        "37":0.1621197583,
        "38":0.1633952755,
        "39":0.1586486374,
        "40":0.1635736908,
        "41":0.1580346034,
        "42":0.1625936951,
        "43":0.1673362683,
        "44":0.1626947064,
        "45":0.1629480136,
        "46":0.1559127804,
        "47":0.1603783465,
        "48":0.1638378477,
        "49":0.1532741634
    },
    "std":{
        "-30":0.0063448924,
        "-29":0.0061393405,
        "-28":0.0061893726,
        "-27":0.0075304438,
        "-26":0.0066543756,
        "-25":0.0055161095,
        "-24":0.0072365146,
        "-23":0.0056060194,
        "-22":0.0072917162,
        "-21":0.0045509258,
        "-20":0.0068683399,
        "-19":0.0058979903,
        "-18":0.0059871461,
        "-17":0.0068867389,
        "-16":0.0056800072,
        "-15":0.0058275444,
        "-14":0.0062186468,
        "-13":0.0062525424,
        "-12":0.0081209883,
        "-11":0.0079141554,
        "-10":0.0076230555,
        "-9":0.0057995464,
        "-8":0.0071330239,
        "-7":0.0067666527,
        "-6":0.0084959104,
        "-5":0.0079361052,
        "-4":0.0066398443,
        "-3":0.0072037411,
        "-2":0.0056868952,
        "-1":0.0067423626,
        "0":0.0061603506,
        "1":0.0059997685,
        "2":0.007716128,
        "3":0.0085872279,
        "4":0.0080326353,
        "5":0.0075890698,
        "6":0.0071826749,
        "7":0.009036338,
        "8":0.0090645427,
        "9":0.0099894568,
        "10":0.0086570066,
        "11":0.0113575915,
        "12":0.0122683723,
        "13":0.0101261924,
        "14":0.0089864069,
        "15":0.0105982151,
        "16":0.0117696978,
        "17":0.0094541498,
        "18":0.0082795759,
        "19":0.0086282004,
        "20":0.0080661946,
        "21":0.0076703343,
        "22":0.0069165909,
        "23":0.0096150121,
        "24":0.009282598,
        "25":0.0085907971,
        "26":0.0093792412,
        "27":0.0091141213,
        "28":0.0054813709,
        "29":0.0086508805,
        "30":0.0056749521,
        "31":0.0061097934,
        "32":0.0077415628,
        "33":0.0057733505,
        "34":0.0060489552,
        "35":0.0056232453,
        "36":0.0055059593,
        "37":0.0073675851,
        "38":0.0083441202,
        "39":0.0083968297,
        "40":0.0076162461,
        "41":0.0085220641,
        "42":0.0089880191,
        "43":0.0089488294,
        "44":0.007399948,
        "45":0.0078222054,
        "46":0.0063970993,
        "47":0.0066133418,
        "48":0.0053550703,
        "49":0.0060439547
    }
}