{
    "data":{
        "-30":0.3664292386,
        "-29":0.3736660605,
        "-28":0.3720745232,
        "-27":0.3718099417,
        "-26":0.3734435003,
        "-25":0.3715949208,
        "-24":0.3736389816,
        "-23":0.3760674024,
        "-22":0.3752359682,
        "-21":0.3804339424,
        "-20":0.3820635099,
        "-19":0.3790878243,
        "-18":0.366621584,
        "-17":0.3837395648,
        "-16":0.3758528174,
        "-15":0.3701400518,
        "-14":0.3729693753,
        "-13":0.375258888,
        "-12":0.3774696165,
        "-11":0.3743385361,
        "-10":0.356839541,
        "-9":0.369148605,
        "-8":0.3804625717,
        "-7":0.3737420338,
        "-6":0.3742449316,
        "-5":0.3772092793,
        "-4":0.3734047477,
        "-3":0.3757628694,
        "-2":0.3804349211,
        "-1":0.373037446,
        "0":0.371194054,
        "1":0.3832314768,
        "2":0.3802359947,
        "3":0.3701892444,
        "4":0.3770982634,
        "5":0.370655834,
        "6":0.3710554806,
        "7":0.3788312591,
        "8":0.3753032276,
        "9":0.3787886558,
        "10":0.3877604715,
        "11":0.3802504884,
        "12":0.3735100985,
        "13":0.3874069194,
        "14":0.3773853441,
        "15":0.3775896523,
        "16":0.3831649049,
        "17":0.3816060745,
        "18":0.3904289424,
        "19":0.3853853009,
        "20":0.3943923769,
        "21":0.3943646698,
        "22":0.3829035357,
        "23":0.3871879992,
        "24":0.3904245023,
        "25":0.3912228558,
        "26":0.3852822175,
        "27":0.3815794912,
        "28":0.3877891627,
        "29":0.3881271115,
        "30":0.3768970349,
        "31":0.387432361,
        "32":0.3901763366,
        "33":0.3797546484,
        "34":0.3807835582,
        "35":0.3784834688,
        "36":0.3863111714,
        "37":0.375284907,
        "38":0.3723669167,
        "39":0.3755822492,
        "40":0.3736857364,
        "41":0.3742682268,
        "42":0.3773594242,
        "43":0.3785108755,
        "44":0.3741630509,
        "45":0.3858740974,
        "46":0.3784131952,
        "47":0.3694595627,
        "48":0.3735429447,
        "49":0.3717764371
    },
    "std":{
        "-30":0.0164855947,
        "-29":0.0158545587,
        "-28":0.0144030793,
        "-27":0.013489808,
        "-26":0.0111446211,
        "-25":0.0118999976,
        "-24":0.0123671877,
        "-23":0.0133874519,
        "-22":0.0153788732,
        "-21":0.013356968,
        "-20":0.01367456,
        "-19":0.0125480873,
        "-18":0.012912527,
        "-17":0.0102693605,
        "-16":0.014780475,
        "-15":0.0122342069,
        "-14":0.0124927496,
        "-13":0.0125171234,
        "-12":0.0115534085,
        "-11":0.0145560655,
        "-10":0.0109937694,
        "-9":0.0132426489,
        "-8":0.0101388363,
        "-7":0.0111942545,
        "-6":0.0104273982,
        "-5":0.0102450192,
        "-4":0.012601249,
        "-3":0.0123693156,
        "-2":0.0122248092,
        "-1":0.0113500957,
        "0":0.0121422952,
        "1":0.0115731999,
        "2":0.0119479619,
        "3":0.012339317,
        "4":0.0115383676,
        "5":0.010420995,
        "6":0.0115703472,
        "7":0.0145900538,
        "8":0.0147781057,
        "9":0.0138225924,
        "10":0.0166658979,
        "11":0.0163476392,
        "12":0.017455953,
        "13":0.0142583155,
        "14":0.01638436,
        "15":0.017533135,
        "16":0.0166748004,
        "17":0.0179106981,
        "18":0.0197893736,
        "19":0.0184758143,
        "20":0.0197458963,
        "21":0.0196655882,
        "22":0.0186061594,
        "23":0.0211371835,
        "24":0.0209558956,
        "25":0.0214546737,
        "26":0.0207838157,
        "27":0.0199750946,
        "28":0.0220953412,
        "29":0.0204302896,
        "30":0.0188696031,
        "31":0.0191536451,
        "32":0.0195915224,
        "33":0.019780587,
        "34":0.0210285907,
        "35":0.019440451,
        "36":0.020092986,
        "37":0.0186460573,
        "38":0.0175914715,
        "39":0.0166462696,
        "40":0.016156706,
        "41":0.0166956661,
        "42":0.0172157696,
        "43":0.0150244764,
        "44":0.016715999,
        "45":0.0169972437,
        "46":0.0155917579,
        "47":0.0174045261,
        "48":0.015658127,
        "49":0.0153755723
    }
}