{
    "data":{
        "-30":0.260326165,
        "-29":0.2638073806,
        "-28":0.2560804199,
        "-27":0.2681678175,
        "-26":0.2672885144,
        "-25":0.2558424553,
        "-24":0.2596514637,
        "-23":0.2631894462,
        "-22":0.2545028494,
        "-21":0.2548313387,
        "-20":0.2590372986,
        "-19":0.2533916651,
        "-18":0.2544857021,
        "-17":0.2592807702,
        "-16":0.2567465295,
        "-15":0.2571115907,
        "-14":0.2561345921,
        "-13":0.2532851252,
        "-12":0.2521580313,
        "-11":0.2554886285,
        "-10":0.2588916541,
        "-9":0.2619928641,
        "-8":0.2556362772,
        "-7":0.2548774518,
        "-6":0.2560555542,
        "-5":0.2569648853,
        "-4":0.2547598578,
        "-3":0.261200665,
        "-2":0.2546700621,
        "-1":0.2573690534,
        "0":0.2620199371,
        "1":0.2569699512,
        "2":0.258154746,
        "3":0.2560741126,
        "4":0.2609708898,
        "5":0.2578938867,
        "6":0.2550563341,
        "7":0.2509533202,
        "8":0.2559634598,
        "9":0.2497663813,
        "10":0.2583390873,
        "11":0.253268009,
        "12":0.2488129072,
        "13":0.2482884293,
        "14":0.2547112694,
        "15":0.2580726128,
        "16":0.2509502187,
        "17":0.2543882915,
        "18":0.2545546147,
        "19":0.2520286163,
        "20":0.2484773988,
        "21":0.2539883085,
        "22":0.2537572357,
        "23":0.2616102476,
        "24":0.252095136,
        "25":0.2519084481,
        "26":0.2632603194,
        "27":0.2618993133,
        "28":0.2547897707,
        "29":0.2554722745,
        "30":0.2590977928,
        "31":0.2539543925,
        "32":0.2558675404,
        "33":0.2543972192,
        "34":0.2529778686,
        "35":0.254285616,
        "36":0.2528863709,
        "37":0.2578842424,
        "38":0.2683441731,
        "39":0.2589811688,
        "40":0.2586812413,
        "41":0.2564265635,
        "42":0.2558962261,
        "43":0.2545238027,
        "44":0.2569006541,
        "45":0.2544794231,
        "46":0.2592540457,
        "47":0.2536047844,
        "48":0.255041088,
        "49":0.2518730126
    },
    "std":{
        "-30":0.0056679182,
        "-29":0.0070161059,
        "-28":0.0084967031,
        "-27":0.0073659558,
        "-26":0.0071928809,
        "-25":0.0068511894,
        "-24":0.0078131556,
        "-23":0.0067962896,
        "-22":0.0078199864,
        "-21":0.0074399226,
        "-20":0.0062510708,
        "-19":0.0070534997,
        "-18":0.0070108999,
        "-17":0.0065368335,
        "-16":0.0061473492,
        "-15":0.0068877369,
        "-14":0.0064194148,
        "-13":0.0061814908,
        "-12":0.006433595,
        "-11":0.0060093202,
        "-10":0.0056386054,
        "-9":0.0056284787,
        "-8":0.0057810856,
        "-7":0.0045918805,
        "-6":0.0051034001,
        "-5":0.0045046863,
        "-4":0.0059420696,
        "-3":0.0055877206,
        "-2":0.0061228023,
        "-1":0.0057003449,
        "0":0.0063997192,
        "1":0.0057176807,
        "2":0.0051915782,
        "3":0.0049009974,
        "4":0.0066485478,
        "5":0.0057710716,
        "6":0.0042419613,
        "7":0.0059281192,
        "8":0.0051991927,
        "9":0.0048299606,
        "10":0.0066724704,
        "11":0.0058639473,
        "12":0.005557284,
        "13":0.0045458339,
        "14":0.006681271,
        "15":0.0049801366,
        "16":0.0055637001,
        "17":0.0047565046,
        "18":0.006120927,
        "19":0.0044433334,
        "20":0.0064999483,
        "21":0.0058408045,
        "22":0.0059701773,
        "23":0.0056019981,
        "24":0.0048590344,
        "25":0.0051118869,
        "26":0.0054830567,
        "27":0.0056525814,
        "28":0.0051692386,
        "29":0.0075389455,
        "30":0.0053057745,
        "31":0.0057668941,
        "32":0.0063774791,
        "33":0.0052017094,
        "34":0.0056653021,
        "35":0.0061268459,
        "36":0.0059323107,
        "37":0.0057001315,
        "38":0.0063046335,
        "39":0.0062998453,
        "40":0.0069527032,
        "41":0.0069895919,
        "42":0.0055900435,
        "43":0.0064122711,
        "44":0.0059135764,
        "45":0.0070627935,
        "46":0.006240869,
        "47":0.005732926,
        "48":0.0057477455,
        "49":0.0060721496
    }
}